o BlueBarrel
g BlueBarrel
v -0.285977 -0.422169 0.108457
v -0.285977 -0.153827 0.108457
v -0.303623 -0.153827 0.036867
v -0.303623 -0.422169 0.036867
v 0.202817 -0.422169 -0.228934
v 0.202817 -0.153827 -0.228934
v 0.251712 -0.153827 -0.173744
v 0.251712 -0.422169 -0.173744
v -0.073195 -0.422169 -0.296965
v -0.073195 -0.153827 -0.296965
v 0.000000 -0.153827 -0.305852
v 0.000000 -0.422169 -0.305852
v 0.202818 -0.422169 0.228934
v 0.202818 -0.153827 0.228934
v 0.142137 -0.153827 0.270819
v 0.142137 -0.422169 0.270819
v 0.285977 -0.153827 -0.108457
v 0.285977 -0.422169 -0.108457
v 0.000000 -0.422169 -0.305852
v 0.000000 -0.153827 -0.305852
v 0.073195 -0.153827 -0.296965
v 0.073195 -0.422169 -0.296965
v 0.073195 -0.153827 0.296965
v 0.073195 -0.422169 0.296965
v -0.202818 0.168296 0.228934
v -0.202818 0.441232 0.228934
v -0.251712 0.441232 0.173744
v -0.251712 0.168296 0.173744
v 0.073195 0.168297 -0.296965
v 0.073195 0.441232 -0.296965
v 0.142136 0.441232 -0.270819
v 0.142136 0.168297 -0.270819
v -0.202818 0.168297 -0.228934
v -0.202818 0.441232 -0.228933
v -0.142137 0.441232 -0.270819
v -0.142137 0.168297 -0.270819
v 0.285977 0.168297 0.108457
v 0.285977 0.441232 0.108457
v 0.251712 0.441232 0.173744
v 0.251712 0.168296 0.173744
v -0.142137 0.168296 0.270819
v -0.142137 0.441232 0.270819
v -0.251712 0.168297 -0.173744
v -0.251712 0.441232 -0.173744
v -0.073195 0.144437 -0.296965
v -0.073195 -0.129635 -0.296965
v -0.142137 -0.129635 -0.270819
v -0.142137 0.144437 -0.270819
v 0.303623 0.168297 0.036866
v 0.303623 0.441232 0.036867
v -0.073195 0.168296 0.296965
v -0.073195 0.441232 0.296965
v -0.285977 0.168297 -0.108456
v -0.285977 0.441232 -0.108456
v 0.303623 0.168297 -0.036866
v 0.303623 0.441232 -0.036866
v 0.000000 0.168296 0.305853
v 0.000000 0.441232 0.305853
v -0.303623 0.168297 -0.036866
v -0.303623 0.441232 -0.036866
v 0.285977 0.168297 -0.108457
v 0.285977 0.441232 -0.108457
v 0.073195 0.168296 0.296965
v 0.073195 0.441232 0.296965
v -0.285977 0.144437 0.108457
v -0.285977 -0.129635 0.108457
v -0.251712 -0.129635 0.173744
v -0.251712 0.144437 0.173744
v 0.202817 0.144437 -0.228934
v 0.202817 -0.129635 -0.228934
v 0.142136 -0.129635 -0.270819
v 0.142136 0.144437 -0.270819
v 0.202818 0.144437 0.228934
v 0.202818 -0.129635 0.228934
v 0.251712 -0.129635 0.173744
v 0.251712 0.144437 0.173744
v 0.202818 0.441232 0.228934
v 0.202818 0.168296 0.228934
v 0.202817 0.441232 -0.228934
v 0.202817 0.168297 -0.228934
v -0.285977 0.441232 0.108457
v -0.285977 0.168297 0.108457
v 0.000000 0.144437 0.305853
v 0.000000 -0.129635 0.305853
v 0.073195 -0.129635 0.296965
v 0.073195 0.144437 0.296965
v 0.303623 0.144437 -0.036866
v 0.303623 -0.129635 -0.036867
v 0.285977 -0.129635 -0.108457
v 0.285977 0.144437 -0.108457
v -0.285977 0.144437 -0.108456
v -0.285977 -0.129635 -0.108457
v -0.303623 -0.129635 -0.036866
v -0.303623 0.144437 -0.036866
v -0.073195 0.144437 0.296965
v -0.073195 -0.129635 0.296965
v 0.303623 0.144437 0.036866
v 0.303623 -0.129635 0.036866
v -0.251712 0.144437 -0.173744
v -0.251712 -0.129635 -0.173744
v -0.142137 0.144437 0.270819
v -0.142137 -0.129635 0.270819
v 0.285977 0.144437 0.108457
v 0.285977 -0.129635 0.108457
v -0.073195 0.441232 -0.296965
v -0.073195 0.168297 -0.296965
v -0.202818 0.144437 -0.228934
v -0.202818 -0.129635 -0.228934
v -0.202818 0.144437 0.228934
v -0.202818 -0.129635 0.228934
v 0.073195 -0.129635 -0.296965
v 0.073195 0.144437 -0.296965
v 0.142137 -0.129635 0.270819
v 0.142137 0.144437 0.270819
v 0.000000 -0.129635 -0.305852
v 0.000000 0.144437 -0.305852
v 0.251712 -0.129635 -0.173744
v 0.251712 0.144437 -0.173744
v 0.142137 0.168296 0.270819
v 0.142137 0.441232 0.270819
v 0.000000 0.168297 -0.305852
v 0.000000 0.441232 -0.305852
v 0.251712 0.168297 -0.173744
v 0.251712 0.441232 -0.173744
v -0.303623 -0.153827 -0.036866
v -0.303623 -0.422169 -0.036866
v -0.303623 0.144437 0.036867
v -0.303623 -0.129635 0.036867
v 0.000000 -0.153827 0.305853
v 0.000000 -0.422169 0.305853
v 0.303623 -0.153827 -0.036867
v 0.303623 -0.422169 -0.036867
v -0.285977 -0.153827 -0.108457
v -0.285977 -0.422169 -0.108457
v -0.073195 -0.153827 0.296965
v -0.073195 -0.422169 0.296965
v 0.303623 -0.153827 0.036866
v 0.303623 -0.422169 0.036866
v -0.251712 -0.153827 -0.173744
v -0.251712 -0.422169 -0.173744
v -0.142137 -0.153827 0.270819
v -0.142137 -0.422169 0.270819
v 0.285977 -0.153827 0.108457
v 0.285977 -0.422169 0.108457
v -0.202818 -0.153827 -0.228934
v -0.202818 -0.422169 -0.228934
v 0.000000 0.144437 -0.305852
v 0.000000 -0.129635 -0.305852
v -0.202818 -0.153827 0.228934
v -0.202818 -0.422169 0.228934
v 0.251712 -0.153827 0.173744
v 0.251712 -0.422169 0.173744
v -0.142137 -0.153827 -0.270819
v -0.142137 -0.422169 -0.270819
v 0.142136 -0.153827 -0.270819
v 0.142136 -0.422169 -0.270819
v -0.251712 -0.153827 0.173744
v -0.251712 -0.422169 0.173744
v 0.000000 0.441232 -0.305852
v 0.000000 0.168297 -0.305852
v -0.303623 0.441232 0.036867
v -0.303623 0.168297 0.036867
v 0.075504 0.148352 0.306331
v 0.073195 0.144437 0.296965
v 0.142137 0.144437 0.270819
v 0.146620 0.148352 0.279361
v 0.202818 0.144437 0.228934
v 0.209215 0.148352 0.236154
v 0.146620 -0.133717 0.279361
v 0.142137 -0.129635 0.270819
v 0.073195 -0.129635 0.296965
v 0.075504 -0.133717 0.306331
v 0.209215 -0.133717 0.236154
v 0.202818 -0.129635 0.228934
v 0.294996 0.148352 -0.111877
v 0.285977 0.144437 -0.108457
v 0.251712 0.144437 -0.173744
v 0.259650 0.148353 -0.179224
v 0.202817 0.144437 -0.228934
v 0.209214 0.148353 -0.236154
v 0.259650 -0.133717 -0.179224
v 0.251712 -0.129635 -0.173744
v 0.285977 -0.129635 -0.108457
v 0.294996 -0.133717 -0.111878
v 0.209214 -0.133717 -0.236154
v 0.202817 -0.129635 -0.228934
v -0.313199 0.148352 -0.038029
v -0.303623 0.144437 -0.036866
v -0.303623 0.144437 0.036867
v -0.313199 0.148352 0.038029
v -0.285977 0.144437 0.108457
v -0.294997 0.148352 0.111878
v -0.313198 -0.133717 0.038029
v -0.303623 -0.129635 0.036867
v -0.303623 -0.129635 -0.036866
v -0.313198 -0.133717 -0.038029
v -0.294997 -0.133717 0.111878
v -0.285977 -0.129635 0.108457
v 0.000000 0.148352 0.315499
v 0.000000 0.144437 0.305853
v 0.000000 -0.129635 0.305853
v 0.000000 -0.133717 0.315499
v 0.000000 0.168296 0.305853
v 0.000000 0.164381 0.315499
v 0.075504 0.164381 0.306331
v 0.073195 0.168296 0.296965
v 0.313199 0.148352 -0.038029
v 0.303623 0.144437 -0.036866
v 0.073195 -0.153827 0.296965
v 0.075504 -0.149745 0.306331
v 0.000000 -0.149745 0.315499
v 0.000000 -0.153827 0.305853
v 0.303623 -0.129635 -0.036867
v 0.313199 -0.133717 -0.038029
v 0.303623 0.168297 -0.036866
v 0.313199 0.164381 -0.038029
v 0.294996 0.164381 -0.111877
v 0.285977 0.168297 -0.108457
v -0.294997 0.148352 -0.111877
v -0.285977 0.144437 -0.108456
v 0.285977 -0.153827 -0.108457
v 0.294996 -0.149745 -0.111878
v 0.313199 -0.149745 -0.038029
v 0.303623 -0.153827 -0.036867
v -0.285977 -0.129635 -0.108457
v -0.294997 -0.133717 -0.111877
v -0.285977 0.168297 -0.108456
v -0.294997 0.164381 -0.111877
v -0.313199 0.164381 -0.038029
v -0.303623 0.168297 -0.036866
v -0.075504 0.148352 0.306331
v -0.073195 0.144437 0.296965
v -0.303623 -0.153827 -0.036866
v -0.313198 -0.149745 -0.038029
v -0.294997 -0.149745 -0.111877
v -0.285977 -0.153827 -0.108457
v -0.073195 -0.129635 0.296965
v -0.075504 -0.133717 0.306331
v -0.073195 0.168296 0.296965
v -0.075504 0.164381 0.306331
v 0.313199 0.148352 0.038029
v 0.303623 0.144437 0.036866
v -0.075504 -0.149745 0.306331
v -0.073195 -0.153827 0.296965
v 0.303623 -0.129635 0.036866
v 0.313199 -0.133717 0.038029
v 0.303623 0.168297 0.036866
v 0.313199 0.164381 0.038029
v -0.259650 0.148353 -0.179223
v -0.251712 0.144437 -0.173744
v 0.313199 -0.149745 0.038029
v 0.303623 -0.153827 0.036866
v -0.251712 -0.129635 -0.173744
v -0.259650 -0.133717 -0.179224
v -0.251712 0.168297 -0.173744
v -0.259650 0.164381 -0.179223
v -0.146620 0.148352 0.279361
v -0.142137 0.144437 0.270819
v -0.259650 -0.149745 -0.179224
v -0.251712 -0.153827 -0.173744
v -0.142137 -0.129635 0.270819
v -0.146620 -0.133717 0.279361
v -0.142137 0.168296 0.270819
v -0.146620 0.164381 0.279361
v 0.294997 0.148352 0.111878
v 0.285977 0.144437 0.108457
v -0.146620 -0.149745 0.279361
v -0.142137 -0.153827 0.270819
v 0.285977 -0.129635 0.108457
v 0.294997 -0.133717 0.111877
v 0.285977 0.168297 0.108457
v 0.294997 0.164381 0.111878
v -0.209214 0.148353 -0.236154
v -0.202818 0.144437 -0.228934
v 0.294997 -0.149745 0.111877
v 0.285977 -0.153827 0.108457
v -0.202818 -0.129635 -0.228934
v -0.209214 -0.133717 -0.236154
v -0.202818 0.168297 -0.228934
v -0.209214 0.164381 -0.236154
v 0.075503 0.148353 -0.306331
v 0.073195 0.144437 -0.296965
v 0.000000 0.144437 -0.305852
v 0.000000 0.148353 -0.315499
v 0.000000 0.148353 -0.315499
v 0.000000 0.144437 -0.305852
v -0.073195 0.144437 -0.296965
v -0.075504 0.148353 -0.306331
v 0.000000 -0.133717 -0.315499
v 0.000000 -0.129635 -0.305852
v 0.073195 -0.129635 -0.296965
v 0.075503 -0.133717 -0.306331
v -0.075504 -0.133717 -0.306331
v -0.073195 -0.129635 -0.296965
v 0.000000 -0.129635 -0.305852
v 0.000000 -0.133717 -0.315499
v -0.209214 0.148352 0.236155
v -0.202818 0.144437 0.228934
v -0.209214 -0.149745 -0.236154
v -0.202818 -0.153827 -0.228934
v -0.202818 -0.129635 0.228934
v -0.209214 -0.133717 0.236155
v -0.202818 0.168296 0.228934
v -0.209214 0.164381 0.236155
v 0.259651 0.148352 0.179224
v 0.251712 0.144437 0.173744
v -0.209214 -0.149745 0.236155
v -0.202818 -0.153827 0.228934
v 0.251712 -0.129635 0.173744
v 0.259651 -0.133717 0.179224
v 0.251712 0.168296 0.173744
v 0.259651 0.164381 0.179224
v -0.146620 0.148353 -0.279360
v -0.142137 0.144437 -0.270819
v 0.259651 -0.149745 0.179224
v 0.251712 -0.153827 0.173744
v -0.142137 -0.129635 -0.270819
v -0.146620 -0.133717 -0.279360
v -0.142137 0.168297 -0.270819
v -0.146620 0.164381 -0.279360
v 0.146619 0.148353 -0.279360
v 0.142136 0.144437 -0.270819
v -0.146620 -0.149745 -0.279360
v -0.142137 -0.153827 -0.270819
v 0.142136 -0.129635 -0.270819
v 0.146619 -0.133717 -0.279360
v 0.142136 0.168297 -0.270819
v 0.146619 0.164381 -0.279360
v 0.075503 0.164381 -0.306331
v 0.073195 0.168297 -0.296965
v -0.259650 0.148352 0.179224
v -0.251712 0.144437 0.173744
v 0.073195 -0.153827 -0.296965
v 0.075503 -0.149745 -0.306331
v 0.146619 -0.149745 -0.279360
v 0.142136 -0.153827 -0.270819
v -0.251712 -0.129635 0.173744
v -0.259650 -0.133717 0.179224
v -0.251712 0.168296 0.173744
v -0.259650 0.164381 0.179224
v -0.259650 -0.149745 0.179224
v -0.251712 -0.153827 0.173744
v 0.202818 0.168296 0.228934
v 0.209215 0.164381 0.236154
v 0.142137 0.168296 0.270819
v 0.146620 0.164381 0.279361
v -0.073195 0.168297 -0.296965
v -0.075504 0.164381 -0.306331
v 0.000000 0.168297 -0.305852
v 0.000000 0.164381 -0.315499
v 0.202817 0.168297 -0.228934
v 0.209214 0.164381 -0.236154
v 0.251712 0.168297 -0.173744
v 0.259650 0.164381 -0.179224
v -0.285977 0.168297 0.108457
v -0.294997 0.164381 0.111878
v 0.202818 -0.153827 0.228934
v 0.209215 -0.149745 0.236154
v 0.146620 -0.149745 0.279361
v 0.142137 -0.153827 0.270819
v 0.000000 0.164381 -0.315499
v 0.000000 0.168297 -0.305852
v -0.073195 -0.153827 -0.296965
v -0.075504 -0.149745 -0.306331
v 0.000000 -0.149745 -0.315499
v 0.000000 -0.153827 -0.305852
v 0.000000 -0.153827 -0.305852
v 0.000000 -0.149745 -0.315499
v 0.202817 -0.153827 -0.228934
v 0.209214 -0.149745 -0.236154
v 0.259650 -0.149745 -0.179224
v 0.251712 -0.153827 -0.173744
v -0.313199 0.164381 0.038029
v -0.303623 0.168297 0.036867
v -0.285977 -0.153827 0.108457
v -0.294997 -0.149745 0.111878
v -0.313198 -0.149745 0.038029
v -0.303623 -0.153827 0.036867
v 0.148386 0.156367 0.282726
v 0.076414 0.156367 0.310022
v 0.076414 -0.141731 0.310022
v 0.148386 -0.141731 0.282726
v 0.262778 0.156367 -0.181383
v 0.298550 0.156367 -0.113225
v 0.298550 -0.141731 -0.113225
v 0.262778 -0.141731 -0.181383
v -0.316972 0.156367 0.038488
v -0.316972 0.156367 -0.038487
v -0.316972 -0.141731 -0.038487
v -0.316972 -0.141731 0.038488
v 0.000000 0.156367 0.319300
v 0.000000 -0.141731 0.319300
v 0.316972 0.156367 -0.038487
v 0.316972 -0.141731 -0.038487
v -0.298550 0.156367 -0.113225
v -0.298550 -0.141731 -0.113225
v -0.076413 0.156367 0.310022
v -0.076413 -0.141731 0.310022
v 0.316972 0.156367 0.038487
v 0.316972 -0.141731 0.038487
v -0.262778 0.156367 -0.181383
v -0.262778 -0.141731 -0.181383
v -0.148386 0.156367 0.282726
v -0.148386 -0.141731 0.282726
v 0.298551 0.156367 0.113225
v 0.298551 -0.141731 0.113225
v -0.211735 0.156367 -0.238999
v -0.211735 -0.141731 -0.238999
v 0.000000 0.156367 -0.319299
v 0.076413 0.156367 -0.310021
v 0.076413 -0.141731 -0.310021
v 0.000000 -0.141731 -0.319299
v -0.211735 0.156367 0.239000
v -0.211735 -0.141731 0.238999
v 0.262779 0.156367 0.181383
v 0.262779 -0.141731 0.181383
v -0.148386 0.156367 -0.282725
v -0.148386 -0.141731 -0.282726
v 0.148386 0.156367 -0.282726
v 0.148386 -0.141731 -0.282726
v -0.262778 0.156367 0.181383
v -0.262778 -0.141731 0.181383
v 0.211735 0.156367 0.238999
v 0.211735 -0.141731 0.238999
v -0.076413 0.156367 -0.310021
v -0.076413 -0.141731 -0.310021
v 0.211735 0.156367 -0.238999
v 0.211735 -0.141731 -0.238999
v -0.298550 0.156367 0.113226
v -0.298550 -0.141731 0.113225
v 0.000000 0.156367 -0.319299
v 0.000000 -0.141731 -0.319299
v 0.142136 0.441232 -0.270819
v 0.073195 0.441232 -0.296965
v 0.074556 0.442722 -0.302489
v 0.075525 0.447245 -0.306417
v 0.075761 0.454239 -0.307376
v 0.147120 0.454239 -0.280313
v 0.000000 0.454239 -0.316575
v 0.075761 0.454239 -0.307376
v 0.075525 0.447245 -0.306417
v 0.296003 0.454239 -0.112259
v 0.289632 0.462438 -0.109843
v 0.307504 0.462438 -0.037338
v 0.314267 0.454239 -0.038159
v 0.075762 0.454239 0.307377
v 0.074131 0.462438 0.300761
v 0.000000 0.462438 0.309763
v 0.000000 0.454239 0.316576
v -0.314267 0.454239 0.038159
v -0.307504 0.462438 0.037338
v -0.307504 0.462438 -0.037337
v -0.314267 0.454239 -0.038159
v 0.260536 0.454239 -0.179835
v 0.254929 0.462438 -0.175965
v 0.147120 0.454239 0.280314
v 0.143954 0.462438 0.274281
v -0.296003 0.454239 0.112260
v -0.289633 0.462438 0.109844
v 0.209928 0.454239 -0.236960
v 0.205410 0.462438 -0.231860
v -0.075761 0.454239 -0.307376
v -0.074131 0.462438 -0.300761
v 0.000000 0.462438 -0.309762
v 0.209928 0.454239 0.236960
v 0.205410 0.462438 0.231861
v -0.260536 0.454239 0.179836
v -0.254929 0.462438 0.175965
v 0.143953 0.462438 -0.274280
v -0.147120 0.454239 -0.280313
v -0.143954 0.462438 -0.274280
v 0.260537 0.454239 0.179836
v 0.254929 0.462438 0.175965
v -0.209928 0.454239 0.236961
v -0.205410 0.462438 0.231861
v 0.074131 0.462438 -0.300761
v -0.209928 0.454239 -0.236960
v -0.205410 0.462438 -0.231860
v 0.296003 0.454239 0.112259
v 0.289633 0.462438 0.109843
v -0.147120 0.454239 0.280314
v -0.143954 0.462438 0.274281
v 0.074131 0.462438 -0.300761
v -0.260536 0.454239 -0.179835
v -0.254929 0.462438 -0.175964
v 0.314267 0.454239 0.038159
v 0.307504 0.462438 0.037338
v -0.075761 0.454239 0.307377
v -0.074131 0.462438 0.300761
v -0.296003 0.454239 -0.112259
v -0.289633 0.462438 -0.109843
v -0.285329 0.457913 0.034646
v -0.285329 0.433365 0.034646
v -0.285329 0.433365 -0.034645
v -0.285329 0.457913 -0.034645
v 0.236545 0.457913 -0.163276
v 0.236545 0.433365 -0.163276
v 0.268746 0.433365 -0.101922
v 0.268746 0.457913 -0.101922
v 0.133573 0.457913 0.254502
v 0.133573 0.433365 0.254502
v 0.068785 0.433365 0.279073
v 0.068785 0.457913 0.279073
v -0.268746 0.457913 0.101922
v -0.268746 0.433365 0.101922
v 0.190597 0.457913 -0.215140
v 0.190597 0.433365 -0.215140
v 0.190598 0.457913 0.215141
v 0.190598 0.433365 0.215141
v -0.236546 0.457913 0.163276
v -0.236546 0.433365 0.163276
v 0.133572 0.457913 -0.254501
v 0.133572 0.433365 -0.254501
v 0.000000 0.457913 -0.287424
v 0.000000 0.433365 -0.287424
v 0.068785 0.433365 -0.279072
v 0.068785 0.457913 -0.279072
v 0.236546 0.457913 0.163276
v 0.236546 0.433365 0.163276
v -0.190598 0.457913 0.215141
v -0.190598 0.433365 0.215141
v 0.068785 0.457913 -0.279072
v 0.068785 0.433365 -0.279072
v -0.190598 0.457913 -0.215140
v -0.190598 0.433365 -0.215140
v -0.133573 0.433365 -0.254501
v -0.133573 0.457913 -0.254501
v 0.268747 0.457913 0.101922
v 0.268747 0.433365 0.101922
v -0.133573 0.457913 0.254502
v -0.133573 0.433365 0.254502
v -0.236546 0.457913 -0.163275
v -0.236546 0.433365 -0.163275
v 0.285329 0.457913 0.034645
v 0.285329 0.433365 0.034645
v -0.068785 0.457913 0.279073
v -0.068785 0.433365 0.279073
v -0.068785 0.433365 -0.279072
v -0.068785 0.457913 -0.279072
v -0.268746 0.457913 -0.101922
v -0.268746 0.433365 -0.101922
v 0.285329 0.457913 -0.034645
v 0.285329 0.433365 -0.034645
v 0.000000 0.457912 0.287425
v 0.000000 0.433365 0.287425
v -0.298162 0.465273 -0.036203
v -0.280833 0.465273 -0.106506
v 0.280833 0.465273 -0.106506
v -0.298162 0.465273 0.036204
v 0.247184 0.465273 -0.170619
v 0.139580 0.465273 0.265948
v -0.280833 0.465273 0.106506
v 0.199170 0.465273 -0.224816
v -0.071879 0.465273 -0.291623
v 0.000000 0.465273 -0.300351
v 0.199170 0.465273 0.224817
v -0.247184 0.465273 0.170619
v 0.139580 0.465273 -0.265948
v 0.247185 0.465273 0.170619
v -0.199170 0.465273 0.224817
v 0.071878 0.465273 -0.291623
v 0.069825 0.462399 -0.283293
v -0.199170 0.465273 -0.224816
v 0.280834 0.465273 0.106506
v -0.139580 0.465273 0.265948
v 0.069825 0.462399 -0.283293
v 0.071878 0.465273 -0.291623
v -0.247184 0.465273 -0.170619
v 0.298162 0.465273 0.036204
v 0.074556 0.442722 -0.302489
v 0.073195 0.441232 -0.296965
v 0.000000 0.441232 -0.305852
v -0.190598 0.433365 0.215141
v 0.068785 0.433365 -0.279072
v -0.236546 0.433365 0.163276
v -0.190598 0.433365 -0.215140
v -0.133573 0.433365 -0.254501
v 0.268747 0.433365 0.101922
v 0.236546 0.433365 0.163276
v -0.133573 0.433365 0.254502
v -0.236546 0.433365 -0.163275
v 0.285329 0.433365 0.034645
v -0.068785 0.433365 0.279073
v -0.268746 0.433365 -0.101922
v 0.285329 0.433365 -0.034645
v 0.000000 0.433365 0.287425
v -0.285329 0.433365 -0.034645
v 0.268746 0.433365 -0.101922
v 0.068785 0.433365 0.279073
v -0.285329 0.433365 0.034646
v 0.236545 0.433365 -0.163276
v 0.133573 0.433365 0.254502
v -0.268746 0.433365 0.101922
v 0.190597 0.433365 -0.215140
v -0.068785 0.433365 -0.279072
v 0.000000 0.433365 -0.287424
v 0.190598 0.433365 0.215141
v 0.133572 0.433365 -0.254501
v 0.142137 -0.422169 0.270819
v 0.144922 -0.430176 0.276126
v 0.206792 -0.430176 0.233420
v 0.202818 -0.422169 0.228934
v 0.196578 -0.465200 -0.221891
v 0.137764 -0.465200 -0.262487
v 0.144921 -0.465200 -0.276126
v 0.206792 -0.465200 -0.233420
v 0.073195 -0.422169 0.296965
v 0.074630 -0.430176 0.302784
v 0.256644 -0.465200 -0.177149
v 0.243967 -0.465200 -0.168399
v 0.000000 -0.422169 0.305853
v 0.000000 -0.430176 0.311846
v 0.291581 -0.465200 -0.110582
v 0.277179 -0.465200 -0.105120
v -0.073195 -0.422169 0.296965
v -0.074629 -0.430176 0.302784
v 0.309572 -0.465200 -0.037589
v 0.294281 -0.465200 -0.035732
v -0.142137 -0.422169 0.270819
v -0.144922 -0.430176 0.276126
v 0.309572 -0.465200 0.037589
v 0.294281 -0.465200 0.035732
v -0.202818 -0.422169 0.228934
v -0.206792 -0.430176 0.233420
v 0.291581 -0.465200 0.110582
v 0.277179 -0.465200 0.105120
v -0.251712 -0.422169 0.173744
v -0.256644 -0.430176 0.177149
v 0.256644 -0.465200 0.177148
v 0.243968 -0.465200 0.168399
v -0.285977 -0.422169 0.108457
v -0.291581 -0.430176 0.110582
v 0.206792 -0.465200 0.233420
v 0.196578 -0.465200 0.221891
v -0.303623 -0.422169 0.036867
v -0.309572 -0.430176 0.037589
v 0.144922 -0.465200 0.276126
v 0.137764 -0.465200 0.262487
v -0.303623 -0.422169 -0.036866
v -0.309572 -0.430176 -0.037589
v 0.074630 -0.465200 0.302784
v 0.070944 -0.465200 0.287829
v -0.285977 -0.422169 -0.108457
v -0.291581 -0.430176 -0.110582
v 0.000000 -0.465200 0.311846
v 0.000000 -0.465200 0.296443
v -0.251712 -0.422169 -0.173744
v -0.256644 -0.430176 -0.177148
v -0.074629 -0.465200 0.302784
v -0.070943 -0.465200 0.287829
v -0.202818 -0.422169 -0.228934
v -0.206792 -0.430176 -0.233420
v -0.144922 -0.465200 0.276126
v -0.137764 -0.465200 0.262487
v -0.206792 -0.465200 0.233420
v -0.196578 -0.465200 0.221891
v 0.070943 -0.465200 -0.287829
v 0.000000 -0.465200 -0.296443
v 0.000000 -0.465200 -0.311845
v 0.074629 -0.465200 -0.302784
v -0.196578 -0.465200 -0.221890
v -0.243968 -0.465200 -0.168399
v -0.256644 -0.465200 -0.177148
v -0.206792 -0.465200 -0.233420
v -0.277179 -0.465200 -0.105120
v -0.291581 -0.465200 -0.110582
v -0.294281 -0.465200 -0.035732
v -0.309572 -0.465200 -0.037589
v -0.294281 -0.465200 0.035732
v -0.309572 -0.465200 0.037589
v -0.277179 -0.465200 0.105120
v -0.291581 -0.465200 0.110582
v -0.243968 -0.465200 0.168399
v -0.256644 -0.465200 0.177148
v -0.070943 -0.465200 -0.287829
v -0.137764 -0.465200 -0.262487
v -0.144922 -0.465200 -0.276125
v -0.074629 -0.465200 -0.302784
v -0.070943 -0.465200 -0.287829
v -0.070943 -0.448560 -0.287829
v -0.137764 -0.448560 -0.262487
v -0.137764 -0.465200 -0.262487
v 0.196578 -0.465200 0.221891
v 0.196578 -0.448560 0.221891
v 0.243968 -0.448560 0.168399
v 0.243968 -0.465200 0.168399
v -0.243968 -0.465200 0.168399
v -0.243968 -0.448560 0.168399
v -0.196578 -0.448560 0.221891
v -0.196578 -0.465200 0.221891
v 0.137764 -0.465200 -0.262487
v 0.137764 -0.448560 -0.262487
v 0.070943 -0.448560 -0.287829
v 0.070943 -0.465200 -0.287829
v -0.196578 -0.448560 -0.221890
v -0.196578 -0.465200 -0.221890
v 0.277179 -0.448560 0.105120
v 0.277179 -0.465200 0.105120
v -0.137764 -0.448560 0.262487
v -0.137764 -0.465200 0.262487
v 0.000000 -0.448560 -0.296443
v 0.000000 -0.465200 -0.296443
v -0.243968 -0.448560 -0.168399
v -0.243968 -0.465200 -0.168399
v 0.294281 -0.448560 0.035732
v 0.294281 -0.465200 0.035732
v -0.070943 -0.448561 0.287829
v -0.070943 -0.465200 0.287829
v -0.277179 -0.448560 -0.105120
v -0.277179 -0.465200 -0.105120
v 0.294281 -0.448560 -0.035732
v 0.294281 -0.465200 -0.035732
v 0.000000 -0.448561 0.296443
v 0.000000 -0.465200 0.296443
v -0.294281 -0.448560 -0.035732
v -0.294281 -0.465200 -0.035732
v 0.277179 -0.448560 -0.105120
v 0.277179 -0.465200 -0.105120
v 0.070944 -0.448561 0.287829
v 0.070944 -0.465200 0.287829
v -0.294281 -0.448560 0.035732
v -0.294281 -0.465200 0.035732
v 0.243967 -0.448560 -0.168399
v 0.243967 -0.465200 -0.168399
v 0.137764 -0.448560 0.262487
v 0.137764 -0.465200 0.262487
v -0.277179 -0.448560 0.105120
v -0.277179 -0.465200 0.105120
v 0.196578 -0.448560 -0.221891
v 0.196578 -0.465200 -0.221891
v 0.000000 -0.465200 -0.296443
v 0.000000 -0.448560 -0.296443
v 0.196578 -0.448560 -0.221891
v -0.294281 -0.448560 0.035732
v 0.137764 -0.448560 -0.262487
v -0.070943 -0.448560 -0.287829
v -0.137764 -0.448560 -0.262487
v 0.196578 -0.448560 0.221891
v 0.243968 -0.448560 0.168399
v -0.243968 -0.448560 0.168399
v -0.196578 -0.448560 0.221891
v 0.070943 -0.448560 -0.287829
v -0.196578 -0.448560 -0.221890
v 0.277179 -0.448560 0.105120
v -0.137764 -0.448560 0.262487
v 0.000000 -0.448560 -0.296443
v -0.243968 -0.448560 -0.168399
v 0.294281 -0.448560 0.035732
v -0.070943 -0.448561 0.287829
v -0.277179 -0.448560 -0.105120
v 0.294281 -0.448560 -0.035732
v 0.000000 -0.448561 0.296443
v -0.294281 -0.448560 -0.035732
v 0.277179 -0.448560 -0.105120
v 0.070944 -0.448561 0.287829
v 0.243967 -0.448560 -0.168399
v 0.137764 -0.448560 0.262487
v -0.277179 -0.448560 0.105120
v -0.291581 -0.465200 -0.110582
v -0.309572 -0.465200 -0.037589
v 0.309572 -0.430176 -0.037589
v 0.309572 -0.465200 -0.037589
v 0.291581 -0.465200 -0.110582
v 0.291581 -0.430176 -0.110582
v 0.000000 -0.465200 0.311846
v 0.074630 -0.465200 0.302784
v -0.309572 -0.465200 0.037589
v 0.256644 -0.465200 -0.177149
v 0.256644 -0.430176 -0.177149
v 0.144922 -0.465200 0.276126
v -0.291581 -0.465200 0.110582
v 0.206792 -0.465200 -0.233420
v 0.206792 -0.430176 -0.233420
v 0.000000 -0.430176 -0.311845
v 0.000000 -0.465200 -0.311845
v -0.074629 -0.465200 -0.302784
v -0.074629 -0.430176 -0.302784
v 0.206792 -0.465200 0.233420
v -0.256644 -0.465200 0.177148
v 0.144921 -0.465200 -0.276126
v 0.144921 -0.430176 -0.276126
v -0.144922 -0.465200 -0.276125
v -0.144922 -0.430176 -0.276125
v 0.256644 -0.465200 0.177148
v 0.256644 -0.430176 0.177148
v -0.206792 -0.465200 0.233420
v 0.074629 -0.465200 -0.302784
v 0.074629 -0.430176 -0.302784
v -0.206792 -0.465200 -0.233420
v 0.291581 -0.465200 0.110582
v 0.291581 -0.430176 0.110582
v -0.144922 -0.465200 0.276126
v 0.000000 -0.465200 -0.311845
v 0.000000 -0.430176 -0.311845
v -0.256644 -0.465200 -0.177148
v 0.309572 -0.465200 0.037589
v 0.309572 -0.430176 0.037589
v -0.074629 -0.465200 0.302784
v 0.251712 -0.422169 0.173744
v 0.285977 -0.422169 0.108457
v 0.303623 -0.422169 0.036866
v 0.303623 -0.422169 -0.036867
v 0.285977 -0.422169 -0.108457
v 0.251712 -0.422169 -0.173744
v 0.202817 -0.422169 -0.228934
v 0.142136 -0.422169 -0.270819
v 0.073195 -0.422169 -0.296965
v 0.000000 -0.422169 -0.305852
v 0.000000 -0.422169 -0.305852
v -0.073195 -0.422169 -0.296965
v -0.142137 -0.422169 -0.270819
v 0.166117 0.433365 0.000221
v 0.166117 0.443184 0.000221
v 0.169431 0.443184 -0.016438
v 0.169431 0.433365 -0.016438
v 0.253182 0.433365 0.000221
v 0.253182 0.443184 0.000221
v 0.249868 0.443184 0.016880
v 0.249868 0.433365 0.016880
v 0.249868 0.433365 -0.016438
v 0.249868 0.443184 -0.016438
v 0.253182 0.443184 0.000221
v 0.253182 0.433365 0.000221
v 0.178867 0.433365 0.031003
v 0.178867 0.443184 0.031003
v 0.169431 0.443184 0.016880
v 0.169431 0.433365 0.016880
v 0.240431 0.433365 -0.030561
v 0.240431 0.443184 -0.030561
v 0.192990 0.433365 0.040440
v 0.192990 0.443184 0.040440
v 0.226308 0.433365 -0.039997
v 0.226308 0.443184 -0.039997
v 0.209649 0.433365 0.043754
v 0.209649 0.443184 0.043754
v 0.192990 0.433365 -0.039997
v 0.192990 0.443184 -0.039997
v 0.209649 0.443184 -0.043311
v 0.209649 0.433365 -0.043311
v 0.226308 0.433365 0.040440
v 0.226308 0.443184 0.040440
v 0.178867 0.433365 -0.030561
v 0.178867 0.443184 -0.030561
v 0.240431 0.433365 0.031003
v 0.240431 0.443184 0.031003
v 0.249507 0.446001 0.000233
v 0.249507 0.446001 0.000233
v 0.224138 0.451155 -0.035095
v 0.236550 0.451155 -0.026801
v 0.209497 0.451155 0.038511
v 0.194856 0.451155 0.035598
v 0.194856 0.451155 -0.035095
v 0.209497 0.451155 -0.038007
v 0.224138 0.451155 0.035598
v 0.182443 0.451155 -0.026801
v 0.236550 0.451155 0.027305
v 0.174150 0.451155 -0.014389
v 0.244843 0.451155 0.014893
v 0.171238 0.451155 0.000252
v 0.247756 0.451155 0.000252
v 0.244843 0.451155 -0.014389
v 0.247756 0.451155 0.000252
v 0.182443 0.451155 0.027305
v 0.174150 0.451155 0.014893
v 0.236550 0.451155 -0.026801
v 0.238925 0.451155 -0.012068
v 0.241399 0.451155 0.000372
v 0.244843 0.451155 -0.014389
v 0.194856 0.451155 0.035598
v 0.185909 0.451155 0.023356
v 0.179663 0.451155 0.012280
v 0.182443 0.451155 0.027305
v 0.224138 0.451155 -0.035095
v 0.231878 0.451155 -0.022613
v 0.209497 0.451155 0.038511
v 0.196454 0.451155 0.030403
v 0.209497 0.451155 -0.038007
v 0.221333 0.451155 -0.029659
v 0.224138 0.451155 0.035598
v 0.208894 0.451155 0.032877
v 0.182443 0.451155 -0.026801
v 0.196454 0.451155 -0.029659
v 0.208894 0.451155 -0.032134
v 0.194856 0.451155 -0.035095
v 0.236550 0.451155 0.027305
v 0.221333 0.451155 0.030403
v 0.174150 0.451155 -0.014389
v 0.185909 0.451155 -0.022613
v 0.244843 0.451155 0.014893
v 0.231878 0.451155 0.023357
v 0.171238 0.451155 0.000252
v 0.178862 0.451155 -0.012068
v 0.247756 0.451155 0.000252
v 0.238925 0.451155 0.012811
v 0.174150 0.451155 0.014893
v 0.177297 0.451155 0.000386
v 0.178862 0.451155 -0.012068
v 0.179897 0.443546 -0.011763
v 0.186748 0.443546 -0.022017
v 0.185909 0.451155 -0.022613
v 0.238925 0.451155 0.012811
v 0.238295 0.443546 0.012426
v 0.231444 0.443546 0.022679
v 0.231878 0.451155 0.023357
v 0.177297 0.451155 0.000386
v 0.177491 0.443546 0.000331
v 0.241399 0.451155 0.000372
v 0.240701 0.443546 0.000331
v 0.238925 0.451155 -0.012068
v 0.238295 0.443546 -0.011763
v 0.185909 0.451155 0.023356
v 0.186748 0.443546 0.022679
v 0.179897 0.443546 0.012426
v 0.179663 0.451155 0.012280
v 0.231878 0.451155 -0.022613
v 0.231444 0.443546 -0.022017
v 0.196454 0.451155 0.030403
v 0.197001 0.443546 0.029530
v 0.221333 0.451155 -0.029659
v 0.221191 0.443546 -0.028868
v 0.208894 0.451155 0.032877
v 0.209096 0.443546 0.031936
v 0.196454 0.451155 -0.029659
v 0.197001 0.443546 -0.028868
v 0.209096 0.443546 -0.031273
v 0.208894 0.451155 -0.032134
v 0.221333 0.451155 0.030403
v 0.221191 0.443546 0.029530
v 0.197001 0.443546 -0.028868
v 0.209096 0.443546 0.031936
v 0.209096 0.443546 -0.031273
v 0.221191 0.443546 -0.028868
v 0.186748 0.443546 -0.022017
v 0.231444 0.443546 0.022679
v 0.221191 0.443546 0.029530
v 0.179897 0.443546 -0.011763
v 0.238295 0.443546 0.012426
v 0.177491 0.443546 0.000331
v 0.240701 0.443546 0.000331
v 0.179897 0.443546 0.012426
v 0.238295 0.443546 -0.011763
v 0.186748 0.443546 0.022679
v 0.231444 0.443546 -0.022017
v 0.197001 0.443546 0.029530
v 0.177297 0.451155 0.000386
v 0.191268 0.443555 -0.000988
v 0.177491 0.443546 0.000331
v 0.194536 0.443555 0.003088
v 0.194055 0.445958 0.003183
v 0.179897 0.443546 0.012426
v 0.193108 0.443555 0.008160
v 0.179663 0.451155 0.012280
v 0.194536 0.443555 0.003088
v -0.073195 0.441232 -0.296965
v -0.142137 0.441232 -0.270819
v -0.202818 0.441232 -0.228933
v -0.251712 0.441232 -0.173744
v -0.285977 0.441232 -0.108456
v -0.303623 0.441232 -0.036866
v -0.303623 0.441232 0.036867
v -0.285977 0.441232 0.108457
v -0.251712 0.441232 0.173744
v -0.202818 0.441232 0.228934
v -0.142137 0.441232 0.270819
v -0.073195 0.441232 0.296965
v 0.000000 0.441232 0.305853
v 0.073195 0.441232 0.296965
v 0.142137 0.441232 0.270819
v 0.202818 0.441232 0.228934
v 0.251712 0.441232 0.173744
v 0.285977 0.441232 0.108457
v 0.303623 0.441232 0.036867
v 0.303623 0.441232 -0.036866
v 0.285977 0.441232 -0.108457
v 0.251712 0.441232 -0.173744
v 0.202817 0.441232 -0.228934
vt 0.422216 0.321833
vt 0.286682 0.321833
vt 0.286682 0.284592
vt 0.422216 0.284592
vt 0.422216 0.880448
vt 0.286682 0.880449
vt 0.286682 0.843207
vt 0.422216 0.843207
vt 0.422216 0.061146
vt 0.286682 0.061146
vt 0.286682 0.023905
vt 0.422216 0.023905
vt 0.422216 0.619761
vt 0.286682 0.619761
vt 0.286682 0.582520
vt 0.422216 0.582520
vt 0.286682 0.805966
vt 0.422216 0.805966
vt 0.422216 0.992171
vt 0.286682 0.992171
vt 0.286682 0.954931
vt 0.422216 0.954930
vt 0.286682 0.545279
vt 0.422216 0.545279
vt 0.145393 0.619761
vt 0.283248 0.619761
vt 0.283248 0.657002
vt 0.145393 0.657002
vt 0.145393 0.061146
vt 0.283248 0.061146
vt 0.283248 0.098387
vt 0.145393 0.098387
vt 0.145393 0.880448
vt 0.283248 0.880448
vt 0.283248 0.917689
vt 0.145393 0.917689
vt 0.145393 0.321833
vt 0.283248 0.321833
vt 0.283248 0.359074
vt 0.145393 0.359074
vt 0.145393 0.582520
vt 0.283248 0.582520
vt 0.145393 0.843207
vt 0.283248 0.843207
vt 0.003531 0.061146
vt 0.141960 0.061146
vt 0.141959 0.098387
vt 0.003531 0.098387
vt 0.145393 0.284592
vt 0.283248 0.284592
vt 0.145393 0.545279
vt 0.283248 0.545279
vt 0.145393 0.805966
vt 0.283248 0.805966
vt 0.145393 0.247351
vt 0.283248 0.247351
vt 0.145393 0.508038
vt 0.283248 0.508038
vt 0.145393 0.768725
vt 0.283248 0.768725
vt 0.145393 0.210110
vt 0.283248 0.210110
vt 0.145393 0.470797
vt 0.283248 0.470797
vt 0.003531 0.321833
vt 0.141959 0.321833
vt 0.141959 0.359074
vt 0.003531 0.359074
vt 0.003531 0.880449
vt 0.141959 0.880448
vt 0.141959 0.917689
vt 0.003531 0.917690
vt 0.003531 0.619761
vt 0.141959 0.619761
vt 0.141959 0.657002
vt 0.003531 0.657002
vt 0.283248 0.396315
vt 0.145393 0.396315
vt 0.283248 0.135628
vt 0.145393 0.135628
vt 0.283248 0.694243
vt 0.145393 0.694243
vt 0.003531 0.508038
vt 0.141959 0.508038
vt 0.141959 0.545279
vt 0.003531 0.545279
vt 0.003531 0.768725
vt 0.141959 0.768725
vt 0.141959 0.805966
vt 0.003531 0.805966
vt 0.003531 0.210110
vt 0.141959 0.210110
vt 0.141959 0.247351
vt 0.003531 0.247351
vt 0.003531 0.470797
vt 0.141959 0.470797
vt 0.003531 0.731484
vt 0.141959 0.731484
vt 0.003531 0.172869
vt 0.141959 0.172869
vt 0.003531 0.433556
vt 0.141959 0.433556
vt 0.003531 0.694243
vt 0.141959 0.694243
vt 0.283248 0.954930
vt 0.145393 0.954930
vt 0.003531 0.135628
vt 0.141959 0.135628
vt 0.003531 0.396315
vt 0.141959 0.396315
vt 0.141959 0.954930
vt 0.003531 0.954930
vt 0.141959 0.582520
vt 0.003531 0.582520
vt 0.141960 0.992171
vt 0.003531 0.992171
vt 0.141959 0.843207
vt 0.003531 0.843207
vt 0.145393 0.433556
vt 0.283248 0.433556
vt 0.145393 0.023905
vt 0.283248 0.023905
vt 0.145393 0.172869
vt 0.283248 0.172869
vt 0.286682 0.247351
vt 0.422216 0.247351
vt 0.003531 0.284592
vt 0.141959 0.284592
vt 0.286682 0.508038
vt 0.422216 0.508038
vt 0.286682 0.768725
vt 0.422216 0.768725
vt 0.286682 0.210110
vt 0.422216 0.210110
vt 0.286682 0.470797
vt 0.422216 0.470797
vt 0.286682 0.731484
vt 0.422216 0.731484
vt 0.286682 0.172869
vt 0.422216 0.172869
vt 0.286682 0.433556
vt 0.422216 0.433556
vt 0.286682 0.694243
vt 0.422216 0.694243
vt 0.286682 0.135628
vt 0.422216 0.135628
vt 0.003531 0.023905
vt 0.141960 0.023905
vt 0.286682 0.396315
vt 0.422216 0.396315
vt 0.286682 0.657002
vt 0.422216 0.657002
vt 0.286682 0.098387
vt 0.422216 0.098387
vt 0.286682 0.917690
vt 0.422216 0.917689
vt 0.286682 0.359074
vt 0.422216 0.359074
vt 0.283248 0.992171
vt 0.145393 0.992171
vt 0.283248 0.731484
vt 0.145393 0.731484
vt 0.479914 0.537166
vt 0.485190 0.537153
vt 0.485188 0.574963
vt 0.479912 0.574976
vt 0.485185 0.612770
vt 0.479910 0.612783
vt 0.448874 0.423693
vt 0.454185 0.423680
vt 0.454182 0.461503
vt 0.448872 0.461516
vt 0.448876 0.385867
vt 0.454187 0.385854
vt 0.479900 0.801776
vt 0.485174 0.801763
vt 0.485172 0.839556
vt 0.479898 0.839569
vt 0.485170 0.877348
vt 0.479896 0.877361
vt 0.448888 0.158851
vt 0.454201 0.158838
vt 0.454199 0.196679
vt 0.448886 0.196693
vt 0.448889 0.121009
vt 0.454203 0.120995
vt 0.479929 0.234559
vt 0.485209 0.234545
vt 0.485207 0.272382
vt 0.479927 0.272395
vt 0.485205 0.310215
vt 0.479925 0.310229
vt 0.448858 0.726177
vt 0.454165 0.726163
vt 0.454163 0.763961
vt 0.448856 0.763975
vt 0.448860 0.688377
vt 0.454167 0.688363
vt 0.479916 0.499352
vt 0.485193 0.499339
vt 0.454180 0.499322
vt 0.448870 0.499335
vt 0.465668 0.499346
vt 0.470945 0.499333
vt 0.470944 0.537147
vt 0.465667 0.537160
vt 0.479902 0.763982
vt 0.485176 0.763968
vt 0.434592 0.461510
vt 0.439902 0.461497
vt 0.439901 0.499316
vt 0.434591 0.499329
vt 0.454197 0.234519
vt 0.448884 0.234532
vt 0.465662 0.763976
vt 0.470937 0.763963
vt 0.470935 0.801757
vt 0.465661 0.801770
vt 0.479931 0.196721
vt 0.485211 0.196707
vt 0.434598 0.196687
vt 0.439911 0.196673
vt 0.439909 0.234513
vt 0.434597 0.234526
vt 0.454161 0.801758
vt 0.448854 0.801771
vt 0.465674 0.196715
vt 0.470955 0.196701
vt 0.470954 0.234540
vt 0.465673 0.234553
vt 0.479918 0.461535
vt 0.485195 0.461521
vt 0.434584 0.763969
vt 0.439891 0.763955
vt 0.439890 0.801752
vt 0.434583 0.801765
vt 0.454177 0.537137
vt 0.448868 0.537150
vt 0.465668 0.461529
vt 0.470946 0.461515
vt 0.479904 0.726186
vt 0.485178 0.726172
vt 0.439899 0.537131
vt 0.434590 0.537144
vt 0.454194 0.272357
vt 0.448882 0.272370
vt 0.465663 0.726180
vt 0.470938 0.726166
vt 0.479932 0.158881
vt 0.485213 0.158867
vt 0.439908 0.272350
vt 0.434596 0.272364
vt 0.454159 0.839553
vt 0.448852 0.839566
vt 0.465676 0.158875
vt 0.470956 0.158861
vt 0.479920 0.423713
vt 0.485198 0.423700
vt 0.439888 0.839547
vt 0.434582 0.839560
vt 0.454175 0.574948
vt 0.448866 0.574961
vt 0.465669 0.423707
vt 0.470948 0.423693
vt 0.479906 0.688388
vt 0.485181 0.688374
vt 0.439898 0.574942
vt 0.434590 0.574956
vt 0.454192 0.310192
vt 0.448880 0.310205
vt 0.465664 0.688382
vt 0.470939 0.688368
vt 0.479934 0.121040
vt 0.485215 0.121026
vt 0.439907 0.310186
vt 0.434595 0.310199
vt 0.454157 0.877347
vt 0.448851 0.877360
vt 0.465677 0.121034
vt 0.470958 0.121020
vt 0.479898 0.952962
vt 0.485166 0.952930
vt 0.485551 0.991238
vt 0.480181 0.991896
vt 0.480080 0.006289
vt 0.485551 0.006931
vt 0.485245 0.045340
vt 0.479922 0.045331
vt 0.449034 0.006259
vt 0.454537 0.006901
vt 0.454232 0.045306
vt 0.448877 0.045297
vt 0.448852 0.952965
vt 0.454152 0.952933
vt 0.454537 0.991238
vt 0.449135 0.991896
vt 0.479922 0.385888
vt 0.485200 0.385875
vt 0.439887 0.877341
vt 0.434580 0.877354
vt 0.454172 0.612756
vt 0.448864 0.612769
vt 0.465670 0.385882
vt 0.470949 0.385868
vt 0.479908 0.650587
vt 0.485183 0.650573
vt 0.439897 0.612750
vt 0.434589 0.612764
vt 0.454190 0.348024
vt 0.448878 0.348038
vt 0.465665 0.650581
vt 0.470941 0.650567
vt 0.479936 0.083196
vt 0.485217 0.083184
vt 0.439906 0.348018
vt 0.434594 0.348032
vt 0.454155 0.915140
vt 0.448849 0.915153
vt 0.465678 0.083191
vt 0.470959 0.083178
vt 0.479895 0.915152
vt 0.485169 0.915139
vt 0.439885 0.915136
vt 0.434579 0.915147
vt 0.454205 0.083152
vt 0.448891 0.083163
vt 0.465656 0.915146
vt 0.470930 0.915135
vt 0.470944 0.952947
vt 0.465629 0.952938
vt 0.479923 0.348060
vt 0.485203 0.348046
vt 0.434604 0.045314
vt 0.439912 0.045282
vt 0.439915 0.083145
vt 0.434601 0.083159
vt 0.454170 0.650561
vt 0.448862 0.650574
vt 0.465671 0.348054
vt 0.470950 0.348040
vt 0.439895 0.650555
vt 0.434588 0.650568
vt 0.465666 0.612777
vt 0.470942 0.612764
vt 0.465667 0.574970
vt 0.470943 0.574957
vt 0.465681 0.045348
vt 0.470956 0.045316
vt 0.465295 0.006986
vt 0.470672 0.006327
vt 0.465658 0.877355
vt 0.470932 0.877342
vt 0.465659 0.839563
vt 0.470933 0.839550
vt 0.465671 0.310223
vt 0.470951 0.310209
vt 0.434593 0.385861
vt 0.439904 0.385848
vt 0.439903 0.423674
vt 0.434592 0.423688
vt 0.470786 0.991933
vt 0.465323 0.991292
vt 0.434551 0.952940
vt 0.439899 0.952950
vt 0.439742 0.991934
vt 0.434247 0.991293
vt 0.434219 0.006955
vt 0.439628 0.006296
vt 0.434600 0.121003
vt 0.439913 0.120990
vt 0.439912 0.158832
vt 0.434599 0.158845
vt 0.470952 0.272376
vt 0.465672 0.272389
vt 0.434587 0.688371
vt 0.439894 0.688357
vt 0.439893 0.726157
vt 0.434586 0.726171
vt 0.475427 0.574967
vt 0.475429 0.537157
vt 0.444387 0.461506
vt 0.444389 0.423684
vt 0.475416 0.839560
vt 0.475418 0.801767
vt 0.444398 0.196683
vt 0.444400 0.158842
vt 0.475440 0.272385
vt 0.475441 0.234549
vt 0.444374 0.763965
vt 0.444375 0.726167
vt 0.475430 0.499343
vt 0.444385 0.499325
vt 0.475419 0.763972
vt 0.444397 0.234522
vt 0.475443 0.196711
vt 0.444372 0.801761
vt 0.475432 0.461525
vt 0.444384 0.537140
vt 0.475421 0.726176
vt 0.444395 0.272360
vt 0.475444 0.158871
vt 0.444370 0.839556
vt 0.475433 0.423703
vt 0.444382 0.574952
vt 0.475423 0.688378
vt 0.444394 0.310195
vt 0.475446 0.121030
vt 0.444369 0.877350
vt 0.475514 0.992171
vt 0.475436 0.952961
vt 0.444379 0.045283
vt 0.444301 0.006021
vt 0.475435 0.385878
vt 0.444380 0.612760
vt 0.475424 0.650577
vt 0.444392 0.348028
vt 0.475447 0.083187
vt 0.444367 0.915145
vt 0.475413 0.915144
vt 0.444403 0.083154
vt 0.475437 0.348050
vt 0.444379 0.650565
vt 0.475426 0.612773
vt 0.444390 0.385857
vt 0.475423 0.045317
vt 0.444391 0.952964
vt 0.475414 0.877352
vt 0.444402 0.120999
vt 0.475438 0.310219
vt 0.444377 0.688367
vt 0.475346 0.006051
vt 0.444469 0.992171
vt 0.557896 0.960317
vt 0.557896 0.995580
vt 0.560715 0.995580
vt 0.563624 0.995580
vt 0.567010 0.995580
vt 0.567010 0.960317
vt 0.567010 0.114018
vt 0.567010 0.078755
vt 0.563624 0.078755
vt 0.567010 0.854530
vt 0.572120 0.854530
vt 0.572120 0.819267
vt 0.567010 0.819267
vt 0.567010 0.607692
vt 0.572120 0.607692
vt 0.572120 0.572430
vt 0.567010 0.572430
vt 0.567010 0.360855
vt 0.572120 0.360855
vt 0.572120 0.325593
vt 0.567010 0.325593
vt 0.567010 0.889792
vt 0.572120 0.889792
vt 0.567010 0.642955
vt 0.572120 0.642955
vt 0.567010 0.396118
vt 0.572120 0.396118
vt 0.567010 0.925055
vt 0.572120 0.925055
vt 0.567010 0.149280
vt 0.572120 0.149280
vt 0.572120 0.114018
vt 0.567010 0.678217
vt 0.572120 0.678217
vt 0.567010 0.431380
vt 0.572120 0.431380
vt 0.572120 0.960317
vt 0.567010 0.184543
vt 0.572120 0.184543
vt 0.567010 0.713480
vt 0.572120 0.713480
vt 0.567010 0.466643
vt 0.572120 0.466643
vt 0.572120 0.995580
vt 0.567010 0.219805
vt 0.572120 0.219805
vt 0.567010 0.748742
vt 0.572120 0.748742
vt 0.567010 0.501905
vt 0.572120 0.501905
vt 0.572120 0.078755
vt 0.567010 0.255068
vt 0.572120 0.255068
vt 0.567010 0.784005
vt 0.572120 0.784005
vt 0.567010 0.537168
vt 0.572120 0.537168
vt 0.567010 0.290330
vt 0.572120 0.290330
vt 0.584163 0.360855
vt 0.595930 0.360855
vt 0.595930 0.325593
vt 0.584163 0.325593
vt 0.584163 0.889792
vt 0.595930 0.889792
vt 0.595930 0.854530
vt 0.584163 0.854530
vt 0.584163 0.642955
vt 0.595930 0.642955
vt 0.595930 0.607692
vt 0.584163 0.607692
vt 0.584163 0.396118
vt 0.595930 0.396118
vt 0.584163 0.925055
vt 0.595930 0.925055
vt 0.584163 0.678217
vt 0.595930 0.678217
vt 0.584163 0.431380
vt 0.595930 0.431380
vt 0.584163 0.960317
vt 0.595930 0.960317
vt 0.584163 0.114018
vt 0.595930 0.114018
vt 0.595930 0.078755
vt 0.584163 0.078755
vt 0.584163 0.713480
vt 0.595930 0.713480
vt 0.584163 0.466643
vt 0.595930 0.466643
vt 0.584163 0.995580
vt 0.595930 0.995580
vt 0.584163 0.219805
vt 0.595930 0.219805
vt 0.595930 0.184543
vt 0.584163 0.184543
vt 0.584163 0.748742
vt 0.595930 0.748742
vt 0.584163 0.501905
vt 0.595930 0.501905
vt 0.584163 0.255068
vt 0.595930 0.255068
vt 0.584163 0.784005
vt 0.595930 0.784005
vt 0.584163 0.537168
vt 0.595930 0.537168
vt 0.595930 0.149280
vt 0.584163 0.149280
vt 0.584163 0.290330
vt 0.595930 0.290330
vt 0.584163 0.819267
vt 0.595930 0.819267
vt 0.584163 0.572430
vt 0.595930 0.572430
vt 0.576831 0.325593
vt 0.576831 0.290330
vt 0.576831 0.854530
vt 0.576831 0.360855
vt 0.576831 0.889792
vt 0.576831 0.642955
vt 0.576831 0.396118
vt 0.576831 0.925055
vt 0.576831 0.149280
vt 0.576831 0.114018
vt 0.576831 0.678217
vt 0.576831 0.431380
vt 0.576831 0.960317
vt 0.576831 0.713480
vt 0.576831 0.466643
vt 0.576831 0.995580
vt 0.581168 0.995580
vt 0.576831 0.219805
vt 0.576831 0.748742
vt 0.576831 0.501905
vt 0.581168 0.078755
vt 0.576831 0.078755
vt 0.576831 0.255068
vt 0.576831 0.784005
vt 0.560715 0.078755
vt 0.557896 0.078755
vt 0.557896 0.114018
vt 0.900344 0.268121
vt 0.769335 0.018505
vt 0.923551 0.241925
vt 0.900344 0.050795
vt 0.871542 0.030915
vt 0.668338 0.210937
vt 0.684602 0.241925
vt 0.871542 0.288002
vt 0.923551 0.076991
vt 0.659963 0.176957
vt 0.838819 0.300412
vt 0.939815 0.107980
vt 0.659963 0.141959
vt 0.804077 0.304630
vt 0.948191 0.141960
vt 0.668338 0.107979
vt 0.769335 0.300412
vt 0.948191 0.176957
vt 0.684602 0.076991
vt 0.736612 0.288002
vt 0.939815 0.210937
vt 0.707810 0.050795
vt 0.838819 0.018505
vt 0.804077 0.014286
vt 0.707810 0.268121
vt 0.736612 0.030914
vt 0.539873 0.425054
vt 0.534811 0.425054
vt 0.534811 0.387240
vt 0.539873 0.387240
vt 0.917138 0.939638
vt 0.941073 0.912620
vt 0.947475 0.917039
vt 0.922296 0.945461
vt 0.539873 0.462868
vt 0.534811 0.462868
vt 0.891047 0.967031
vt 0.887432 0.960142
vt 0.539873 0.500682
vt 0.534811 0.500682
vt 0.855544 0.980496
vt 0.853682 0.972942
vt 0.539873 0.538497
vt 0.534811 0.538497
vt 0.817850 0.985073
vt 0.817850 0.977293
vt 0.539873 0.576311
vt 0.534811 0.576311
vt 0.780156 0.980496
vt 0.782018 0.972942
vt 0.539873 0.614125
vt 0.534811 0.614125
vt 0.744653 0.967032
vt 0.748268 0.960143
vt 0.539873 0.651939
vt 0.534811 0.651939
vt 0.713403 0.945462
vt 0.718562 0.939639
vt 0.539873 0.689753
vt 0.534811 0.689753
vt 0.688224 0.917040
vt 0.694627 0.912621
vt 0.539873 0.727567
vt 0.534811 0.727567
vt 0.670578 0.883419
vt 0.677852 0.880660
vt 0.539873 0.765382
vt 0.534811 0.765382
vt 0.661491 0.846551
vt 0.669214 0.845614
vt 0.539873 0.803196
vt 0.534811 0.803196
vt 0.661491 0.808581
vt 0.669214 0.809518
vt 0.539873 0.841010
vt 0.534811 0.841010
vt 0.670578 0.771713
vt 0.677852 0.774472
vt 0.539873 0.878824
vt 0.534811 0.878824
vt 0.688224 0.738092
vt 0.694626 0.742511
vt 0.713403 0.709671
vt 0.718562 0.715494
vt 0.957847 0.880659
vt 0.966485 0.845613
vt 0.974208 0.846551
vt 0.965121 0.883418
vt 0.941072 0.742511
vt 0.917137 0.715493
vt 0.922296 0.709670
vt 0.947475 0.738092
vt 0.887431 0.694989
vt 0.891046 0.688100
vt 0.853681 0.682189
vt 0.855543 0.674636
vt 0.817849 0.677839
vt 0.817849 0.670059
vt 0.782017 0.682190
vt 0.780155 0.674636
vt 0.748267 0.694989
vt 0.744652 0.688101
vt 0.966485 0.809518
vt 0.957847 0.774472
vt 0.965121 0.771713
vt 0.974208 0.808580
vt 0.495821 0.089789
vt 0.504225 0.089789
vt 0.504225 0.125884
vt 0.495821 0.125884
vt 0.495820 0.631217
vt 0.504225 0.631217
vt 0.504225 0.667312
vt 0.495820 0.667312
vt 0.495820 0.378549
vt 0.504225 0.378549
vt 0.504225 0.414644
vt 0.495820 0.414644
vt 0.495821 0.919980
vt 0.504225 0.919980
vt 0.504225 0.956076
vt 0.495821 0.956076
vt 0.504225 0.161979
vt 0.495821 0.161979
vt 0.504225 0.703407
vt 0.495820 0.703407
vt 0.504225 0.450740
vt 0.495820 0.450740
vt 0.504225 0.992171
vt 0.495821 0.992171
vt 0.504225 0.198074
vt 0.495821 0.198074
vt 0.504225 0.739503
vt 0.495820 0.739503
vt 0.504225 0.486835
vt 0.495820 0.486835
vt 0.504225 0.234169
vt 0.495821 0.234169
vt 0.504225 0.775598
vt 0.495820 0.775598
vt 0.504225 0.522930
vt 0.495820 0.522930
vt 0.504225 0.270264
vt 0.495820 0.270264
vt 0.504225 0.811694
vt 0.495820 0.811694
vt 0.504225 0.559026
vt 0.495820 0.559026
vt 0.504225 0.306359
vt 0.495820 0.306359
vt 0.504225 0.847789
vt 0.495821 0.847789
vt 0.504225 0.595121
vt 0.495820 0.595121
vt 0.504225 0.342454
vt 0.495820 0.342454
vt 0.504225 0.883885
vt 0.495821 0.883885
vt 0.495821 0.053694
vt 0.504225 0.053694
vt 0.682431 0.440627
vt 0.892010 0.626298
vt 0.673793 0.475673
vt 0.699205 0.578776
vt 0.723141 0.605793
vt 0.892010 0.361144
vt 0.858261 0.348345
vt 0.945652 0.578776
vt 0.962426 0.546815
vt 0.673793 0.511769
vt 0.752847 0.626298
vt 0.822429 0.343994
vt 0.971064 0.511769
vt 0.682431 0.546815
vt 0.786596 0.639098
vt 0.786596 0.348345
vt 0.971064 0.475673
vt 0.822429 0.643448
vt 0.752847 0.361144
vt 0.962426 0.440627
vt 0.858260 0.639098
vt 0.723141 0.381649
vt 0.945652 0.408666
vt 0.699205 0.408666
vt 0.921716 0.381648
vt 0.921716 0.605794
vt 0.517082 0.803196
vt 0.517082 0.765382
vt 0.534811 0.235983
vt 0.517082 0.235983
vt 0.517082 0.198169
vt 0.534811 0.198169
vt 0.517082 0.500682
vt 0.517082 0.462868
vt 0.517082 0.727567
vt 0.517082 0.160355
vt 0.534811 0.160355
vt 0.517082 0.425054
vt 0.517082 0.689753
vt 0.517082 0.122541
vt 0.534811 0.122541
vt 0.534811 0.992267
vt 0.517082 0.992267
vt 0.517082 0.954453
vt 0.534811 0.954453
vt 0.517082 0.387240
vt 0.517082 0.651939
vt 0.517082 0.084727
vt 0.534811 0.084727
vt 0.517082 0.916638
vt 0.534811 0.916638
vt 0.517082 0.349426
vt 0.534811 0.349426
vt 0.517082 0.614125
vt 0.517082 0.046912
vt 0.534811 0.046912
vt 0.517082 0.878824
vt 0.517082 0.311611
vt 0.534811 0.311611
vt 0.517082 0.576311
vt 0.517082 0.009099
vt 0.534811 0.009099
vt 0.517082 0.841010
vt 0.517082 0.273797
vt 0.534811 0.273797
vt 0.517082 0.538497
vt 0.539873 0.349426
vt 0.539873 0.311611
vt 0.539873 0.273797
vt 0.539873 0.235983
vt 0.539873 0.198169
vt 0.539873 0.160355
vt 0.539873 0.122541
vt 0.539873 0.084727
vt 0.539873 0.046912
vt 0.539873 0.009099
vt 0.539873 0.992267
vt 0.539873 0.954453
vt 0.539873 0.916638
vt 0.630416 0.594428
vt 0.619548 0.594428
vt 0.619548 0.575911
vt 0.630416 0.575911
vt 0.630416 0.743149
vt 0.619549 0.743149
vt 0.619549 0.724608
vt 0.630416 0.724608
vt 0.630416 0.464670
vt 0.619548 0.464670
vt 0.619548 0.446130
vt 0.630416 0.446130
vt 0.630416 0.631907
vt 0.619549 0.631907
vt 0.619549 0.613361
vt 0.630416 0.613361
vt 0.630416 0.483210
vt 0.619548 0.483210
vt 0.630416 0.650448
vt 0.619549 0.650448
vt 0.630416 0.501751
vt 0.619548 0.501751
vt 0.630416 0.668988
vt 0.619549 0.668988
vt 0.630416 0.538831
vt 0.619548 0.538831
vt 0.619548 0.520291
vt 0.630416 0.520291
vt 0.630416 0.687528
vt 0.619549 0.687528
vt 0.630416 0.557371
vt 0.619548 0.557371
vt 0.630416 0.706068
vt 0.619549 0.706068
vt 0.614476 0.743149
vt 0.614476 0.446130
vt 0.608483 0.501751
vt 0.608483 0.483210
vt 0.608483 0.668988
vt 0.608483 0.650448
vt 0.608483 0.538831
vt 0.608483 0.520291
vt 0.608483 0.687528
vt 0.608483 0.557371
vt 0.608483 0.706068
vt 0.608483 0.575911
vt 0.608483 0.724608
vt 0.608483 0.594428
vt 0.608483 0.743149
vt 0.608483 0.464670
vt 0.608483 0.446130
vt 0.608483 0.631907
vt 0.608483 0.613361
vt 0.839348 0.784155
vt 0.841040 0.803835
vt 0.841061 0.820052
vt 0.831929 0.802185
vt 0.908849 0.853831
vt 0.916280 0.835162
vt 0.921334 0.819675
vt 0.922740 0.840000
vt 0.853113 0.770285
vt 0.847246 0.788859
vt 0.890748 0.861256
vt 0.904845 0.846607
vt 0.871145 0.762729
vt 0.858692 0.777373
vt 0.871190 0.861189
vt 0.889890 0.852790
vt 0.908801 0.770061
vt 0.889843 0.771112
vt 0.873653 0.771141
vt 0.890697 0.762647
vt 0.853139 0.853643
vt 0.873692 0.852771
vt 0.922708 0.783889
vt 0.904799 0.777288
vt 0.839347 0.839766
vt 0.858719 0.846545
vt 0.930160 0.802103
vt 0.916243 0.788735
vt 0.831912 0.821686
vt 0.847259 0.835054
vt 0.930160 0.821813
vt 0.921301 0.804018
vt 0.612894 0.769258
vt 0.622705 0.769258
vt 0.622705 0.785320
vt 0.612894 0.785320
vt 0.612894 0.897761
vt 0.622705 0.897761
vt 0.622705 0.913824
vt 0.612894 0.913824
vt 0.612894 0.753215
vt 0.622705 0.753215
vt 0.612894 0.881698
vt 0.622705 0.881698
vt 0.612894 0.865636
vt 0.622705 0.865636
vt 0.612894 0.978076
vt 0.622705 0.978076
vt 0.622705 0.994145
vt 0.612894 0.994145
vt 0.612894 0.849572
vt 0.622705 0.849572
vt 0.612894 0.962013
vt 0.622705 0.962013
vt 0.612894 0.833509
vt 0.622705 0.833509
vt 0.612894 0.945950
vt 0.622705 0.945950
vt 0.612894 0.801383
vt 0.622705 0.801383
vt 0.622705 0.817446
vt 0.612894 0.817446
vt 0.612894 0.929887
vt 0.622705 0.929887
vt 0.775271 0.775425
vt 0.744801 0.848984
vt 0.760639 0.769364
vt 0.744802 0.769364
vt 0.786469 0.786624
vt 0.718971 0.831724
vt 0.730169 0.842923
vt 0.792530 0.801256
vt 0.712910 0.817092
vt 0.792530 0.817093
vt 0.712910 0.801255
vt 0.786469 0.831725
vt 0.718971 0.786623
vt 0.775270 0.842923
vt 0.730170 0.775425
vt 0.760638 0.848984
vt 0.834949 0.896780
vt 0.814676 0.894418
vt 0.830915 0.887340
vt 0.809507 0.899367
vt 0.812028 0.907538
vt 0.830872 0.921902
vt 0.814598 0.914707
vt 0.834949 0.912484
vt 0.809489 0.909695
vt 0.557896 0.149280
vt 0.557896 0.184543
vt 0.557896 0.219805
vt 0.557896 0.255068
vt 0.557896 0.290330
vt 0.557896 0.325593
vt 0.557896 0.360855
vt 0.557896 0.396118
vt 0.557896 0.431380
vt 0.557896 0.466643
vt 0.557896 0.501905
vt 0.557896 0.537168
vt 0.557896 0.572430
vt 0.557896 0.607692
vt 0.557896 0.642955
vt 0.557896 0.678217
vt 0.557896 0.713480
vt 0.557896 0.748742
vt 0.557896 0.784005
vt 0.557896 0.819267
vt 0.557896 0.854530
vt 0.557896 0.889792
vt 0.557896 0.925055
vn -0.935016 -0.000000 0.354605
vn -0.935016 -0.000000 0.354605
vn -0.992709 -0.000000 0.120537
vn -0.992709 -0.000000 0.120537
vn 0.663122 0.000000 -0.748512
vn 0.663122 0.000000 -0.748512
vn 0.822983 0.000000 -0.568066
vn 0.822983 0.000000 -0.568066
vn -0.239316 0.000000 -0.970942
vn -0.239316 0.000000 -0.970942
vn -0.000000 0.000000 -1.000000
vn -0.000000 0.000000 -1.000000
vn 0.663123 -0.000000 0.748510
vn 0.663123 -0.000000 0.748510
vn 0.464724 -0.000000 0.885456
vn 0.464724 -0.000000 0.885456
vn 0.935016 0.000000 -0.354606
vn 0.935016 0.000000 -0.354606
vn -0.000000 0.000000 -1.000000
vn -0.000000 0.000000 -1.000000
vn 0.239315 0.000000 -0.970942
vn 0.239315 0.000000 -0.970942
vn 0.239316 -0.000000 0.970942
vn 0.239316 -0.000000 0.970942
vn -0.663123 -0.000000 0.748511
vn -0.663122 -0.000000 0.748511
vn -0.822984 -0.000000 0.568065
vn -0.822984 -0.000000 0.568065
vn 0.239314 0.000000 -0.970942
vn 0.239314 0.000000 -0.970942
vn 0.464722 0.000000 -0.885457
vn 0.464722 0.000000 -0.885457
vn -0.663123 0.000000 -0.748511
vn -0.663123 0.000000 -0.748511
vn -0.464723 0.000000 -0.885456
vn -0.464723 0.000000 -0.885456
vn 0.935017 -0.000000 0.354604
vn 0.935017 -0.000000 0.354604
vn 0.822984 -0.000000 0.568064
vn 0.822984 -0.000000 0.568064
vn -0.464723 -0.000000 0.885456
vn -0.464723 -0.000000 0.885456
vn -0.822984 0.000000 -0.568065
vn -0.822984 0.000000 -0.568065
vn -0.239316 0.000000 -0.970942
vn -0.239315 0.000000 -0.970942
vn -0.464723 0.000000 -0.885456
vn -0.464723 0.000000 -0.885456
vn 0.992709 -0.000000 0.120536
vn 0.992709 -0.000000 0.120536
vn -0.239316 -0.000000 0.970942
vn -0.239316 -0.000000 0.970942
vn -0.935016 0.000000 -0.354605
vn -0.935016 0.000000 -0.354605
vn 0.992709 0.000000 -0.120538
vn 0.992709 0.000000 -0.120538
vn 0.000001 -0.000000 1.000000
vn 0.000001 -0.000000 1.000000
vn -0.992709 0.000000 -0.120537
vn -0.992709 0.000000 -0.120537
vn 0.935016 0.000000 -0.354606
vn 0.935016 0.000000 -0.354606
vn 0.239316 -0.000000 0.970942
vn 0.239316 -0.000000 0.970942
vn -0.935016 -0.000000 0.354605
vn -0.935016 -0.000000 0.354605
vn -0.822984 -0.000000 0.568065
vn -0.822984 -0.000000 0.568065
vn 0.663122 0.000000 -0.748512
vn 0.663122 0.000000 -0.748512
vn 0.464722 0.000000 -0.885457
vn 0.464722 0.000000 -0.885457
vn 0.663123 -0.000000 0.748510
vn 0.663123 -0.000000 0.748510
vn 0.822984 -0.000000 0.568064
vn 0.822984 -0.000000 0.568064
vn 0.663123 -0.000000 0.748510
vn 0.663123 -0.000000 0.748510
vn 0.663122 0.000000 -0.748512
vn 0.663122 0.000000 -0.748512
vn -0.935016 -0.000000 0.354605
vn -0.935016 -0.000000 0.354605
vn 0.000000 -0.000000 1.000000
vn 0.000000 -0.000000 1.000000
vn 0.239316 -0.000000 0.970942
vn 0.239316 -0.000000 0.970942
vn 0.992709 0.000000 -0.120537
vn 0.992709 0.000000 -0.120537
vn 0.935016 0.000000 -0.354606
vn 0.935016 0.000000 -0.354606
vn -0.935016 0.000000 -0.354605
vn -0.935016 0.000000 -0.354605
vn -0.992709 0.000000 -0.120537
vn -0.992709 0.000000 -0.120537
vn -0.239315 -0.000000 0.970942
vn -0.239315 -0.000000 0.970942
vn 0.992709 -0.000000 0.120536
vn 0.992709 -0.000000 0.120536
vn -0.822984 0.000000 -0.568065
vn -0.822984 0.000000 -0.568065
vn -0.464723 -0.000000 0.885456
vn -0.464723 -0.000000 0.885456
vn 0.935017 -0.000000 0.354604
vn 0.935017 -0.000000 0.354604
vn -0.239315 0.000000 -0.970942
vn -0.239316 0.000000 -0.970942
vn -0.663123 0.000000 -0.748511
vn -0.663123 0.000000 -0.748511
vn -0.663123 -0.000000 0.748511
vn -0.663123 -0.000000 0.748511
vn 0.239315 0.000000 -0.970942
vn 0.239315 0.000000 -0.970942
vn 0.464724 -0.000000 0.885456
vn 0.464724 -0.000000 0.885456
vn -0.000000 0.000000 -1.000000
vn -0.000000 0.000000 -1.000000
vn 0.822983 0.000000 -0.568066
vn 0.822983 0.000000 -0.568066
vn 0.464724 -0.000000 0.885456
vn 0.464724 -0.000000 0.885456
vn -0.000000 0.000000 -1.000000
vn -0.000000 0.000000 -1.000000
vn 0.822983 0.000000 -0.568066
vn 0.822983 0.000000 -0.568066
vn -0.992709 0.000000 -0.120537
vn -0.992709 0.000000 -0.120537
vn -0.992709 -0.000000 0.120537
vn -0.992709 -0.000000 0.120537
vn 0.000000 -0.000000 1.000000
vn 0.000000 -0.000000 1.000000
vn 0.992709 0.000000 -0.120538
vn 0.992709 0.000000 -0.120538
vn -0.935016 0.000000 -0.354605
vn -0.935016 0.000000 -0.354605
vn -0.239315 -0.000000 0.970942
vn -0.239315 -0.000000 0.970942
vn 0.992709 -0.000000 0.120536
vn 0.992709 -0.000000 0.120536
vn -0.822984 0.000000 -0.568065
vn -0.822984 0.000000 -0.568065
vn -0.464723 -0.000000 0.885456
vn -0.464723 -0.000000 0.885456
vn 0.935017 -0.000000 0.354604
vn 0.935017 -0.000000 0.354604
vn -0.663123 0.000000 -0.748511
vn -0.663123 0.000000 -0.748511
vn -0.000000 0.000000 -1.000000
vn -0.000000 0.000000 -1.000000
vn -0.663123 -0.000000 0.748511
vn -0.663123 -0.000000 0.748511
vn 0.822984 -0.000000 0.568064
vn 0.822984 -0.000000 0.568064
vn -0.464723 0.000000 -0.885456
vn -0.464723 0.000000 -0.885456
vn 0.464722 0.000000 -0.885457
vn 0.464722 0.000000 -0.885457
vn -0.822984 -0.000000 0.568065
vn -0.822984 -0.000000 0.568065
vn -0.000000 0.000000 -1.000000
vn -0.000000 0.000000 -1.000000
vn -0.992709 -0.000000 0.120537
vn -0.992709 -0.000000 0.120537
vn 0.167706 -0.713385 0.680409
vn 0.090009 -0.926574 0.365184
vn 0.174789 -0.926574 0.333032
vn 0.325665 -0.713385 0.620503
vn 0.249410 -0.926574 0.281524
vn 0.464698 -0.713386 0.524535
vn 0.327925 0.708578 0.624806
vn 0.181091 0.920953 0.345038
vn 0.093255 0.920953 0.378350
vn 0.168869 0.708578 0.685128
vn 0.467921 0.708577 0.528174
vn 0.258402 0.920953 0.291674
vn 0.655231 -0.713387 -0.248497
vn 0.351669 -0.926575 -0.133372
vn 0.309531 -0.926576 -0.213655
vn 0.576720 -0.713389 -0.398083
vn 0.249406 -0.926576 -0.281521
vn 0.464694 -0.713389 -0.524534
vn 0.580724 0.708578 -0.400845
vn 0.320694 0.920954 -0.221359
vn 0.364351 0.920953 -0.138180
vn 0.659777 0.708579 -0.250221
vn 0.467920 0.708579 -0.528173
vn 0.258398 0.920955 -0.291671
vn -0.695661 -0.713387 -0.084468
vn -0.373369 -0.926574 -0.045335
vn -0.373368 -0.926575 0.045335
vn -0.695660 -0.713388 0.084468
vn -0.351672 -0.926574 0.133371
vn -0.655233 -0.713386 0.248496
vn -0.700488 0.708578 0.085055
vn -0.386832 0.920953 0.046970
vn -0.386833 0.920953 -0.046969
vn -0.700488 0.708578 -0.085054
vn -0.659779 0.708577 0.250221
vn -0.364353 0.920952 0.138180
vn 0.000000 -0.713386 0.700771
vn -0.000000 -0.926574 0.376113
vn 0.000000 0.920953 0.389673
vn 0.000000 0.708577 0.705634
vn -0.000000 0.926580 0.376098
vn 0.000000 0.713391 0.700766
vn 0.167704 0.713390 0.680404
vn 0.090007 0.926580 0.365169
vn 0.695661 -0.713387 -0.084469
vn 0.373368 -0.926575 -0.045336
vn 0.093255 -0.920954 0.378348
vn 0.168869 -0.708579 0.685127
vn 0.000000 -0.708577 0.705633
vn -0.000000 -0.920954 0.389670
vn 0.386830 0.920954 -0.046970
vn 0.700486 0.708580 -0.085055
vn 0.373360 0.926578 -0.045335
vn 0.695656 0.713392 -0.084469
vn 0.655228 0.713391 -0.248496
vn 0.351660 0.926579 -0.133368
vn -0.655233 -0.713386 -0.248496
vn -0.351671 -0.926574 -0.133371
vn 0.364349 -0.920954 -0.138181
vn 0.659777 -0.708578 -0.250222
vn 0.700486 -0.708579 -0.085055
vn 0.386831 -0.920954 -0.046971
vn -0.364352 0.920953 -0.138180
vn -0.659778 0.708578 -0.250221
vn -0.351662 0.926578 -0.133368
vn -0.655228 0.713391 -0.248496
vn -0.695655 0.713393 -0.084469
vn -0.373360 0.926578 -0.045334
vn -0.167706 -0.713386 0.680408
vn -0.090011 -0.926573 0.365186
vn -0.386830 -0.920954 -0.046970
vn -0.700487 -0.708579 -0.085055
vn -0.659778 -0.708578 -0.250221
vn -0.364349 -0.920954 -0.138181
vn -0.093255 0.920953 0.378350
vn -0.168869 0.708576 0.685130
vn -0.090006 0.926579 0.365170
vn -0.167704 0.713391 0.680403
vn 0.695661 -0.713387 0.084468
vn 0.373369 -0.926575 0.045335
vn -0.168869 -0.708577 0.685130
vn -0.093254 -0.920954 0.378348
vn 0.386830 0.920954 0.046970
vn 0.700486 0.708580 0.085054
vn 0.373359 0.926579 0.045334
vn 0.695656 0.713392 0.084467
vn -0.576722 -0.713388 -0.398083
vn -0.309531 -0.926575 -0.213655
vn 0.700487 -0.708579 0.085054
vn 0.386833 -0.920953 0.046969
vn -0.320695 0.920953 -0.221359
vn -0.580724 0.708578 -0.400845
vn -0.309528 0.926577 -0.213653
vn -0.576722 0.713388 -0.398081
vn -0.325666 -0.713385 0.620503
vn -0.174790 -0.926573 0.333034
vn -0.580724 -0.708578 -0.400846
vn -0.320694 -0.920953 -0.221360
vn -0.181091 0.920953 0.345039
vn -0.327924 0.708577 0.624807
vn -0.174781 0.926580 0.333018
vn -0.325662 0.713391 0.620498
vn 0.655232 -0.713387 0.248496
vn 0.351671 -0.926574 0.133370
vn -0.327923 -0.708578 0.624807
vn -0.181089 -0.920954 0.345037
vn 0.364350 0.920953 0.138180
vn 0.659778 0.708578 0.250220
vn 0.351663 0.926578 0.133367
vn 0.655229 0.713390 0.248495
vn -0.464695 -0.713389 -0.524533
vn -0.249405 -0.926576 -0.281521
vn 0.659777 -0.708579 0.250219
vn 0.364353 -0.920952 0.138180
vn -0.258400 0.920954 -0.291672
vn -0.467921 0.708579 -0.528173
vn -0.249406 0.926576 -0.281521
vn -0.464696 0.713388 -0.524533
vn 0.167705 -0.713387 -0.680408
vn 0.090008 -0.926575 -0.365181
vn -0.000000 -0.926575 -0.376109
vn 0.000000 -0.713388 -0.700769
vn 0.000000 -0.713388 -0.700769
vn -0.000000 -0.926575 -0.376109
vn -0.090009 -0.926575 -0.365180
vn -0.167705 -0.713389 -0.680405
vn -0.000000 0.708578 -0.705633
vn -0.000000 0.920955 -0.389668
vn 0.093253 0.920955 -0.378345
vn 0.168868 0.708578 -0.685128
vn -0.168869 0.708578 -0.685128
vn -0.093254 0.920955 -0.378345
vn -0.000000 0.920955 -0.389668
vn -0.000000 0.708578 -0.705633
vn -0.464699 -0.713385 0.524535
vn -0.249412 -0.926573 0.281525
vn -0.467921 -0.708577 -0.528175
vn -0.258402 -0.920952 -0.291677
vn -0.258401 0.920953 0.291675
vn -0.467920 0.708578 0.528174
vn -0.249399 0.926580 0.281513
vn -0.464695 0.713390 0.524531
vn 0.576723 -0.713386 0.398083
vn 0.309534 -0.926575 0.213656
vn -0.467921 -0.708579 0.528173
vn -0.258402 -0.920953 0.291674
vn 0.320695 0.920953 0.221359
vn 0.580724 0.708578 0.400845
vn 0.309527 0.926578 0.213649
vn 0.576721 0.713390 0.398080
vn -0.325664 -0.713388 -0.620500
vn -0.174786 -0.926576 -0.333028
vn 0.580724 -0.708578 0.400844
vn 0.320697 -0.920953 0.221359
vn -0.181088 0.920955 -0.345035
vn -0.327923 0.708579 -0.624805
vn -0.174787 0.926576 -0.333027
vn -0.325664 0.713387 -0.620501
vn 0.325662 -0.713388 -0.620501
vn 0.174786 -0.926575 -0.333028
vn -0.327925 -0.708576 -0.624808
vn -0.181092 -0.920952 -0.345041
vn 0.181087 0.920956 -0.345034
vn 0.327922 0.708579 -0.624807
vn 0.174786 0.926575 -0.333028
vn 0.325663 0.713387 -0.620502
vn 0.167704 0.713386 -0.680409
vn 0.090008 0.926575 -0.365181
vn -0.576725 -0.713385 0.398083
vn -0.309538 -0.926573 0.213655
vn 0.093256 -0.920952 -0.378352
vn 0.168869 -0.708576 -0.685130
vn 0.327924 -0.708576 -0.624809
vn 0.181090 -0.920952 -0.345040
vn -0.320695 0.920953 0.221360
vn -0.580724 0.708577 0.400846
vn -0.309525 0.926579 0.213649
vn -0.576719 0.713391 0.398081
vn -0.580724 -0.708578 0.400845
vn -0.320696 -0.920952 0.221360
vn 0.249400 0.926580 0.281513
vn 0.464695 0.713391 0.524530
vn 0.174783 0.926579 0.333018
vn 0.325664 0.713390 0.620498
vn -0.090010 0.926575 -0.365180
vn -0.167705 0.713388 -0.680406
vn -0.000000 0.926575 -0.376110
vn -0.000000 0.713387 -0.700770
vn 0.249407 0.926575 -0.281521
vn 0.464695 0.713388 -0.524534
vn 0.309527 0.926577 -0.213653
vn 0.576720 0.713389 -0.398082
vn -0.351664 0.926577 0.133368
vn -0.655227 0.713391 0.248496
vn 0.258401 -0.920954 0.291673
vn 0.467921 -0.708578 0.528173
vn 0.327924 -0.708579 0.624806
vn 0.181090 -0.920954 0.345036
vn -0.000000 0.713387 -0.700770
vn -0.000000 0.926575 -0.376110
vn -0.093256 -0.920952 -0.378352
vn -0.168870 -0.708576 -0.685130
vn -0.000000 -0.708575 -0.705635
vn -0.000000 -0.920952 -0.389675
vn -0.000000 -0.920952 -0.389675
vn -0.000000 -0.708575 -0.705635
vn 0.258400 -0.920953 -0.291676
vn 0.467920 -0.708577 -0.528176
vn 0.580724 -0.708578 -0.400846
vn 0.320694 -0.920953 -0.221361
vn -0.695656 0.713392 0.084468
vn -0.373362 0.926578 0.045334
vn -0.364352 -0.920953 0.138180
vn -0.659778 -0.708578 0.250220
vn -0.700487 -0.708578 0.085054
vn -0.386832 -0.920953 0.046970
vn 0.464722 -0.000000 0.885456
vn 0.239316 0.000000 0.970942
vn 0.239316 -0.000000 0.970942
vn 0.464724 -0.000000 0.885456
vn 0.822983 -0.000001 -0.568066
vn 0.935016 0.000000 -0.354605
vn 0.935016 0.000001 -0.354606
vn 0.822983 0.000000 -0.568066
vn -0.992709 0.000002 0.120537
vn -0.992709 0.000003 -0.120537
vn -0.992709 0.000000 -0.120536
vn -0.992709 -0.000000 0.120537
vn 0.000000 0.000000 1.000000
vn 0.000000 0.000000 1.000000
vn 0.992709 0.000003 -0.120537
vn 0.992709 0.000001 -0.120538
vn -0.935016 0.000002 -0.354604
vn -0.935016 0.000001 -0.354605
vn -0.239316 -0.000000 0.970942
vn -0.239315 0.000000 0.970942
vn 0.992709 0.000002 0.120536
vn 0.992709 -0.000001 0.120536
vn -0.822985 -0.000001 -0.568063
vn -0.822984 -0.000000 -0.568065
vn -0.464724 -0.000001 0.885456
vn -0.464722 0.000000 0.885456
vn 0.935017 0.000000 0.354604
vn 0.935016 -0.000002 0.354604
vn -0.663123 -0.000002 -0.748511
vn -0.663123 0.000000 -0.748511
vn 0.000000 -0.000001 -1.000000
vn 0.239315 -0.000001 -0.970942
vn 0.239315 0.000000 -0.970942
vn -0.000000 0.000000 -1.000000
vn -0.663123 -0.000000 0.748510
vn -0.663122 -0.000000 0.748511
vn 0.822984 0.000000 0.568064
vn 0.822984 -0.000001 0.568065
vn -0.464723 -0.000001 -0.885456
vn -0.464723 0.000000 -0.885456
vn 0.464721 -0.000002 -0.885457
vn 0.464722 0.000000 -0.885457
vn -0.822983 0.000001 0.568065
vn -0.822984 -0.000001 0.568065
vn 0.663123 -0.000000 0.748510
vn 0.663123 -0.000000 0.748511
vn -0.239315 -0.000001 -0.970942
vn -0.239316 0.000000 -0.970942
vn 0.663120 -0.000002 -0.748513
vn 0.663122 -0.000000 -0.748511
vn -0.935016 0.000003 0.354605
vn -0.935016 -0.000001 0.354605
vn 0.000000 -0.000001 -1.000000
vn -0.000000 0.000000 -1.000000
vn 0.117743 -0.967372 -0.224341
vn 0.060635 -0.967370 -0.246004
vn 0.128575 -0.843410 -0.521659
vn 0.217933 -0.413156 -0.884199
vn 0.230748 0.265176 -0.936182
vn 0.448086 0.265171 -0.853758
vn -0.000000 0.265177 -0.964200
vn 0.230748 0.265176 -0.936182
vn 0.217933 -0.413156 -0.884199
vn 0.901544 0.265169 -0.341912
vn 0.530402 0.823536 -0.201155
vn 0.563127 0.823537 -0.068377
vn 0.957172 0.265167 -0.116222
vn 0.230748 0.265172 0.936183
vn 0.135753 0.823538 0.550778
vn -0.000000 0.823539 0.567260
vn 0.000000 0.265174 0.964201
vn -0.957171 0.265172 0.116220
vn -0.563128 0.823536 0.068376
vn -0.563130 0.823535 -0.068376
vn -0.957171 0.265171 -0.116222
vn 0.793521 0.265170 -0.547731
vn 0.466850 0.823536 -0.322243
vn 0.448088 0.265171 0.853757
vn 0.263620 0.823537 0.502286
vn -0.901544 0.265171 0.341909
vn -0.530401 0.823536 0.201154
vn 0.639382 0.265170 -0.721717
vn 0.376166 0.823535 -0.424604
vn -0.230748 0.265174 -0.936183
vn -0.135756 0.823538 -0.550778
vn -0.000001 0.823538 -0.567261
vn 0.639385 0.265170 0.721714
vn 0.376165 0.823537 0.424603
vn -0.793522 0.265171 0.547730
vn -0.466850 0.823536 0.322242
vn 0.263621 0.823537 -0.502286
vn -0.448088 0.265170 -0.853758
vn -0.263621 0.823537 -0.502286
vn 0.793522 0.265170 0.547729
vn 0.466850 0.823536 0.322242
vn -0.639384 0.265170 0.721715
vn -0.376165 0.823536 0.424603
vn 0.135754 0.823538 -0.550777
vn -0.639385 0.265170 -0.721714
vn -0.376166 0.823536 -0.424603
vn 0.901544 0.265169 0.341911
vn 0.530405 0.823534 0.201154
vn -0.448087 0.265170 0.853758
vn -0.263619 0.823537 0.502286
vn 0.135754 0.823538 -0.550777
vn -0.793523 0.265170 -0.547728
vn -0.466849 0.823536 -0.322242
vn 0.957172 0.265167 0.116221
vn 0.563128 0.823536 0.068376
vn -0.230748 0.265172 0.936183
vn -0.135754 0.823538 0.550778
vn -0.901544 0.265170 -0.341911
vn -0.530403 0.823535 -0.201154
vn 0.915836 0.385847 -0.111203
vn 0.992709 0.000000 -0.120536
vn 0.992709 0.000000 0.120536
vn 0.915837 0.385846 0.111203
vn -0.759255 0.385843 0.524077
vn -0.822983 0.000000 0.568066
vn -0.935016 -0.000000 0.354606
vn -0.862611 0.385845 0.327148
vn -0.428736 0.385845 -0.816890
vn -0.464724 0.000000 -0.885456
vn -0.239316 0.000000 -0.970942
vn -0.220784 0.385844 -0.895756
vn 0.862612 0.385845 -0.327146
vn 0.935016 0.000000 -0.354604
vn -0.611774 0.385842 0.690549
vn -0.663121 0.000000 0.748512
vn -0.611773 0.385844 -0.690550
vn -0.663123 0.000000 -0.748510
vn 0.759256 0.385843 -0.524076
vn 0.822984 0.000000 -0.568065
vn -0.428736 0.385844 0.816891
vn -0.464722 0.000000 0.885457
vn -0.000000 0.385845 0.922564
vn 0.000000 -0.000000 1.000000
vn -0.239315 0.000000 0.970942
vn -0.220783 0.385843 0.895757
vn -0.759256 0.385843 -0.524076
vn -0.822984 0.000000 -0.568064
vn 0.611774 0.385842 -0.690550
vn 0.663122 0.000000 -0.748511
vn -0.220783 0.385843 0.895757
vn -0.239315 0.000000 0.970942
vn 0.611773 0.385843 0.690550
vn 0.663123 0.000000 0.748511
vn 0.464724 -0.000001 0.885456
vn 0.428735 0.385844 0.816891
vn -0.862612 0.385846 -0.327145
vn -0.935017 0.000000 -0.354604
vn 0.428737 0.385841 -0.816891
vn 0.464724 0.000000 -0.885456
vn 0.759256 0.385843 0.524076
vn 0.822983 0.000000 0.568066
vn -0.915838 0.385844 -0.111202
vn -0.992709 -0.000000 -0.120536
vn 0.220784 0.385841 -0.895757
vn 0.239315 0.000000 -0.970942
vn 0.239316 -0.000001 0.970942
vn 0.220783 0.385844 0.895756
vn 0.862612 0.385844 0.327146
vn 0.935016 0.000000 0.354605
vn -0.915838 0.385842 0.111204
vn -0.992709 -0.000000 0.120537
vn -0.000001 0.385841 -0.922565
vn -0.000000 0.000000 -1.000000
vn -0.007928 0.999968 -0.000963
vn -0.007467 0.999968 -0.002832
vn 0.007464 0.999968 -0.002832
vn -0.007926 0.999968 0.000963
vn 0.006573 0.999968 -0.004537
vn 0.003710 0.999968 0.007074
vn -0.007466 0.999968 0.002832
vn 0.005298 0.999968 -0.005978
vn -0.001912 0.999968 -0.007753
vn -0.000000 0.999968 -0.007987
vn 0.005295 0.999968 0.005977
vn -0.006575 0.999968 0.004537
vn 0.003713 0.999968 -0.007070
vn 0.006575 0.999968 0.004536
vn -0.005297 0.999968 0.005978
vn 0.001912 0.999968 -0.007753
vn -0.124388 0.854305 0.504669
vn -0.005296 0.999968 -0.005978
vn 0.007468 0.999968 0.002832
vn -0.003711 0.999968 0.007075
vn -0.124388 0.854305 0.504669
vn 0.001912 0.999968 -0.007753
vn -0.006574 0.999968 -0.004536
vn 0.007924 0.999968 0.000963
vn 0.128575 -0.843410 -0.521659
vn 0.060635 -0.967370 -0.246004
vn 0.000000 -0.967370 -0.253369
vn 0.000001 1.000000 -0.000000
vn 0.000002 1.000000 0.000001
vn 0.000000 1.000000 -0.000000
vn -0.000001 1.000000 0.000000
vn -0.000001 1.000000 0.000000
vn -0.000000 1.000000 -0.000000
vn 0.000000 1.000000 -0.000000
vn 0.000001 1.000000 -0.000000
vn 0.000002 1.000000 0.000000
vn -0.000001 1.000000 -0.000000
vn 0.000002 1.000000 0.000000
vn 0.000001 1.000000 0.000000
vn 0.000000 1.000000 0.000000
vn -0.000000 1.000000 0.000001
vn -0.000000 1.000000 0.000000
vn -0.000001 1.000000 0.000000
vn -0.000002 1.000000 0.000000
vn 0.000001 1.000000 -0.000000
vn -0.000001 1.000000 0.000000
vn -0.000002 1.000000 -0.000000
vn 0.000000 1.000000 -0.000000
vn 0.000001 1.000000 0.000000
vn -0.000002 1.000000 0.000001
vn 0.000000 1.000000 0.000001
vn -0.000002 1.000000 -0.000000
vn 0.000001 1.000000 0.000000
vn 0.372046 0.599231 0.708875
vn 0.372046 0.599231 0.708875
vn 0.530880 0.599232 0.599239
vn 0.530880 0.599232 0.599239
vn 0.000000 -1.000000 -0.000001
vn 0.000000 -1.000000 -0.000001
vn 0.000000 -1.000000 -0.000001
vn 0.000000 -1.000000 -0.000001
vn 0.191591 0.599230 0.777313
vn 0.191591 0.599230 0.777313
vn -0.000000 -1.000000 -0.000000
vn -0.000000 -1.000000 -0.000000
vn 0.000001 0.599232 0.800575
vn 0.000001 0.599232 0.800576
vn -0.000000 -1.000000 -0.000000
vn -0.000000 -1.000000 -0.000000
vn -0.191590 0.599233 0.777311
vn -0.239315 0.000000 0.970942
vn -0.000000 -1.000000 -0.000000
vn -0.000000 -1.000000 -0.000000
vn -0.372045 0.599234 0.708873
vn -0.464724 0.000000 0.885456
vn 0.000000 -1.000000 -0.000000
vn 0.000000 -1.000000 -0.000000
vn -0.530879 0.599234 0.599239
vn -0.663123 0.000000 0.748511
vn 0.000000 -1.000000 -0.000000
vn 0.000000 -1.000000 -0.000000
vn -0.658860 0.599233 0.454779
vn -0.822984 -0.000000 0.568064
vn -0.000000 -1.000000 -0.000000
vn -0.000000 -1.000000 -0.000000
vn -0.748550 0.599233 0.283888
vn -0.935016 -0.000000 0.354605
vn -0.000000 -1.000000 -0.000001
vn -0.000000 -1.000000 -0.000001
vn -0.794736 0.599235 0.096499
vn -0.992709 -0.000000 0.120537
vn -0.000000 -1.000000 -0.000001
vn -0.000000 -1.000000 -0.000001
vn -0.794736 0.599234 -0.096499
vn -0.992709 0.000000 -0.120537
vn -0.000000 -1.000000 -0.000000
vn -0.000000 -1.000000 -0.000000
vn -0.748550 0.599233 -0.283888
vn -0.935016 0.000000 -0.354605
vn -0.000000 -1.000000 -0.000000
vn -0.000000 -1.000000 -0.000000
vn -0.658860 0.599233 -0.454779
vn -0.822984 0.000000 -0.568065
vn 0.000000 -1.000000 -0.000000
vn 0.000000 -1.000000 -0.000000
vn -0.530880 0.599232 -0.599239
vn -0.663123 0.000000 -0.748511
vn 0.000000 -1.000000 -0.000001
vn 0.000000 -1.000000 -0.000001
vn 0.000000 -1.000000 -0.000001
vn 0.000000 -1.000000 -0.000001
vn 0.000000 -1.000000 -0.000000
vn -0.000000 -1.000000 -0.000000
vn -0.000000 -1.000000 -0.000000
vn 0.000000 -1.000000 -0.000000
vn -0.000000 -1.000000 -0.000001
vn 0.000000 -1.000000 -0.000000
vn 0.000000 -1.000000 -0.000000
vn -0.000000 -1.000000 -0.000001
vn 0.000000 -1.000000 -0.000000
vn 0.000000 -1.000000 -0.000000
vn 0.000000 -1.000000 -0.000000
vn 0.000000 -1.000000 -0.000000
vn -0.000000 -1.000000 -0.000000
vn -0.000000 -1.000000 -0.000000
vn -0.000000 -1.000000 -0.000000
vn -0.000000 -1.000000 -0.000000
vn 0.000000 -1.000000 -0.000000
vn 0.000000 -1.000000 -0.000000
vn -0.000000 -1.000000 -0.000000
vn -0.000000 -1.000000 -0.000001
vn -0.000000 -1.000000 -0.000001
vn -0.000000 -1.000000 -0.000000
vn 0.239316 0.000000 0.970942
vn 0.239315 0.000000 0.970942
vn 0.464723 0.000000 0.885456
vn 0.464723 0.000000 0.885456
vn -0.663123 0.000000 -0.748510
vn -0.663123 0.000000 -0.748510
vn -0.822985 0.000000 -0.568064
vn -0.822985 0.000000 -0.568064
vn 0.822984 0.000000 -0.568064
vn 0.822984 0.000000 -0.568064
vn 0.663123 0.000000 -0.748511
vn 0.663123 0.000000 -0.748511
vn -0.464722 0.000000 0.885457
vn -0.464722 0.000000 0.885457
vn -0.239314 0.000000 0.970942
vn -0.239314 0.000000 0.970942
vn 0.663123 0.000000 0.748511
vn 0.663123 0.000000 0.748511
vn -0.935017 0.000000 -0.354604
vn -0.935017 0.000000 -0.354604
vn 0.464723 0.000000 -0.885456
vn 0.464723 0.000000 -0.885456
vn 0.000000 0.000000 1.000000
vn 0.000000 0.000000 1.000000
vn 0.822984 0.000000 0.568065
vn 0.822984 0.000000 0.568065
vn -0.992709 0.000000 -0.120536
vn -0.992709 0.000000 -0.120536
vn 0.239315 0.000000 -0.970942
vn 0.239315 0.000000 -0.970942
vn 0.935016 -0.000000 0.354605
vn 0.935016 -0.000000 0.354605
vn -0.992709 -0.000000 0.120537
vn -0.992709 -0.000000 0.120537
vn -0.000000 0.000000 -1.000000
vn -0.000000 0.000000 -1.000000
vn 0.992709 -0.000000 0.120537
vn 0.992709 -0.000000 0.120537
vn -0.935016 -0.000000 0.354606
vn -0.935016 -0.000000 0.354606
vn -0.239316 0.000000 -0.970942
vn -0.239316 0.000000 -0.970942
vn 0.992709 0.000000 -0.120537
vn 0.992709 0.000000 -0.120537
vn -0.822983 0.000000 0.568066
vn -0.822983 0.000000 0.568066
vn -0.464724 0.000000 -0.885456
vn -0.464724 0.000000 -0.885456
vn 0.935016 0.000000 -0.354605
vn 0.935016 0.000000 -0.354605
vn -0.663121 0.000000 0.748512
vn -0.663121 0.000000 0.748512
vn 0.000000 0.000000 1.000000
vn 0.000000 0.000000 1.000000
vn -0.000000 -1.000000 -0.000000
vn 0.000000 -1.000000 -0.000000
vn -0.000000 -1.000000 -0.000000
vn -0.000000 -1.000000 -0.000000
vn 0.000000 -1.000000 -0.000000
vn 0.000000 -1.000000 -0.000000
vn 0.000000 -1.000000 -0.000000
vn -0.000000 -1.000000 -0.000000
vn -0.000000 -1.000000 -0.000000
vn 0.000000 -1.000000 -0.000000
vn 0.000000 -1.000000 -0.000000
vn 0.000000 -1.000000 -0.000000
vn 0.000000 -1.000000 -0.000000
vn 0.000000 -1.000000 -0.000000
vn 0.000000 -1.000000 -0.000000
vn 0.000000 -1.000000 -0.000000
vn -0.000000 -1.000000 -0.000000
vn -0.000000 -1.000000 -0.000000
vn 0.000000 -1.000000 -0.000000
vn 0.000000 -1.000000 -0.000000
vn -0.000000 -1.000000 -0.000000
vn 0.000000 -1.000000 -0.000000
vn 0.000000 -1.000000 -0.000000
vn 0.000000 -1.000000 -0.000000
vn 0.000000 -1.000000 -0.000000
vn -0.000000 -1.000000 -0.000000
vn -0.935016 0.000000 -0.354605
vn -0.992709 0.000000 -0.120537
vn 0.794738 0.599232 -0.096499
vn 0.992709 0.000000 -0.120537
vn 0.935016 0.000000 -0.354606
vn 0.748550 0.599233 -0.283888
vn 0.000001 0.000000 1.000000
vn 0.239316 0.000000 0.970942
vn -0.992709 -0.000000 0.120537
vn 0.822983 0.000000 -0.568066
vn 0.658859 0.599235 -0.454778
vn 0.464724 0.000000 0.885456
vn -0.935016 -0.000000 0.354605
vn 0.663121 0.000000 -0.748512
vn 0.530878 0.599234 -0.599239
vn -0.000000 0.000000 -1.000000
vn -0.000000 0.000000 -1.000000
vn -0.239316 0.000000 -0.970942
vn -0.239316 0.000000 -0.970942
vn 0.663123 0.000000 0.748510
vn -0.822984 -0.000000 0.568064
vn 0.464722 0.000000 -0.885457
vn 0.372044 0.599235 -0.708873
vn -0.464723 0.000000 -0.885456
vn -0.464723 0.000000 -0.885456
vn 0.822984 -0.000000 0.568064
vn 0.658861 0.599231 0.454779
vn -0.663123 0.000000 0.748511
vn 0.239314 0.000000 -0.970942
vn 0.191589 0.599234 -0.777311
vn -0.663123 0.000000 -0.748511
vn 0.935017 -0.000000 0.354604
vn 0.748550 0.599233 0.283887
vn -0.464724 0.000000 0.885456
vn -0.000000 0.000000 -1.000000
vn -0.000000 0.000000 -1.000000
vn -0.822984 0.000000 -0.568065
vn 0.992709 -0.000000 0.120536
vn 0.794738 0.599233 0.096498
vn -0.239315 0.000000 0.970942
vn 0.658861 0.599231 0.454779
vn 0.748551 0.599233 0.283887
vn 0.794738 0.599233 0.096498
vn 0.794738 0.599232 -0.096499
vn 0.748550 0.599234 -0.283888
vn 0.658858 0.599235 -0.454779
vn 0.530878 0.599234 -0.599239
vn 0.372044 0.599235 -0.708873
vn 0.191589 0.599234 -0.777311
vn -0.000000 0.599231 -0.800576
vn -0.000000 0.599231 -0.800576
vn -0.191590 0.599234 -0.777311
vn -0.372046 0.599234 -0.708873
vn -1.000000 -0.000000 -0.000001
vn -0.909589 0.415510 -0.000093
vn -0.840035 0.416018 -0.348238
vn -0.923879 0.000000 -0.382685
vn 1.000000 -0.000000 -0.000001
vn 0.906576 0.422044 -0.000089
vn 0.837873 0.421556 0.346784
vn 0.923880 -0.000000 0.382682
vn 0.923879 0.000000 -0.382684
vn 0.837601 0.422041 -0.346850
vn 0.906576 0.422044 -0.000089
vn 1.000000 -0.000000 -0.000001
vn -0.707106 -0.000001 0.707107
vn -0.642828 0.416016 0.643197
vn -0.840316 0.415508 0.348169
vn -0.923880 -0.000000 0.382683
vn 0.707107 0.000000 -0.707107
vn 0.641386 0.421555 -0.641027
vn -0.382682 -0.000000 0.923880
vn -0.347470 0.416952 0.839890
vn 0.382683 0.000000 -0.923880
vn 0.347532 0.420653 -0.838017
vn -0.000000 -0.000001 1.000000
vn 0.000456 0.418164 0.908371
vn -0.382683 0.000001 -0.923880
vn -0.347194 0.418166 -0.839401
vn 0.000454 0.419464 -0.907772
vn -0.000001 0.000001 -1.000000
vn 0.382684 -0.000001 0.923879
vn 0.347809 0.419464 0.838498
vn -0.707106 0.000001 -0.707108
vn -0.642432 0.416954 -0.642986
vn 0.707108 -0.000000 0.707106
vn 0.641774 0.420652 0.641231
vn 0.799574 0.600568 -0.000059
vn 0.799574 0.600568 -0.000059
vn 0.303498 0.607999 -0.733639
vn 0.559375 0.611405 -0.559717
vn -0.000393 0.598531 0.801099
vn -0.308186 0.593877 0.743190
vn -0.306930 0.598531 -0.739970
vn -0.000408 0.603489 -0.797371
vn 0.304766 0.603489 0.736830
vn -0.569133 0.593876 -0.568682
vn 0.561149 0.607998 0.561649
vn -0.745843 0.590264 -0.308716
vn 0.730990 0.611405 0.303048
vn -0.808649 0.588292 0.000071
vn 0.789901 0.613234 0.000086
vn 0.729740 0.613234 -0.302363
vn 0.789901 0.613234 0.000086
vn -0.570931 0.590264 0.570637
vn -0.747121 0.588292 0.309391
vn 0.559375 0.611405 -0.559717
vn -0.732377 0.608867 0.304804
vn -0.793266 0.608874 -0.001334
vn 0.729740 0.613234 -0.302363
vn -0.308186 0.593877 0.743190
vn 0.587400 0.582037 -0.562311
vn 0.589445 0.807748 -0.009857
vn -0.570931 0.590264 0.570637
vn 0.303498 0.607999 -0.733639
vn -0.559438 0.606543 0.564921
vn -0.000393 0.598531 0.801099
vn 0.319132 0.577684 -0.751289
vn -0.000408 0.603489 -0.797371
vn -0.300000 0.601890 0.740087
vn 0.304766 0.603489 0.736830
vn 0.008093 0.586573 -0.809856
vn -0.569133 0.593876 -0.568682
vn 0.317388 0.586575 0.745114
vn 0.007564 0.595044 0.803658
vn -0.306930 0.598531 -0.739970
vn 0.561149 0.607998 0.561649
vn -0.300557 0.595043 -0.745379
vn -0.745843 0.590264 -0.308716
vn 0.582348 0.577683 0.571973
vn 0.730990 0.611405 0.303048
vn -0.560383 0.601890 -0.568947
vn -0.808649 0.588292 0.000071
vn 0.758012 0.581405 0.295612
vn 0.789901 0.613234 0.000086
vn -0.733032 0.606548 -0.307836
vn -0.747121 0.588292 0.309391
vn 0.551020 0.806736 -0.213434
vn 0.758012 0.581405 0.295612
vn 0.924370 0.110870 0.365032
vn 0.698900 0.132223 0.702891
vn 0.582348 0.577683 0.571973
vn -0.733032 0.606548 -0.307836
vn -0.920391 0.095349 -0.379195
vn -0.705363 0.102693 -0.701368
vn -0.560383 0.601890 -0.568947
vn 0.551020 0.806736 -0.213434
vn 0.983831 0.082099 0.159171
vn -0.793266 0.608874 -0.001334
vn -0.995816 0.091375 0.000664
vn -0.732377 0.608867 0.304804
vn -0.920268 0.091375 0.380470
vn 0.587400 0.582037 -0.562311
vn 0.715323 0.108921 -0.690253
vn 0.849559 0.078187 -0.521667
vn 0.589445 0.807748 -0.009857
vn -0.559438 0.606543 0.564921
vn -0.705219 0.095350 0.702548
vn 0.319132 0.577684 -0.751289
vn 0.376716 0.132223 -0.916843
vn -0.300000 0.601890 0.740087
vn -0.383268 0.102694 0.917910
vn 0.008093 0.586573 -0.809856
vn -0.003331 0.122653 -0.992444
vn 0.317388 0.586575 0.745114
vn 0.376717 0.122653 0.918173
vn -0.003330 0.112283 0.993671
vn 0.007564 0.595044 0.803658
vn -0.300557 0.595043 -0.745379
vn -0.383338 0.112283 -0.916757
vn 0.000005 1.000000 0.000000
vn 0.000000 1.000000 0.000000
vn 0.000005 1.000000 0.000000
vn -0.000005 1.000000 0.000000
vn -0.000005 1.000000 0.000000
vn 0.000000 1.000000 0.000000
vn 0.000005 1.000000 0.000000
vn 0.000000 1.000000 0.000000
vn -0.000002 1.000000 0.000000
vn -0.000001 1.000000 0.000000
vn -0.000000 1.000000 0.000000
vn -0.000001 1.000000 0.000000
vn -0.000000 1.000000 0.000000
vn 0.000000 1.000000 0.000000
vn 0.000002 1.000000 0.000000
vn -0.000005 1.000000 0.000000
vn 0.551020 0.806736 -0.213434
vn 0.419145 0.133861 -0.897997
vn -0.081432 0.030385 -0.996216
vn 0.956443 0.217350 -0.194875
vn 0.906422 0.379355 -0.185715
vn 0.321941 0.057175 0.945032
vn 0.730568 0.144781 0.667315
vn 0.589445 0.807748 -0.009857
vn 0.956443 0.217350 -0.194875
vn -0.060635 -0.967370 -0.246004
vn -0.117745 -0.967371 -0.224341
vn -0.168005 -0.967373 -0.189642
vn -0.208504 -0.967374 -0.143924
vn -0.236881 -0.967376 -0.089842
vn -0.251493 -0.967377 -0.030539
vn -0.251498 -0.967376 0.030539
vn -0.236888 -0.967374 0.089842
vn -0.208512 -0.967372 0.143924
vn -0.168012 -0.967372 0.189641
vn -0.117744 -0.967372 0.224337
vn -0.060635 -0.967372 0.245996
vn -0.000001 -0.967372 0.253358
vn 0.060634 -0.967373 0.245996
vn 0.117746 -0.967372 0.224337
vn 0.168016 -0.967371 0.189642
vn 0.208517 -0.967371 0.143924
vn 0.236890 -0.967374 0.089842
vn 0.251510 -0.967373 0.030539
vn 0.251523 -0.967369 -0.030539
vn 0.236902 -0.967371 -0.089842
vn 0.208515 -0.967371 -0.143923
vn 0.168010 -0.967372 -0.189641
f 1/1/1 2/2/2 3/3/3
f 1/1/1 3/3/3 4/4/4
f 5/5/5 6/6/6 7/7/7
f 5/5/5 7/7/7 8/8/8
f 9/9/9 10/10/10 11/11/11
f 9/9/9 11/11/11 12/12/12
f 13/13/13 14/14/14 15/15/15
f 13/13/13 15/15/15 16/16/16
f 8/8/8 7/7/7 17/17/17
f 8/8/8 17/17/17 18/18/18
f 19/19/19 20/20/20 21/21/21
f 19/19/19 21/21/21 22/22/22
f 16/16/16 15/15/15 23/23/23
f 16/16/16 23/23/23 24/24/24
f 25/25/25 26/26/26 27/27/27
f 25/25/25 27/27/27 28/28/28
f 29/29/29 30/30/30 31/31/31
f 29/29/29 31/31/31 32/32/32
f 33/33/33 34/34/34 35/35/35
f 33/33/33 35/35/35 36/36/36
f 37/37/37 38/38/38 39/39/39
f 37/37/37 39/39/39 40/40/40
f 41/41/41 42/42/42 26/26/26
f 41/41/41 26/26/26 25/25/25
f 43/43/43 44/44/44 34/34/34
f 43/43/43 34/34/34 33/33/33
f 45/45/45 46/46/46 47/47/47
f 45/45/45 47/47/47 48/48/48
f 49/49/49 50/50/50 38/38/38
f 49/49/49 38/38/38 37/37/37
f 51/51/51 52/52/52 42/42/42
f 51/51/51 42/42/42 41/41/41
f 53/53/53 54/54/54 44/44/44
f 53/53/53 44/44/44 43/43/43
f 55/55/55 56/56/56 50/50/50
f 55/55/55 50/50/50 49/49/49
f 57/57/57 58/58/58 52/52/52
f 57/57/57 52/52/52 51/51/51
f 59/59/59 60/60/60 54/54/54
f 59/59/59 54/54/54 53/53/53
f 61/61/61 62/62/62 56/56/56
f 61/61/61 56/56/56 55/55/55
f 63/63/63 64/64/64 58/58/58
f 63/63/63 58/58/58 57/57/57
f 65/65/65 66/66/66 67/67/67
f 65/65/65 67/67/67 68/68/68
f 69/69/69 70/70/70 71/71/71
f 69/69/69 71/71/71 72/72/72
f 73/73/73 74/74/74 75/75/75
f 73/73/73 75/75/75 76/76/76
f 40/40/40 39/39/39 77/77/77
f 40/40/40 77/77/77 78/78/78
f 32/32/32 31/31/31 79/79/79
f 32/32/32 79/79/79 80/80/80
f 28/28/28 27/27/27 81/81/81
f 28/28/28 81/81/81 82/82/82
f 83/83/83 84/84/84 85/85/85
f 83/83/83 85/85/85 86/86/86
f 87/87/87 88/88/88 89/89/89
f 87/87/87 89/89/89 90/90/90
f 91/91/91 92/92/92 93/93/93
f 91/91/91 93/93/93 94/94/94
f 95/95/95 96/96/96 84/84/84
f 95/95/95 84/84/84 83/83/83
f 97/97/97 98/98/98 88/88/88
f 97/97/97 88/88/88 87/87/87
f 99/99/99 100/100/100 92/92/92
f 99/99/99 92/92/92 91/91/91
f 101/101/101 102/102/102 96/96/96
f 101/101/101 96/96/96 95/95/95
f 103/103/103 104/104/104 98/98/98
f 103/103/103 98/98/98 97/97/97
f 36/36/36 35/35/35 105/105/105
f 36/36/36 105/105/105 106/106/106
f 107/107/107 108/108/108 100/100/100
f 107/107/107 100/100/100 99/99/99
f 109/109/109 110/110/110 102/102/102
f 109/109/109 102/102/102 101/101/101
f 76/76/76 75/75/75 104/104/104
f 76/76/76 104/104/104 103/103/103
f 48/48/48 47/47/47 108/108/108
f 48/48/48 108/108/108 107/107/107
f 72/72/72 71/71/71 111/111/111
f 72/72/72 111/111/111 112/112/112
f 68/68/68 67/67/67 110/110/110
f 68/68/68 110/110/110 109/109/109
f 86/86/86 85/85/85 113/113/113
f 86/86/86 113/113/113 114/114/114
f 112/112/112 111/111/111 115/115/115
f 112/112/112 115/115/115 116/116/116
f 90/90/90 89/89/89 117/117/117
f 90/90/90 117/117/117 118/118/118
f 119/119/119 120/120/120 64/64/64
f 119/119/119 64/64/64 63/63/63
f 121/121/121 122/122/122 30/30/30
f 121/121/121 30/30/30 29/29/29
f 123/123/123 124/124/124 62/62/62
f 123/123/123 62/62/62 61/61/61
f 4/4/4 3/3/3 125/125/125
f 4/4/4 125/125/125 126/126/126
f 114/114/114 113/113/113 74/74/74
f 114/114/114 74/74/74 73/73/73
f 118/118/118 117/117/117 70/70/70
f 118/118/118 70/70/70 69/69/69
f 127/127/127 128/128/128 66/66/66
f 127/127/127 66/66/66 65/65/65
f 24/24/24 23/23/23 129/129/129
f 24/24/24 129/129/129 130/130/130
f 18/18/18 17/17/17 131/131/131
f 18/18/18 131/131/131 132/132/132
f 126/126/126 125/125/125 133/133/133
f 126/126/126 133/133/133 134/134/134
f 130/130/130 129/129/129 135/135/135
f 130/130/130 135/135/135 136/136/136
f 132/132/132 131/131/131 137/137/137
f 132/132/132 137/137/137 138/138/138
f 134/134/134 133/133/133 139/139/139
f 134/134/134 139/139/139 140/140/140
f 136/136/136 135/135/135 141/141/141
f 136/136/136 141/141/141 142/142/142
f 138/138/138 137/137/137 143/143/143
f 138/138/138 143/143/143 144/144/144
f 140/140/140 139/139/139 145/145/145
f 140/140/140 145/145/145 146/146/146
f 147/147/147 148/148/148 46/46/46
f 147/147/147 46/46/46 45/45/45
f 142/142/142 141/141/141 149/149/149
f 142/142/142 149/149/149 150/150/150
f 144/144/144 143/143/143 151/151/151
f 144/144/144 151/151/151 152/152/152
f 146/146/146 145/145/145 153/153/153
f 146/146/146 153/153/153 154/154/154
f 22/22/22 21/21/21 155/155/155
f 22/22/22 155/155/155 156/156/156
f 150/150/150 149/149/149 157/157/157
f 150/150/150 157/157/157 158/158/158
f 152/152/152 151/151/151 14/14/14
f 152/152/152 14/14/14 13/13/13
f 154/154/154 153/153/153 10/10/10
f 154/154/154 10/10/10 9/9/9
f 156/156/156 155/155/155 6/6/6
f 156/156/156 6/6/6 5/5/5
f 158/158/158 157/157/157 2/2/2
f 158/158/158 2/2/2 1/1/1
f 78/78/78 77/77/77 120/120/120
f 78/78/78 120/120/120 119/119/119
f 106/106/106 105/105/105 159/159/159
f 106/106/106 159/159/159 160/160/160
f 80/80/80 79/79/79 124/124/124
f 80/80/80 124/124/124 123/123/123
f 82/82/82 81/81/81 161/161/161
f 82/82/82 161/161/161 162/162/162
f 94/94/94 93/93/93 128/128/128
f 94/94/94 128/128/128 127/127/127
f 163/163/163 164/164/164 165/165/165
f 163/163/163 165/165/165 166/166/166
f 166/166/166 165/165/165 167/167/167
f 166/166/166 167/167/167 168/168/168
f 169/169/169 170/170/170 171/171/171
f 169/169/169 171/171/171 172/172/172
f 173/173/173 174/174/174 170/170/170
f 173/173/173 170/170/170 169/169/169
f 175/175/175 176/176/176 177/177/177
f 175/175/175 177/177/177 178/178/178
f 178/178/178 177/177/177 179/179/179
f 178/178/178 179/179/179 180/180/180
f 181/181/181 182/182/182 183/183/183
f 181/181/181 183/183/183 184/184/184
f 185/185/185 186/186/186 182/182/182
f 185/185/185 182/182/182 181/181/181
f 187/187/187 188/188/188 189/189/189
f 187/187/187 189/189/189 190/190/190
f 190/190/190 189/189/189 191/191/191
f 190/190/190 191/191/191 192/192/192
f 193/193/193 194/194/194 195/195/195
f 193/193/193 195/195/195 196/196/196
f 197/197/197 198/198/198 194/194/194
f 197/197/197 194/194/194 193/193/193
f 199/199/199 200/200/200 164/164/164
f 199/199/199 164/164/164 163/163/163
f 172/172/172 171/171/171 201/201/201
f 172/172/172 201/201/201 202/202/202
f 203/203/203 204/204/204 205/205/205
f 203/203/203 205/205/205 206/206/206
f 207/207/207 208/208/208 176/176/176
f 207/207/207 176/176/176 175/175/175
f 209/209/209 210/210/210 211/211/211
f 209/209/209 211/211/211 212/212/212
f 184/184/184 183/183/183 213/213/213
f 184/184/184 213/213/213 214/214/214
f 215/215/215 216/216/216 217/217/217
f 215/215/215 217/217/217 218/218/218
f 219/219/219 220/220/220 188/188/188
f 219/219/219 188/188/188 187/187/187
f 221/221/221 222/222/222 223/223/223
f 221/221/221 223/223/223 224/224/224
f 196/196/196 195/195/195 225/225/225
f 196/196/196 225/225/225 226/226/226
f 227/227/227 228/228/228 229/229/229
f 227/227/227 229/229/229 230/230/230
f 231/231/231 232/232/232 200/200/200
f 231/231/231 200/200/200 199/199/199
f 233/233/233 234/234/234 235/235/235
f 233/233/233 235/235/235 236/236/236
f 202/202/202 201/201/201 237/237/237
f 202/202/202 237/237/237 238/238/238
f 239/239/239 240/240/240 204/204/204
f 239/239/239 204/204/204 203/203/203
f 241/241/241 242/242/242 208/208/208
f 241/241/241 208/208/208 207/207/207
f 212/212/212 211/211/211 243/243/243
f 212/212/212 243/243/243 244/244/244
f 214/214/214 213/213/213 245/245/245
f 214/214/214 245/245/245 246/246/246
f 247/247/247 248/248/248 216/216/216
f 247/247/247 216/216/216 215/215/215
f 249/249/249 250/250/250 220/220/220
f 249/249/249 220/220/220 219/219/219
f 224/224/224 223/223/223 251/251/251
f 224/224/224 251/251/251 252/252/252
f 226/226/226 225/225/225 253/253/253
f 226/226/226 253/253/253 254/254/254
f 255/255/255 256/256/256 228/228/228
f 255/255/255 228/228/228 227/227/227
f 257/257/257 258/258/258 232/232/232
f 257/257/257 232/232/232 231/231/231
f 236/236/236 235/235/235 259/259/259
f 236/236/236 259/259/259 260/260/260
f 238/238/238 237/237/237 261/261/261
f 238/238/238 261/261/261 262/262/262
f 263/263/263 264/264/264 240/240/240
f 263/263/263 240/240/240 239/239/239
f 265/265/265 266/266/266 242/242/242
f 265/265/265 242/242/242 241/241/241
f 244/244/244 243/243/243 267/267/267
f 244/244/244 267/267/267 268/268/268
f 246/246/246 245/245/245 269/269/269
f 246/246/246 269/269/269 270/270/270
f 271/271/271 272/272/272 248/248/248
f 271/271/271 248/248/248 247/247/247
f 273/273/273 274/274/274 250/250/250
f 273/273/273 250/250/250 249/249/249
f 252/252/252 251/251/251 275/275/275
f 252/252/252 275/275/275 276/276/276
f 254/254/254 253/253/253 277/277/277
f 254/254/254 277/277/277 278/278/278
f 279/279/279 280/280/280 256/256/256
f 279/279/279 256/256/256 255/255/255
f 281/281/281 282/282/282 283/283/283
f 281/281/281 283/283/283 284/284/284
f 285/285/285 286/286/286 287/287/287
f 285/285/285 287/287/287 288/288/288
f 289/289/289 290/290/290 291/291/291
f 289/289/289 291/291/291 292/292/292
f 293/293/293 294/294/294 295/295/295
f 293/293/293 295/295/295 296/296/296
f 297/297/297 298/298/298 258/258/258
f 297/297/297 258/258/258 257/257/257
f 260/260/260 259/259/259 299/299/299
f 260/260/260 299/299/299 300/300/300
f 262/262/262 261/261/261 301/301/301
f 262/262/262 301/301/301 302/302/302
f 303/303/303 304/304/304 264/264/264
f 303/303/303 264/264/264 263/263/263
f 305/305/305 306/306/306 266/266/266
f 305/305/305 266/266/266 265/265/265
f 268/268/268 267/267/267 307/307/307
f 268/268/268 307/307/307 308/308/308
f 270/270/270 269/269/269 309/309/309
f 270/270/270 309/309/309 310/310/310
f 311/311/311 312/312/312 272/272/272
f 311/311/311 272/272/272 271/271/271
f 313/313/313 314/314/314 274/274/274
f 313/313/313 274/274/274 273/273/273
f 276/276/276 275/275/275 315/315/315
f 276/276/276 315/315/315 316/316/316
f 278/278/278 277/277/277 317/317/317
f 278/278/278 317/317/317 318/318/318
f 319/319/319 320/320/320 280/280/280
f 319/319/319 280/280/280 279/279/279
f 321/321/321 322/322/322 282/282/282
f 321/321/321 282/282/282 281/281/281
f 300/300/300 299/299/299 323/323/323
f 300/300/300 323/323/323 324/324/324
f 292/292/292 291/291/291 325/325/325
f 292/292/292 325/325/325 326/326/326
f 327/327/327 328/328/328 329/329/329
f 327/327/327 329/329/329 330/330/330
f 331/331/331 332/332/332 298/298/298
f 331/331/331 298/298/298 297/297/297
f 333/333/333 334/334/334 335/335/335
f 333/333/333 335/335/335 336/336/336
f 302/302/302 301/301/301 337/337/337
f 302/302/302 337/337/337 338/338/338
f 339/339/339 340/340/340 304/304/304
f 339/339/339 304/304/304 303/303/303
f 168/168/168 167/167/167 306/306/306
f 168/168/168 306/306/306 305/305/305
f 308/308/308 307/307/307 341/341/341
f 308/308/308 341/341/341 342/342/342
f 310/310/310 309/309/309 174/174/174
f 310/310/310 174/174/174 173/173/173
f 343/343/343 344/344/344 312/312/312
f 343/343/343 312/312/312 311/311/311
f 288/288/288 287/287/287 314/314/314
f 288/288/288 314/314/314 313/313/313
f 345/345/345 346/346/346 344/344/344
f 345/345/345 344/344/344 343/343/343
f 318/318/318 317/317/317 294/294/294
f 318/318/318 294/294/294 293/293/293
f 347/347/347 348/348/348 320/320/320
f 347/347/347 320/320/320 319/319/319
f 180/180/180 179/179/179 322/322/322
f 180/180/180 322/322/322 321/321/321
f 349/349/349 350/350/350 348/348/348
f 349/349/349 348/348/348 347/347/347
f 326/326/326 325/325/325 186/186/186
f 326/326/326 186/186/186 185/185/185
f 351/351/351 352/352/352 328/328/328
f 351/351/351 328/328/328 327/327/327
f 192/192/192 191/191/191 332/332/332
f 192/192/192 332/332/332 331/331/331
f 353/353/353 354/354/354 352/352/352
f 353/353/353 352/352/352 351/351/351
f 338/338/338 337/337/337 198/198/198
f 338/338/338 198/198/198 197/197/197
f 355/355/355 356/356/356 340/340/340
f 355/355/355 340/340/340 339/339/339
f 206/206/206 205/205/205 346/346/346
f 206/206/206 346/346/346 345/345/345
f 357/357/357 358/358/358 359/359/359
f 357/357/357 359/359/359 360/360/360
f 360/360/360 359/359/359 210/210/210
f 360/360/360 210/210/210 209/209/209
f 316/316/316 315/315/315 358/358/358
f 316/316/316 358/358/358 357/357/357
f 330/330/330 329/329/329 361/361/361
f 330/330/330 361/361/361 362/362/362
f 363/363/363 364/364/364 365/365/365
f 363/363/363 365/365/365 366/366/366
f 367/367/367 368/368/368 334/334/334
f 367/367/367 334/334/334 333/333/333
f 324/324/324 323/323/323 364/364/364
f 324/324/324 364/364/364 363/363/363
f 218/218/218 217/217/217 354/354/354
f 218/218/218 354/354/354 353/353/353
f 369/369/369 370/370/370 371/371/371
f 369/369/369 371/371/371 372/372/372
f 372/372/372 371/371/371 222/222/222
f 372/372/372 222/222/222 221/221/221
f 336/336/336 335/335/335 370/370/370
f 336/336/336 370/370/370 369/369/369
f 230/230/230 229/229/229 373/373/373
f 230/230/230 373/373/373 374/374/374
f 375/375/375 376/376/376 377/377/377
f 375/375/375 377/377/377 378/378/378
f 378/378/378 377/377/377 234/234/234
f 378/378/378 234/234/234 233/233/233
f 342/342/342 341/341/341 376/376/376
f 342/342/342 376/376/376 375/375/375
f 162/162/162 161/161/161 60/60/60
f 162/162/162 60/60/60 59/59/59
f 379/379/379 346/346/346 205/205/205
f 379/379/379 205/205/205 380/380/380
f 381/381/381 210/210/210 359/359/359
f 381/381/381 359/359/359 382/382/382
f 383/383/383 354/354/354 217/217/217
f 383/383/383 217/217/217 384/384/384
f 385/385/385 222/222/222 371/371/371
f 385/385/385 371/371/371 386/386/386
f 387/387/387 373/373/373 229/229/229
f 387/387/387 229/229/229 388/388/388
f 389/389/389 234/234/234 377/377/377
f 389/389/389 377/377/377 390/390/390
f 380/380/380 205/205/205 204/204/204
f 380/380/380 204/204/204 391/391/391
f 392/392/392 211/211/211 210/210/210
f 392/392/392 210/210/210 381/381/381
f 384/384/384 217/217/217 216/216/216
f 384/384/384 216/216/216 393/393/393
f 394/394/394 223/223/223 222/222/222
f 394/394/394 222/222/222 385/385/385
f 388/388/388 229/229/229 228/228/228
f 388/388/388 228/228/228 395/395/395
f 396/396/396 235/235/235 234/234/234
f 396/396/396 234/234/234 389/389/389
f 391/391/391 204/204/204 240/240/240
f 391/391/391 240/240/240 397/397/397
f 398/398/398 243/243/243 211/211/211
f 398/398/398 211/211/211 392/392/392
f 393/393/393 216/216/216 248/248/248
f 393/393/393 248/248/248 399/399/399
f 400/400/400 251/251/251 223/223/223
f 400/400/400 223/223/223 394/394/394
f 395/395/395 228/228/228 256/256/256
f 395/395/395 256/256/256 401/401/401
f 402/402/402 259/259/259 235/235/235
f 402/402/402 235/235/235 396/396/396
f 397/397/397 240/240/240 264/264/264
f 397/397/397 264/264/264 403/403/403
f 404/404/404 267/267/267 243/243/243
f 404/404/404 243/243/243 398/398/398
f 399/399/399 248/248/248 272/272/272
f 399/399/399 272/272/272 405/405/405
f 406/406/406 275/275/275 251/251/251
f 406/406/406 251/251/251 400/400/400
f 401/401/401 256/256/256 280/280/280
f 401/401/401 280/280/280 407/407/407
f 408/408/408 299/299/299 259/259/259
f 408/408/408 259/259/259 402/402/402
f 409/409/409 361/361/361 329/329/329
f 409/409/409 329/329/329 410/410/410
f 411/411/411 334/334/334 368/368/368
f 411/411/411 368/368/368 412/412/412
f 403/403/403 264/264/264 304/304/304
f 403/403/403 304/304/304 413/413/413
f 414/414/414 307/307/307 267/267/267
f 414/414/414 267/267/267 404/404/404
f 405/405/405 272/272/272 312/312/312
f 405/405/405 312/312/312 415/415/415
f 416/416/416 315/315/315 275/275/275
f 416/416/416 275/275/275 406/406/406
f 407/407/407 280/280/280 320/320/320
f 407/407/407 320/320/320 417/417/417
f 418/418/418 323/323/323 299/299/299
f 418/418/418 299/299/299 408/408/408
f 410/410/410 329/329/329 328/328/328
f 410/410/410 328/328/328 419/419/419
f 420/420/420 335/335/335 334/334/334
f 420/420/420 334/334/334 411/411/411
f 413/413/413 304/304/304 340/340/340
f 413/413/413 340/340/340 421/421/421
f 422/422/422 341/341/341 307/307/307
f 422/422/422 307/307/307 414/414/414
f 415/415/415 312/312/312 344/344/344
f 415/415/415 344/344/344 423/423/423
f 424/424/424 358/358/358 315/315/315
f 424/424/424 315/315/315 416/416/416
f 417/417/417 320/320/320 348/348/348
f 417/417/417 348/348/348 425/425/425
f 426/426/426 364/364/364 323/323/323
f 426/426/426 323/323/323 418/418/418
f 419/419/419 328/328/328 352/352/352
f 419/419/419 352/352/352 427/427/427
f 428/428/428 370/370/370 335/335/335
f 428/428/428 335/335/335 420/420/420
f 421/421/421 340/340/340 356/356/356
f 421/421/421 356/356/356 429/429/429
f 430/430/430 376/376/376 341/341/341
f 430/430/430 341/341/341 422/422/422
f 423/423/423 344/344/344 346/346/346
f 423/423/423 346/346/346 379/379/379
f 382/382/382 359/359/359 358/358/358
f 382/382/382 358/358/358 424/424/424
f 425/425/425 348/348/348 350/350/350
f 425/425/425 350/350/350 431/431/431
f 432/432/432 365/365/365 364/364/364
f 432/432/432 364/364/364 426/426/426
f 427/427/427 352/352/352 354/354/354
f 427/427/427 354/354/354 383/383/383
f 386/386/386 371/371/371 370/370/370
f 386/386/386 370/370/370 428/428/428
f 429/429/429 356/356/356 373/373/373
f 429/429/429 373/373/373 387/387/387
f 390/390/390 377/377/377 376/376/376
f 390/390/390 376/376/376 430/430/430
f 374/374/374 373/373/373 356/356/356
f 374/374/374 356/356/356 355/355/355
f 192/192/192 429/429/429 387/387/387
f 192/192/192 387/387/387 190/190/190
f 180/180/180 427/427/427 383/383/383
f 180/180/180 383/383/383 178/178/178
f 288/288/288 425/425/425 431/431/431
f 288/288/288 431/431/431 285/285/285
f 168/168/168 423/423/423 379/379/379
f 168/168/168 379/379/379 166/166/166
f 331/331/331 421/421/421 429/429/429
f 331/331/331 429/429/429 192/192/192
f 321/321/321 419/419/419 427/427/427
f 321/321/321 427/427/427 180/180/180
f 313/313/313 417/417/417 425/425/425
f 313/313/313 425/425/425 288/288/288
f 305/305/305 415/415/415 423/423/423
f 305/305/305 423/423/423 168/168/168
f 297/297/297 413/413/413 421/421/421
f 297/297/297 421/421/421 331/331/331
f 281/281/281 410/410/410 419/419/419
f 281/281/281 419/419/419 321/321/321
f 273/273/273 407/407/407 417/417/417
f 273/273/273 417/417/417 313/313/313
f 265/265/265 405/405/405 415/415/415
f 265/265/265 415/415/415 305/305/305
f 257/257/257 403/403/403 413/413/413
f 257/257/257 413/413/413 297/297/297
f 284/284/284 409/409/409 410/410/410
f 284/284/284 410/410/410 281/281/281
f 249/249/249 401/401/401 407/407/407
f 249/249/249 407/407/407 273/273/273
f 241/241/241 399/399/399 405/405/405
f 241/241/241 405/405/405 265/265/265
f 231/231/231 397/397/397 403/403/403
f 231/231/231 403/403/403 257/257/257
f 219/219/219 395/395/395 401/401/401
f 219/219/219 401/401/401 249/249/249
f 207/207/207 393/393/393 399/399/399
f 207/207/207 399/399/399 241/241/241
f 199/199/199 391/391/391 397/397/397
f 199/199/199 397/397/397 231/231/231
f 187/187/187 388/388/388 395/395/395
f 187/187/187 395/395/395 219/219/219
f 175/175/175 384/384/384 393/393/393
f 175/175/175 393/393/393 207/207/207
f 163/163/163 380/380/380 391/391/391
f 163/163/163 391/391/391 199/199/199
f 190/190/190 387/387/387 388/388/388
f 190/190/190 388/388/388 187/187/187
f 178/178/178 383/383/383 384/384/384
f 178/178/178 384/384/384 175/175/175
f 166/166/166 379/379/379 380/380/380
f 166/166/166 380/380/380 163/163/163
f 193/193/193 390/390/390 430/430/430
f 193/193/193 430/430/430 197/197/197
f 181/181/181 386/386/386 428/428/428
f 181/181/181 428/428/428 185/185/185
f 296/296/296 432/432/432 426/426/426
f 296/296/296 426/426/426 293/293/293
f 169/169/169 382/382/382 424/424/424
f 169/169/169 424/424/424 173/173/173
f 197/197/197 430/430/430 422/422/422
f 197/197/197 422/422/422 338/338/338
f 185/185/185 428/428/428 420/420/420
f 185/185/185 420/420/420 326/326/326
f 293/293/293 426/426/426 418/418/418
f 293/293/293 418/418/418 318/318/318
f 173/173/173 424/424/424 416/416/416
f 173/173/173 416/416/416 310/310/310
f 338/338/338 422/422/422 414/414/414
f 338/338/338 414/414/414 302/302/302
f 326/326/326 420/420/420 411/411/411
f 326/326/326 411/411/411 292/292/292
f 318/318/318 418/418/418 408/408/408
f 318/318/318 408/408/408 278/278/278
f 310/310/310 416/416/416 406/406/406
f 310/310/310 406/406/406 270/270/270
f 302/302/302 414/414/414 404/404/404
f 302/302/302 404/404/404 262/262/262
f 292/292/292 411/411/411 412/412/412
f 292/292/292 412/412/412 289/289/289
f 278/278/278 408/408/408 402/402/402
f 278/278/278 402/402/402 254/254/254
f 270/270/270 406/406/406 400/400/400
f 270/270/270 400/400/400 246/246/246
f 262/262/262 404/404/404 398/398/398
f 262/262/262 398/398/398 238/238/238
f 254/254/254 402/402/402 396/396/396
f 254/254/254 396/396/396 226/226/226
f 246/246/246 400/400/400 394/394/394
f 246/246/246 394/394/394 214/214/214
f 238/238/238 398/398/398 392/392/392
f 238/238/238 392/392/392 202/202/202
f 226/226/226 396/396/396 389/389/389
f 226/226/226 389/389/389 196/196/196
f 214/214/214 394/394/394 385/385/385
f 214/214/214 385/385/385 184/184/184
f 202/202/202 392/392/392 381/381/381
f 202/202/202 381/381/381 172/172/172
f 196/196/196 389/389/389 390/390/390
f 196/196/196 390/390/390 193/193/193
f 184/184/184 385/385/385 386/386/386
f 184/184/184 386/386/386 181/181/181
f 172/172/172 381/381/381 382/382/382
f 172/172/172 382/382/382 169/169/169
f 433/433/433 434/434/434 435/435/435
f 436/436/436 437/437/437 438/438/438
f 439/439/439 440/440/440 441/441/441
f 442/442/442 443/443/443 444/444/444
f 442/442/442 444/444/444 445/445/445
f 446/446/446 447/447/447 448/448/448
f 446/446/446 448/448/448 449/449/449
f 450/450/450 451/451/451 452/452/452
f 450/450/450 452/452/452 453/453/453
f 454/454/454 455/455/455 443/443/443
f 454/454/454 443/443/443 442/442/442
f 456/456/456 457/457/457 447/447/447
f 456/456/456 447/447/447 446/446/446
f 458/458/458 459/459/459 451/451/451
f 458/458/458 451/451/451 450/450/450
f 460/460/460 461/461/461 455/455/455
f 460/460/460 455/455/455 454/454/454
f 462/462/462 463/463/463 464/464/464
f 462/462/462 464/464/464 439/439/439
f 465/465/465 466/466/466 457/457/457
f 465/465/465 457/457/457 456/456/456
f 467/467/467 468/468/468 459/459/459
f 467/467/467 459/459/459 458/458/458
f 438/438/438 469/469/469 461/461/461
f 438/438/438 461/461/461 460/460/460
f 470/470/470 471/471/471 463/463/463
f 470/470/470 463/463/463 462/462/462
f 472/472/472 473/473/473 466/466/466
f 472/472/472 466/466/466 465/465/465
f 474/474/474 475/475/475 468/468/468
f 474/474/474 468/468/468 467/467/467
f 437/437/437 476/476/476 469/469/469
f 437/437/437 469/469/469 438/438/438
f 477/477/477 478/478/478 471/471/471
f 477/477/477 471/471/471 470/470/470
f 479/479/479 480/480/480 473/473/473
f 479/479/479 473/473/473 472/472/472
f 481/481/481 482/482/482 475/475/475
f 481/481/481 475/475/475 474/474/474
f 439/439/439 464/464/464 483/483/483
f 439/439/439 483/483/483 440/440/440
f 484/484/484 485/485/485 478/478/478
f 484/484/484 478/478/478 477/477/477
f 486/486/486 487/487/487 480/480/480
f 486/486/486 480/480/480 479/479/479
f 488/488/488 489/489/489 482/482/482
f 488/488/488 482/482/482 481/481/481
f 490/490/490 491/491/491 485/485/485
f 490/490/490 485/485/485 484/484/484
f 445/445/445 444/444/444 487/487/487
f 445/445/445 487/487/487 486/486/486
f 449/449/449 448/448/448 489/489/489
f 449/449/449 489/489/489 488/488/488
f 453/453/453 452/452/452 491/491/491
f 453/453/453 491/491/491 490/490/490
f 492/492/492 493/493/493 494/494/494
f 492/492/492 494/494/494 495/495/495
f 496/496/496 497/497/497 498/498/498
f 496/496/496 498/498/498 499/499/499
f 500/500/500 501/501/501 502/502/502
f 500/500/500 502/502/502 503/503/503
f 504/504/504 505/505/505 493/493/493
f 504/504/504 493/493/493 492/492/492
f 506/506/506 507/507/507 497/497/497
f 506/506/506 497/497/497 496/496/496
f 508/508/508 509/509/509 501/501/501
f 508/508/508 501/501/501 500/500/500
f 510/510/510 511/511/511 505/505/505
f 510/510/510 505/505/505 504/504/504
f 512/512/512 513/513/513 507/507/507
f 512/512/512 507/507/507 506/506/506
f 514/514/514 515/515/515 516/516/516
f 514/514/514 516/516/516 517/517/517
f 518/518/518 519/519/519 509/509/509
f 518/518/518 509/509/509 508/508/508
f 520/520/520 521/521/521 511/511/511
f 520/520/520 511/511/511 510/510/510
f 522/522/522 523/523/523 513/513/513
f 522/522/522 513/513/513 512/512/512
f 524/524/524 525/525/525 526/526/526
f 524/524/524 526/526/526 527/527/527
f 528/528/528 529/529/529 519/519/519
f 528/528/528 519/519/519 518/518/518
f 530/530/530 531/531/531 521/521/521
f 530/530/530 521/521/521 520/520/520
f 532/532/532 533/533/533 525/525/525
f 532/532/532 525/525/525 524/524/524
f 534/534/534 535/535/535 529/529/529
f 534/534/534 529/529/529 528/528/528
f 536/536/536 537/537/537 531/531/531
f 536/536/536 531/531/531 530/530/530
f 527/527/527 526/526/526 538/538/538
f 527/527/527 538/538/538 539/539/539
f 540/540/540 541/541/541 533/533/533
f 540/540/540 533/533/533 532/532/532
f 542/542/542 543/543/543 535/535/535
f 542/542/542 535/535/535 534/534/534
f 544/544/544 545/545/545 537/537/537
f 544/544/544 537/537/537 536/536/536
f 495/495/495 494/494/494 541/541/541
f 495/495/495 541/541/541 540/540/540
f 499/499/499 498/498/498 543/543/543
f 499/499/499 543/543/543 542/542/542
f 503/503/503 502/502/502 545/545/545
f 503/503/503 545/545/545 544/544/544
f 546/546/546 495/495/495 540/540/540
f 546/546/546 540/540/540 547/547/547
f 548/548/548 499/499/499 542/542/542
f 548/548/548 542/542/542 443/443/443
f 457/457/457 503/503/503 544/544/544
f 457/457/457 544/544/544 447/447/447
f 549/549/549 492/492/492 495/495/495
f 549/549/549 495/495/495 546/546/546
f 550/550/550 496/496/496 499/499/499
f 550/550/550 499/499/499 548/548/548
f 551/551/551 500/500/500 503/503/503
f 551/551/551 503/503/503 457/457/457
f 552/552/552 504/504/504 492/492/492
f 552/552/552 492/492/492 549/549/549
f 553/553/553 506/506/506 496/496/496
f 553/553/553 496/496/496 550/550/550
f 554/554/554 539/539/539 514/514/514
f 554/554/554 514/514/514 555/555/555
f 556/556/556 508/508/508 500/500/500
f 556/556/556 500/500/500 551/551/551
f 557/557/557 510/510/510 504/504/504
f 557/557/557 504/504/504 552/552/552
f 558/558/558 512/512/512 506/506/506
f 558/558/558 506/506/506 553/553/553
f 478/478/478 527/527/527 539/539/539
f 478/478/478 539/539/539 554/554/554
f 559/559/559 518/518/518 508/508/508
f 559/559/559 508/508/508 556/556/556
f 560/560/560 520/520/520 510/510/510
f 560/560/560 510/510/510 557/557/557
f 561/561/561 562/562/562 512/512/512
f 561/561/561 512/512/512 558/558/558
f 563/563/563 524/524/524 527/527/527
f 563/563/563 527/527/527 478/478/478
f 564/564/564 528/528/528 518/518/518
f 564/564/564 518/518/518 559/559/559
f 565/565/565 530/530/530 520/520/520
f 565/565/565 520/520/520 560/560/560
f 555/555/555 514/514/514 566/566/566
f 555/555/555 566/566/566 567/567/567
f 568/568/568 532/532/532 524/524/524
f 568/568/568 524/524/524 563/563/563
f 569/569/569 534/534/534 528/528/528
f 569/569/569 528/528/528 564/564/564
f 448/448/448 536/536/536 530/530/530
f 448/448/448 530/530/530 565/565/565
f 547/547/547 540/540/540 532/532/532
f 547/547/547 532/532/532 568/568/568
f 443/443/443 542/542/542 534/534/534
f 443/443/443 534/534/534 569/569/569
f 447/447/447 544/544/544 536/536/536
f 447/447/447 536/536/536 448/448/448
f 562/562/562 522/522/522 512/512/512
f 514/514/514 517/517/517 566/566/566
f 539/539/539 538/538/538 515/515/515
f 539/539/539 515/515/515 514/514/514
f 570/570/570 571/571/571 572/572/572
f 573/573/573 574/574/574 575/575/575
f 576/576/576 574/574/574 577/577/577
f 578/578/578 574/574/574 579/579/579
f 580/580/580 574/574/574 573/573/573
f 581/581/581 574/574/574 576/576/576
f 582/582/582 574/574/574 578/578/578
f 583/583/583 574/574/574 580/580/580
f 584/584/584 574/574/574 581/581/581
f 585/585/585 574/574/574 582/582/582
f 586/586/586 574/574/574 583/583/583
f 587/587/587 574/574/574 584/584/584
f 588/588/588 574/574/574 585/585/585
f 589/589/589 574/574/574 586/586/586
f 590/590/590 574/574/574 587/587/587
f 591/591/591 574/574/574 588/588/588
f 592/592/592 574/574/574 589/589/589
f 593/593/593 574/574/574 590/590/590
f 594/594/594 574/574/574 591/591/591
f 595/595/595 574/574/574 596/596/596
f 597/597/597 574/574/574 592/592/592
f 575/575/575 574/574/574 593/593/593
f 598/598/598 574/574/574 594/594/594
f 577/577/577 574/574/574 595/595/595
f 579/579/579 574/574/574 597/597/597
f 599/599/599 600/600/600 601/601/601
f 599/599/599 601/601/601 602/602/602
f 603/603/603 604/604/604 605/605/605
f 603/603/603 605/605/605 606/606/606
f 607/607/607 608/608/608 600/600/600
f 607/607/607 600/600/600 599/599/599
f 603/603/603 606/606/606 609/609/609
f 603/603/603 609/609/609 610/610/610
f 611/611/611 612/612/612 608/608/608
f 611/611/611 608/608/608 607/607/607
f 609/609/609 613/613/613 614/614/614
f 609/609/609 614/614/614 610/610/610
f 615/615/615 616/616/616 612/612/612
f 615/615/615 612/612/612 611/611/611
f 613/613/613 617/617/617 618/618/618
f 613/613/613 618/618/618 614/614/614
f 619/619/619 620/620/620 616/616/616
f 619/619/619 616/616/616 615/615/615
f 617/617/617 621/621/621 622/622/622
f 617/617/617 622/622/622 618/618/618
f 623/623/623 624/624/624 620/620/620
f 623/623/623 620/620/620 619/619/619
f 621/621/621 625/625/625 626/626/626
f 621/621/621 626/626/626 622/622/622
f 627/627/627 628/628/628 624/624/624
f 627/627/627 624/624/624 623/623/623
f 625/625/625 629/629/629 630/630/630
f 625/625/625 630/630/630 626/626/626
f 631/631/631 632/632/632 628/628/628
f 631/631/631 628/628/628 627/627/627
f 629/629/629 633/633/633 634/634/634
f 629/629/629 634/634/634 630/630/630
f 635/635/635 636/636/636 632/632/632
f 635/635/635 632/632/632 631/631/631
f 633/633/633 637/637/637 638/638/638
f 633/633/633 638/638/638 634/634/634
f 639/639/639 640/640/640 636/636/636
f 639/639/639 636/636/636 635/635/635
f 637/637/637 641/641/641 642/642/642
f 637/637/637 642/642/642 638/638/638
f 643/643/643 644/644/644 640/640/640
f 643/643/643 640/640/640 639/639/639
f 641/641/641 645/645/645 646/646/646
f 641/641/641 646/646/646 642/642/642
f 647/647/647 648/648/648 644/644/644
f 647/647/647 644/644/644 643/643/643
f 645/645/645 649/649/649 650/650/650
f 645/645/645 650/650/650 646/646/646
f 651/651/651 652/652/652 648/648/648
f 651/651/651 648/648/648 647/647/647
f 649/649/649 653/653/653 654/654/654
f 649/649/649 654/654/654 650/650/650
f 653/653/653 655/655/655 656/656/656
f 653/653/653 656/656/656 654/654/654
f 657/657/657 658/658/658 659/659/659
f 657/657/657 659/659/659 660/660/660
f 661/661/661 662/662/662 663/663/663
f 661/661/661 663/663/663 664/664/664
f 662/662/662 665/665/665 666/666/666
f 662/662/662 666/666/666 663/663/663
f 665/665/665 667/667/667 668/668/668
f 665/665/665 668/668/668 666/666/666
f 667/667/667 669/669/669 670/670/670
f 667/667/667 670/670/670 668/668/668
f 669/669/669 671/671/671 672/672/672
f 669/669/669 672/672/672 670/670/670
f 671/671/671 673/673/673 674/674/674
f 671/671/671 674/674/674 672/672/672
f 675/675/675 676/676/676 677/677/677
f 675/675/675 677/677/677 678/678/678
f 673/673/673 656/656/656 655/655/655
f 673/673/673 655/655/655 674/674/674
f 604/604/604 657/657/657 660/660/660
f 604/604/604 660/660/660 605/605/605
f 676/676/676 661/661/661 664/664/664
f 676/676/676 664/664/664 677/677/677
f 679/679/679 680/680/680 681/681/681
f 679/679/679 681/681/681 682/682/682
f 683/683/683 684/684/684 685/685/685
f 683/683/683 685/685/685 686/686/686
f 687/687/687 688/688/688 689/689/689
f 687/687/687 689/689/689 690/690/690
f 691/691/691 692/692/692 693/693/693
f 691/691/691 693/693/693 694/694/694
f 682/682/682 681/681/681 695/695/695
f 682/682/682 695/695/695 696/696/696
f 686/686/686 685/685/685 697/697/697
f 686/686/686 697/697/697 698/698/698
f 690/690/690 689/689/689 699/699/699
f 690/690/690 699/699/699 700/700/700
f 694/694/694 693/693/693 701/701/701
f 694/694/694 701/701/701 702/702/702
f 696/696/696 695/695/695 703/703/703
f 696/696/696 703/703/703 704/704/704
f 698/698/698 697/697/697 705/705/705
f 698/698/698 705/705/705 706/706/706
f 700/700/700 699/699/699 707/707/707
f 700/700/700 707/707/707 708/708/708
f 704/704/704 703/703/703 709/709/709
f 704/704/704 709/709/709 710/710/710
f 706/706/706 705/705/705 711/711/711
f 706/706/706 711/711/711 712/712/712
f 708/708/708 707/707/707 713/713/713
f 708/708/708 713/713/713 714/714/714
f 710/710/710 709/709/709 715/715/715
f 710/710/710 715/715/715 716/716/716
f 712/712/712 711/711/711 717/717/717
f 712/712/712 717/717/717 718/718/718
f 714/714/714 713/713/713 719/719/719
f 714/714/714 719/719/719 720/720/720
f 716/716/716 715/715/715 721/721/721
f 716/716/716 721/721/721 722/722/722
f 718/718/718 717/717/717 723/723/723
f 718/718/718 723/723/723 724/724/724
f 720/720/720 719/719/719 725/725/725
f 720/720/720 725/725/725 726/726/726
f 722/722/722 721/721/721 727/727/727
f 722/722/722 727/727/727 728/728/728
f 724/724/724 723/723/723 729/729/729
f 724/724/724 729/729/729 730/730/730
f 731/731/731 732/732/732 680/680/680
f 731/731/731 680/680/680 679/679/679
f 726/726/726 725/725/725 684/684/684
f 726/726/726 684/684/684 683/683/683
f 728/728/728 727/727/727 688/688/688
f 728/728/728 688/688/688 687/687/687
f 730/730/730 729/729/729 692/692/692
f 730/730/730 692/692/692 691/691/691
f 733/733/733 734/734/734 735/735/735
f 736/736/736 734/734/734 737/737/737
f 738/738/738 734/734/734 739/739/739
f 740/740/740 734/734/734 741/741/741
f 735/735/735 734/734/734 742/742/742
f 737/737/737 734/734/734 743/743/743
f 739/739/739 734/734/734 744/744/744
f 741/741/741 734/734/734 745/745/745
f 742/742/742 734/734/734 746/746/746
f 743/743/743 734/734/734 747/747/747
f 744/744/744 734/734/734 748/748/748
f 745/745/745 734/734/734 749/749/749
f 747/747/747 734/734/734 750/750/750
f 748/748/748 734/734/734 751/751/751
f 749/749/749 734/734/734 752/752/752
f 750/750/750 734/734/734 753/753/753
f 751/751/751 734/734/734 754/754/754
f 752/752/752 734/734/734 755/755/755
f 754/754/754 734/734/734 756/756/756
f 755/755/755 734/734/734 757/757/757
f 756/756/756 734/734/734 733/733/733
f 746/746/746 734/734/734 736/736/736
f 757/757/757 734/734/734 738/738/738
f 758/758/758 734/734/734 740/740/740
f 644/644/644 759/759/759 760/760/760
f 644/644/644 760/760/760 640/640/640
f 761/761/761 762/762/762 763/763/763
f 761/761/761 763/763/763 764/764/764
f 612/612/612 765/765/765 766/766/766
f 612/612/612 766/766/766 608/608/608
f 640/640/640 760/760/760 767/767/767
f 640/640/640 767/767/767 636/636/636
f 764/764/764 763/763/763 768/768/768
f 764/764/764 768/768/768 769/769/769
f 608/608/608 766/766/766 770/770/770
f 608/608/608 770/770/770 600/600/600
f 636/636/636 767/767/767 771/771/771
f 636/636/636 771/771/771 632/632/632
f 769/769/769 768/768/768 772/772/772
f 769/769/769 772/772/772 773/773/773
f 774/774/774 775/775/775 776/776/776
f 774/774/774 776/776/776 777/777/777
f 600/600/600 770/770/770 778/778/778
f 600/600/600 778/778/778 601/601/601
f 632/632/632 771/771/771 779/779/779
f 632/632/632 779/779/779 628/628/628
f 773/773/773 772/772/772 780/780/780
f 773/773/773 780/780/780 781/781/781
f 777/777/777 776/776/776 782/782/782
f 777/777/777 782/782/782 783/783/783
f 601/601/601 778/778/778 784/784/784
f 601/601/601 784/784/784 785/785/785
f 628/628/628 779/779/779 786/786/786
f 628/628/628 786/786/786 624/624/624
f 781/781/781 780/780/780 787/787/787
f 781/781/781 787/787/787 788/788/788
f 783/783/783 782/782/782 789/789/789
f 783/783/783 789/789/789 652/652/652
f 785/785/785 784/784/784 790/790/790
f 785/785/785 790/790/790 791/791/791
f 624/624/624 786/786/786 792/792/792
f 624/624/624 792/792/792 620/620/620
f 788/788/788 787/787/787 793/793/793
f 788/788/788 793/793/793 794/794/794
f 652/652/652 789/789/789 795/795/795
f 652/652/652 795/795/795 648/648/648
f 791/791/791 790/790/790 796/796/796
f 791/791/791 796/796/796 797/797/797
f 620/620/620 792/792/792 798/798/798
f 620/620/620 798/798/798 616/616/616
f 648/648/648 795/795/795 759/759/759
f 648/648/648 759/759/759 644/644/644
f 797/797/797 796/796/796 762/762/762
f 797/797/797 762/762/762 761/761/761
f 616/616/616 798/798/798 765/765/765
f 616/616/616 765/765/765 612/612/612
f 602/602/602 601/601/601 785/785/785
f 602/602/602 785/785/785 799/799/799
f 799/799/799 785/785/785 791/791/791
f 799/799/799 791/791/791 800/800/800
f 800/800/800 791/791/791 797/797/797
f 800/800/800 797/797/797 801/801/801
f 801/801/801 797/797/797 761/761/761
f 801/801/801 761/761/761 802/802/802
f 802/802/802 761/761/761 764/764/764
f 802/802/802 764/764/764 803/803/803
f 803/803/803 764/764/764 769/769/769
f 803/803/803 769/769/769 804/804/804
f 804/804/804 769/769/769 773/773/773
f 804/804/804 773/773/773 805/805/805
f 805/805/805 773/773/773 781/781/781
f 805/805/805 781/781/781 806/806/806
f 806/806/806 781/781/781 788/788/788
f 806/806/806 788/788/788 807/807/807
f 807/807/807 788/788/788 794/794/794
f 807/807/807 794/794/794 808/808/808
f 809/809/809 774/774/774 777/777/777
f 809/809/809 777/777/777 810/810/810
f 810/810/810 777/777/777 783/783/783
f 810/810/810 783/783/783 811/811/811
f 811/811/811 783/783/783 652/652/652
f 811/811/811 652/652/652 651/651/651
f 658/658/658 675/675/675 678/678/678
f 658/658/658 678/678/678 659/659/659
f 812/812/812 813/813/813 814/814/814
f 812/812/812 814/814/814 815/815/815
f 816/816/816 817/817/817 818/818/818
f 816/816/816 818/818/818 819/819/819
f 820/820/820 821/821/821 822/822/822
f 820/820/820 822/822/822 823/823/823
f 824/824/824 825/825/825 826/826/826
f 824/824/824 826/826/826 827/827/827
f 828/828/828 829/829/829 821/821/821
f 828/828/828 821/821/821 820/820/820
f 830/830/830 831/831/831 825/825/825
f 830/830/830 825/825/825 824/824/824
f 832/832/832 833/833/833 829/829/829
f 832/832/832 829/829/829 828/828/828
f 834/834/834 835/835/835 831/831/831
f 834/834/834 831/831/831 830/830/830
f 836/836/836 837/837/837 838/838/838
f 836/836/836 838/838/838 839/839/839
f 839/839/839 838/838/838 833/833/833
f 839/839/839 833/833/833 832/832/832
f 840/840/840 841/841/841 835/835/835
f 840/840/840 835/835/835 834/834/834
f 842/842/842 843/843/843 837/837/837
f 842/842/842 837/837/837 836/836/836
f 844/844/844 845/845/845 841/841/841
f 844/844/844 841/841/841 840/840/840
f 815/815/815 814/814/814 843/843/843
f 815/815/815 843/843/843 842/842/842
f 819/819/819 818/818/818 845/845/845
f 819/819/819 845/845/845 844/844/844
f 817/817/817 846/846/846 818/818/818
f 821/821/821 847/847/847 822/822/822
f 833/833/833 848/848/848 849/849/849
f 833/833/833 849/849/849 829/829/829
f 835/835/835 850/850/850 851/851/851
f 835/835/835 851/851/851 831/831/831
f 837/837/837 852/852/852 853/853/853
f 837/837/837 853/853/853 838/838/838
f 838/838/838 853/853/853 848/848/848
f 838/838/838 848/848/848 833/833/833
f 841/841/841 854/854/854 850/850/850
f 841/841/841 850/850/850 835/835/835
f 843/843/843 855/855/855 852/852/852
f 843/843/843 852/852/852 837/837/837
f 845/845/845 856/856/856 854/854/854
f 845/845/845 854/854/854 841/841/841
f 814/814/814 857/857/857 855/855/855
f 814/814/814 855/855/855 843/843/843
f 818/818/818 858/858/858 856/856/856
f 818/818/818 856/856/856 845/845/845
f 813/813/813 859/859/859 857/857/857
f 813/813/813 857/857/857 814/814/814
f 846/846/846 860/860/860 858/858/858
f 846/846/846 858/858/858 818/818/818
f 821/821/821 861/861/861 862/862/862
f 821/821/821 862/862/862 847/847/847
f 825/825/825 863/863/863 864/864/864
f 825/825/825 864/864/864 826/826/826
f 829/829/829 849/849/849 861/861/861
f 829/829/829 861/861/861 821/821/821
f 831/831/831 851/851/851 863/863/863
f 831/831/831 863/863/863 825/825/825
f 865/865/865 866/866/866 867/867/867
f 865/865/865 867/867/867 868/868/868
f 869/869/869 870/870/870 871/871/871
f 869/869/869 871/871/871 872/872/872
f 873/873/873 874/874/874 866/866/866
f 873/873/873 866/866/866 865/865/865
f 875/875/875 876/876/876 870/870/870
f 875/875/875 870/870/870 869/869/869
f 877/877/877 878/878/878 874/874/874
f 877/877/877 874/874/874 873/873/873
f 879/879/879 880/880/880 876/876/876
f 879/879/879 876/876/876 875/875/875
f 881/881/881 882/882/882 883/883/883
f 881/881/881 883/883/883 884/884/884
f 884/884/884 883/883/883 878/878/878
f 884/884/884 878/878/878 877/877/877
f 885/885/885 886/886/886 880/880/880
f 885/885/885 880/880/880 879/879/879
f 887/887/887 888/888/888 882/882/882
f 887/887/887 882/882/882 881/881/881
f 889/889/889 890/890/890 886/886/886
f 889/889/889 886/886/886 885/885/885
f 891/891/891 892/892/892 888/888/888
f 891/891/891 888/888/888 887/887/887
f 893/893/893 894/894/894 890/890/890
f 893/893/893 890/890/890 889/889/889
f 895/895/895 896/896/896 892/892/892
f 895/895/895 892/892/892 891/891/891
f 868/868/868 867/867/867 894/894/894
f 868/868/868 894/894/894 893/893/893
f 897/897/897 898/898/898 899/899/899
f 897/897/897 899/899/899 900/900/900
f 901/901/901 902/902/902 903/903/903
f 901/901/901 903/903/903 904/904/904
f 905/905/905 906/906/906 898/898/898
f 905/905/905 898/898/898 897/897/897
f 907/907/907 908/908/908 902/902/902
f 907/907/907 902/902/902 901/901/901
f 909/909/909 910/910/910 908/908/908
f 909/909/909 908/908/908 907/907/907
f 911/911/911 912/912/912 913/913/913
f 911/911/911 913/913/913 914/914/914
f 915/915/915 916/916/916 910/910/910
f 915/915/915 910/910/910 909/909/909
f 917/917/917 918/918/918 912/912/912
f 917/917/917 912/912/912 911/911/911
f 919/919/919 920/920/920 916/916/916
f 919/919/919 916/916/916 915/915/915
f 921/921/921 922/922/922 918/918/918
f 921/921/921 918/918/918 917/917/917
f 923/923/923 924/924/924 925/925/925
f 923/923/923 925/925/925 926/926/926
f 926/926/926 925/925/925 920/920/920
f 926/926/926 920/920/920 919/919/919
f 927/927/927 928/928/928 922/922/922
f 927/927/927 922/922/922 921/921/921
f 900/900/900 899/899/899 924/924/924
f 900/900/900 924/924/924 923/923/923
f 904/904/904 903/903/903 928/928/928
f 904/904/904 928/928/928 927/927/927
f 929/929/929 930/930/930 931/931/931
f 931/931/931 930/930/930 932/932/932
f 933/933/933 930/930/930 929/929/929
f 934/934/934 930/930/930 935/935/935
f 936/936/936 930/930/930 933/933/933
f 937/937/937 930/930/930 934/934/934
f 938/938/938 930/930/930 936/936/936
f 939/939/939 930/930/930 937/937/937
f 940/940/940 930/930/930 938/938/938
f 941/941/941 930/930/930 939/939/939
f 942/942/942 930/930/930 940/940/940
f 943/943/943 930/930/930 941/941/941
f 944/944/944 930/930/930 942/942/942
f 932/932/932 930/930/930 943/943/943
f 945/945/945 946/946/946 947/947/947
f 948/948/948 946/946/946 949/949/949
f 945/945/945 949/949/949 946/946/946
f 950/950/950 951/951/951 952/952/952
f 872/872/872 871/871/871 896/896/896
f 872/872/872 896/896/896 895/895/895
f 826/826/826 864/864/864 859/859/859
f 826/826/826 859/859/859 813/813/813
f 827/827/827 826/826/826 813/813/813
f 827/827/827 813/813/813 812/812/812
f 951/951/951 953/953/953 949/949/949
f 951/951/951 949/949/949 952/952/952
f 945/945/945 952/952/952 949/949/949
f 444/444/444 443/443/443 569/569/569
f 444/444/444 569/569/569 487/487/487
f 491/491/491 547/547/547 568/568/568
f 491/491/491 568/568/568 485/485/485
f 489/489/489 448/448/448 565/565/565
f 489/489/489 565/565/565 482/482/482
f 487/487/487 569/569/569 564/564/564
f 487/487/487 564/564/564 480/480/480
f 485/485/485 568/568/568 563/563/563
f 485/485/485 563/563/563 478/478/478
f 464/464/464 555/555/555 567/567/567
f 464/464/464 567/567/567 483/483/483
f 482/482/482 565/565/565 560/560/560
f 482/482/482 560/560/560 475/475/475
f 480/480/480 564/564/564 559/559/559
f 480/480/480 559/559/559 473/473/473
f 476/476/476 561/561/561 558/558/558
f 476/476/476 558/558/558 469/469/469
f 475/475/475 560/560/560 557/557/557
f 475/475/475 557/557/557 468/468/468
f 473/473/473 559/559/559 556/556/556
f 473/473/473 556/556/556 466/466/466
f 471/471/471 478/478/478 554/554/554
f 471/471/471 554/554/554 463/463/463
f 469/469/469 558/558/558 553/553/553
f 469/469/469 553/553/553 461/461/461
f 468/468/468 557/557/557 552/552/552
f 468/468/468 552/552/552 459/459/459
f 466/466/466 556/556/556 551/551/551
f 466/466/466 551/551/551 457/457/457
f 463/463/463 554/554/554 555/555/555
f 463/463/463 555/555/555 464/464/464
f 461/461/461 553/553/553 550/550/550
f 461/461/461 550/550/550 455/455/455
f 459/459/459 552/552/552 549/549/549
f 459/459/459 549/549/549 451/451/451
f 455/455/455 550/550/550 548/548/548
f 455/455/455 548/548/548 443/443/443
f 451/451/451 549/549/549 546/546/546
f 451/451/451 546/546/546 452/452/452
f 452/452/452 546/546/546 547/547/547
f 452/452/452 547/547/547 491/491/491
f 572/572/572 954/954/954 462/462/462
f 572/572/572 462/462/462 439/439/439
f 954/954/954 955/955/955 470/470/470
f 954/954/954 470/470/470 462/462/462
f 955/955/955 956/956/956 477/477/477
f 955/955/955 477/477/477 470/470/470
f 956/956/956 957/957/957 484/484/484
f 956/956/956 484/484/484 477/477/477
f 957/957/957 958/958/958 490/490/490
f 957/957/957 490/490/490 484/484/484
f 958/958/958 959/959/959 453/453/453
f 958/958/958 453/453/453 490/490/490
f 959/959/959 960/960/960 450/450/450
f 959/959/959 450/450/450 453/453/453
f 960/960/960 961/961/961 458/458/458
f 960/960/960 458/458/458 450/450/450
f 961/961/961 962/962/962 467/467/467
f 961/961/961 467/467/467 458/458/458
f 962/962/962 963/963/963 474/474/474
f 962/962/962 474/474/474 467/467/467
f 963/963/963 964/964/964 481/481/481
f 963/963/963 481/481/481 474/474/474
f 964/964/964 965/965/965 488/488/488
f 964/964/964 488/488/488 481/481/481
f 965/965/965 966/966/966 449/449/449
f 965/965/965 449/449/449 488/488/488
f 966/966/966 967/967/967 446/446/446
f 966/966/966 446/446/446 449/449/449
f 967/967/967 968/968/968 456/456/456
f 967/967/967 456/456/456 446/446/446
f 968/968/968 969/969/969 465/465/465
f 968/968/968 465/465/465 456/456/456
f 969/969/969 970/970/970 472/472/472
f 969/969/969 472/472/472 465/465/465
f 970/970/970 971/971/971 479/479/479
f 970/970/970 479/479/479 472/472/472
f 971/971/971 972/972/972 486/486/486
f 971/971/971 486/486/486 479/479/479
f 972/972/972 973/973/973 445/445/445
f 972/972/972 445/445/445 486/486/486
f 973/973/973 974/974/974 442/442/442
f 973/973/973 442/442/442 445/445/445
f 974/974/974 975/975/975 454/454/454
f 974/974/974 454/454/454 442/442/442
f 975/975/975 976/976/976 460/460/460
f 975/975/975 460/460/460 454/454/454
f 976/976/976 433/433/433 438/438/438
f 976/976/976 438/438/438 460/460/460
f 433/433/433 435/435/435 436/436/436
f 433/433/433 436/436/436 438/438/438
f 570/570/570 572/572/572 439/439/439
f 570/570/570 439/439/439 441/441/441
