# Grass Tile Generator Export
# 5694 vertices, 1898 triangles
o GrassTile1
g GrassTile1
v -0.339007 -0.023982 -0.060301
v -0.323834 0.118096 -0.077221
v -0.199356 0.108283 0.000355
v -0.339007 -0.023982 -0.060301
v -0.199356 0.108283 0.000355
v -0.167834 -0.013012 0.025701
v -0.412222 0.155780 -0.274459
v -0.323834 0.118096 -0.077221
v -0.339007 -0.023982 -0.060301
v -0.412222 0.155780 -0.274459
v -0.243483 0.232784 -0.175652
v -0.308372 0.238172 -0.071670
v -0.412222 0.155780 -0.274459
v -0.308372 0.238172 -0.071670
v -0.323834 0.118096 -0.077221
v -0.243483 0.232784 -0.175652
v -0.211981 0.441434 -0.189948
v -0.286190 0.424261 -0.076444
v -0.243483 0.232784 -0.175652
v -0.286190 0.424261 -0.076444
v -0.308372 0.238172 -0.071670
v -0.323834 0.118096 -0.077221
v -0.308372 0.238172 -0.071670
v -0.293926 0.261268 0.015818
v -0.323834 0.118096 -0.077221
v -0.293926 0.261268 0.015818
v -0.199356 0.108283 0.000355
v -0.293926 0.261268 0.015818
v -0.308372 0.238172 -0.071670
v -0.286190 0.424261 -0.076444
v -0.293926 0.261268 0.015818
v -0.286190 0.424261 -0.076444
v -0.283364 0.394384 -0.027550
v -0.286190 0.424261 -0.076444
v -0.320615 0.549410 -0.111542
v -0.314288 0.532133 -0.058267
v -0.286190 0.424261 -0.076444
v -0.314288 0.532133 -0.058267
v -0.283364 0.394384 -0.027550
v -0.320615 0.549410 -0.111542
v -0.424053 0.763587 -0.260245
v -0.314288 0.532133 -0.058267
v -0.320615 0.549410 -0.111542
v -0.286190 0.424261 -0.076444
v -0.211981 0.441434 -0.189948
v -0.339983 -0.022699 -0.062117
v -0.320569 0.077179 -0.038610
v -0.375560 0.065896 0.050125
v -0.339983 -0.022699 -0.062117
v -0.375560 0.065896 0.050125
v -0.399574 -0.021375 0.061885
v -0.178317 0.103063 -0.100474
v -0.320569 0.077179 -0.038610
v -0.339983 -0.022699 -0.062117
v -0.178317 0.103063 -0.100474
v -0.243749 0.151877 0.027938
v -0.318342 0.162010 -0.016630
v -0.178317 0.103063 -0.100474
v -0.318342 0.162010 -0.016630
v -0.320569 0.077179 -0.038610
v -0.243749 0.151877 0.027938
v -0.222711 0.298373 0.069160
v -0.305344 0.293195 0.016020
v -0.243749 0.151877 0.027938
v -0.305344 0.293195 0.016020
v -0.318342 0.162010 -0.016630
v -0.320569 0.077179 -0.038610
v -0.318342 0.162010 -0.016630
v -0.379629 0.180152 -0.003216
v -0.320569 0.077179 -0.038610
v -0.379629 0.180152 -0.003216
v -0.375560 0.065896 0.050125
v -0.379629 0.180152 -0.003216
v -0.318342 0.162010 -0.016630
v -0.305344 0.293195 0.016020
v -0.379629 0.180152 -0.003216
v -0.305344 0.293195 0.016020
v -0.341790 0.273151 0.015882
v -0.305344 0.293195 0.016020
v -0.304461 0.389205 0.041123
v -0.341681 0.374946 0.042621
v -0.305344 0.293195 0.016020
v -0.341681 0.374946 0.042621
v -0.341790 0.273151 0.015882
v -0.304461 0.389205 0.041123
v -0.267110 0.577441 0.085326
v -0.341681 0.374946 0.042621
v -0.304461 0.389205 0.041123
v -0.305344 0.293195 0.016020
v -0.222711 0.298373 0.069160
v 0.436151 0.068392 -0.281963
v 0.470823 0.208785 -0.336414
v 0.661592 0.212965 -0.265696
v 0.436151 0.068392 -0.281963
v 0.661592 0.212965 -0.265696
v 0.662566 -0.005416 -0.232266
v 0.662566 -0.005416 -0.232266
v 0.661592 0.212965 -0.265696
v 0.809047 0.208697 -0.166274
v 0.662368 0.284731 -0.191733
v 0.661592 0.212965 -0.265696
v 0.470823 0.208785 -0.336414
v 0.662368 0.284731 -0.191733
v 0.470823 0.208785 -0.336414
v 0.420256 0.323312 -0.228769
v 0.661592 0.212965 -0.265696
v 0.662368 0.284731 -0.191733
v 0.749529 0.275531 -0.134373
v 0.661592 0.212965 -0.265696
v 0.749529 0.275531 -0.134373
v 0.809047 0.208697 -0.166274
v 0.663149 0.356498 -0.117764
v 0.662368 0.284731 -0.191733
v 0.420256 0.323312 -0.228769
v 0.663149 0.356498 -0.117764
v 0.420256 0.323312 -0.228769
v 0.532961 0.383213 -0.092015
v 0.663149 0.356498 -0.117764
v 0.532961 0.383213 -0.092015
v 0.567846 0.453648 -0.091185
v 0.663149 0.356498 -0.117764
v 0.567846 0.453648 -0.091185
v 0.664042 0.411935 -0.103332
v 0.664042 0.411935 -0.103332
v 0.567846 0.453648 -0.091185
v 0.537068 0.710053 -0.165867
v 0.663149 0.356498 -0.117764
v 0.664042 0.411935 -0.103332
v 0.743240 0.384707 -0.110025
v 0.663149 0.356498 -0.117764
v 0.743240 0.384707 -0.110025
v 0.752429 0.357991 -0.115284
v 0.731826 0.572807 -0.150840
v 0.743240 0.384707 -0.110025
v 0.664042 0.411935 -0.103332
v 0.662368 0.284731 -0.191733
v 0.663149 0.356498 -0.117764
v 0.752429 0.357991 -0.115284
v 0.662368 0.284731 -0.191733
v 0.752429 0.357991 -0.115284
v 0.749529 0.275531 -0.134373
v -0.592989 -0.028498 0.547036
v -0.591137 0.120748 0.545928
v -0.507625 0.158817 0.788173
v -0.592989 -0.028498 0.547036
v -0.507625 0.158817 0.788173
v -0.539270 0.035645 0.733421
v -0.631645 -0.002367 0.370963
v -0.616792 0.138827 0.350505
v -0.591137 0.120748 0.545928
v -0.631645 -0.002367 0.370963
v -0.591137 0.120748 0.545928
v -0.592989 -0.028498 0.547036
v -0.591137 0.120748 0.545928
v -0.546820 0.369997 0.602840
v -0.625217 0.393229 0.914052
v -0.616792 0.138827 0.350505
v -0.584127 0.269399 0.430332
v -0.546820 0.369997 0.602840
v -0.616792 0.138827 0.350505
v -0.546820 0.369997 0.602840
v -0.591137 0.120748 0.545928
v -0.571836 0.038823 0.569473
v -0.196461 0.094269 0.676152
v -0.357221 -0.001646 0.631100
v -0.571836 0.038823 0.569473
v -0.357221 -0.001646 0.631100
v -0.589614 -0.028821 0.569494
v -0.589614 -0.028821 0.569494
v -0.810528 -0.028581 0.618892
v -0.682171 0.047343 0.597340
v -0.589614 -0.028821 0.569494
v -0.682171 0.047343 0.597340
v -0.571836 0.038823 0.569473
v -0.573152 0.090268 0.572768
v -0.366518 0.152734 0.626532
v -0.196461 0.094269 0.676152
v -0.573152 0.090268 0.572768
v -0.196461 0.094269 0.676152
v -0.571836 0.038823 0.569473
v -0.573152 0.090268 0.572768
v -0.499257 0.230987 0.786658
v -0.366518 0.152734 0.626532
v -0.571836 0.038823 0.569473
v -0.682171 0.047343 0.597340
v -0.677506 0.158425 0.468571
v -0.571836 0.038823 0.569473
v -0.677506 0.158425 0.468571
v -0.573152 0.090268 0.572768
v -0.682171 0.047343 0.597340
v -0.963557 0.063245 0.527041
v -0.677506 0.158425 0.468571
v -0.810528 -0.028581 0.618892
v -1.072733 0.028625 0.509368
v -0.963557 0.063245 0.527041
v -0.810528 -0.028581 0.618892
v -0.963557 0.063245 0.527041
v -0.682171 0.047343 0.597340
v -0.507625 0.158817 0.788173
v -0.591137 0.120748 0.545928
v -0.625217 0.393229 0.914052
v 0.197826 0.152270 -0.112236
v 0.211939 -0.006728 -0.149895
v 0.215449 0.115969 -0.283712
v 0.197826 0.152270 -0.112236
v 0.215449 0.115969 -0.283712
v 0.214952 0.256031 -0.305445
v 0.211939 -0.006728 -0.149895
v 0.197826 0.152270 -0.112236
v 0.018571 0.217212 0.005016
v 0.213337 0.305227 -0.163205
v 0.197826 0.152270 -0.112236
v 0.214952 0.256031 -0.305445
v 0.213337 0.305227 -0.163205
v 0.214952 0.256031 -0.305445
v 0.225997 0.307367 -0.201227
v 0.206513 0.498378 -0.148369
v 0.213337 0.305227 -0.163205
v 0.225997 0.307367 -0.201227
v 0.206513 0.498378 -0.148369
v 0.225997 0.307367 -0.201227
v 0.219174 0.500526 -0.186392
v 0.095861 0.386033 -0.059504
v 0.018571 0.217212 0.005016
v 0.197826 0.152270 -0.112236
v 0.095861 0.386033 -0.059504
v 0.197826 0.152270 -0.112236
v 0.213337 0.305227 -0.163205
v 0.213337 0.305227 -0.163205
v 0.206513 0.498378 -0.148369
v 0.196491 0.492890 -0.118148
v 0.213337 0.305227 -0.163205
v 0.196491 0.492890 -0.118148
v 0.095861 0.386033 -0.059504
v 0.206513 0.498378 -0.148369
v 0.199792 0.799247 -0.033319
v 0.196491 0.492890 -0.118148
v 0.206513 0.498378 -0.148369
v 0.219174 0.500526 -0.186392
v 0.199792 0.799247 -0.033319
v 0.066121 0.139525 0.214302
v 0.211939 -0.006728 -0.149895
v 0.018571 0.217212 0.005016
v -0.930139 -0.004787 -0.381240
v -0.910569 0.082125 -0.398672
v -0.658677 0.136583 -0.472129
v -0.930139 -0.004787 -0.381240
v -0.658677 0.136583 -0.472129
v -0.652330 0.045071 -0.372773
v -1.064792 0.015389 -0.273390
v -1.084172 0.117126 -0.277348
v -0.910569 0.082125 -0.398672
v -1.064792 0.015389 -0.273390
v -0.910569 0.082125 -0.398672
v -0.930139 -0.004787 -0.381240
v -0.910569 0.082125 -0.398672
v -0.893804 0.330787 -0.424127
v -0.599924 0.334541 -0.268261
v -0.910569 0.082125 -0.398672
v -0.599924 0.334541 -0.268261
v -0.658677 0.136583 -0.472129
v -1.084172 0.117126 -0.277348
v -1.027397 0.258364 -0.352339
v -0.893804 0.330787 -0.424127
v -1.084172 0.117126 -0.277348
v -0.893804 0.330787 -0.424127
v -0.910569 0.082125 -0.398672
v -0.539957 0.125865 -0.562744
v -0.560040 -0.031237 -0.523359
v -0.673234 0.090217 -0.450363
v -0.539957 0.125865 -0.562744
v -0.673234 0.090217 -0.450363
v -0.699922 0.228640 -0.449393
v -0.560040 -0.031237 -0.523359
v -0.539957 0.125865 -0.562744
v -0.383209 0.190806 -0.698321
v -0.560040 -0.031237 -0.523359
v -0.383209 0.190806 -0.698321
v -0.263768 0.113400 -0.782852
v -0.592527 0.276988 -0.542853
v -0.539957 0.125865 -0.562744
v -0.699922 0.228640 -0.449393
v -0.592527 0.276988 -0.542853
v -0.699922 0.228640 -0.449393
v -0.624007 0.279111 -0.517860
v -0.593616 0.467834 -0.570205
v -0.592527 0.276988 -0.542853
v -0.624007 0.279111 -0.517860
v -0.593616 0.467834 -0.570205
v -0.624007 0.279111 -0.517860
v -0.625103 0.469957 -0.545220
v -0.474611 0.357286 -0.649497
v -0.383209 0.190806 -0.698321
v -0.539957 0.125865 -0.562744
v -0.474611 0.357286 -0.649497
v -0.539957 0.125865 -0.562744
v -0.592527 0.276988 -0.542853
v -0.592527 0.276988 -0.542853
v -0.593616 0.467834 -0.570205
v -0.568337 0.462412 -0.589729
v -0.592527 0.276988 -0.542853
v -0.568337 0.462412 -0.589729
v -0.474611 0.357286 -0.649497
v -0.593616 0.467834 -0.570205
v -0.587916 0.557769 -0.588099
v -0.568337 0.462412 -0.589729
v -0.593616 0.467834 -0.570205
v -0.625103 0.469957 -0.545220
v -0.587916 0.557769 -0.588099
v -0.706817 -0.001011 -0.349189
v -0.557338 -0.018106 -0.522123
v -0.593086 0.043561 -0.530548
v -0.706817 -0.001011 -0.349189
v -0.593086 0.043561 -0.530548
v -0.750221 0.045755 -0.364086
v -0.557338 -0.018106 -0.522123
v -0.584233 -0.089864 -0.803373
v -0.641411 0.005563 -0.824289
v -0.557338 -0.018106 -0.522123
v -0.641411 0.005563 -0.824289
v -0.609290 0.145538 -0.796415
v -0.557338 -0.018106 -0.522123
v -0.609290 0.145538 -0.796415
v -0.593086 0.043561 -0.530548
v -0.593086 0.043561 -0.530548
v -0.609290 0.145538 -0.796415
v -0.632023 0.110712 -0.539713
v -0.609290 0.145538 -0.796415
v -0.862227 0.265777 -0.611077
v -0.632023 0.110712 -0.539713
v -0.632023 0.110712 -0.539713
v -0.726300 0.157023 -0.379007
v -0.750221 0.045755 -0.364086
v -0.632023 0.110712 -0.539713
v -0.750221 0.045755 -0.364086
v -0.593086 0.043561 -0.530548
v -0.961961 0.231813 -0.610346
v -0.726300 0.157023 -0.379007
v -0.632023 0.110712 -0.539713
v 0.632139 -0.021068 -0.164063
v 0.631468 0.089266 -0.166083
v 0.882514 0.117410 -0.194758
v 0.632139 -0.021068 -0.164063
v 0.882514 0.117410 -0.194758
v 0.823046 0.026352 -0.175984
v 0.454375 -0.001750 -0.164443
v 0.437852 0.102632 -0.183110
v 0.631468 0.089266 -0.166083
v 0.454375 -0.001750 -0.164443
v 0.631468 0.089266 -0.166083
v 0.632139 -0.021068 -0.164063
v 0.631468 0.089266 -0.166083
v 0.695720 0.273532 -0.196596
v 0.978593 0.290706 -0.054673
v 0.437852 0.102632 -0.183110
v 0.521677 0.199161 -0.197513
v 0.695720 0.273532 -0.196596
v 0.437852 0.102632 -0.183110
v 0.695720 0.273532 -0.196596
v 0.631468 0.089266 -0.166083
v 0.658257 0.028701 -0.179637
v 0.841107 0.069691 -0.518242
v 0.763409 -0.001217 -0.373094
v 0.658257 0.028701 -0.179637
v 0.763409 -0.001217 -0.373094
v 0.654480 -0.021307 -0.162517
v 0.654480 -0.021307 -0.162517
v 0.654868 -0.021129 0.060709
v 0.661526 0.035000 -0.067465
v 0.654480 -0.021307 -0.162517
v 0.661526 0.035000 -0.067465
v 0.658257 0.028701 -0.179637
v 0.661147 0.066733 -0.177667
v 0.757027 0.112913 -0.365119
v 0.841107 0.069691 -0.518242
v 0.661147 0.066733 -0.177667
v 0.841107 0.069691 -0.518242
v 0.658257 0.028701 -0.179637
v 0.661147 0.066733 -0.177667
v 0.882842 0.170764 -0.203139
v 0.757027 0.112913 -0.365119
v 0.658257 0.028701 -0.179637
v 0.661526 0.035000 -0.067465
v 0.538553 0.117120 -0.099450
v 0.658257 0.028701 -0.179637
v 0.538553 0.117120 -0.099450
v 0.661147 0.066733 -0.177667
v 0.661526 0.035000 -0.067465
v 0.533767 0.046755 0.188422
v 0.538553 0.117120 -0.099450
v 0.654868 -0.021129 0.060709
v 0.493442 0.021162 0.289755
v 0.533767 0.046755 0.188422
v 0.654868 -0.021129 0.060709
v 0.533767 0.046755 0.188422
v 0.661526 0.035000 -0.067465
v 0.882514 0.117410 -0.194758
v 0.631468 0.089266 -0.166083
v 0.978593 0.290706 -0.054673
v -0.100594 0.149969 0.532956
v -0.134419 -0.006626 0.511031
v -0.264657 0.114217 0.478779
v -0.100594 0.149969 0.532956
v -0.264657 0.114217 0.478779
v -0.286038 0.252162 0.474586
v -0.134419 -0.006626 0.511031
v -0.100594 0.149969 0.532956
v -0.024416 0.213929 0.733676
v -0.147147 0.300614 0.506796
v -0.100594 0.149969 0.532956
v -0.286038 0.252162 0.474586
v -0.147147 0.300614 0.506796
v -0.286038 0.252162 0.474586
v -0.181641 0.302722 0.486215
v -0.134094 0.490846 0.516671
v -0.147147 0.300614 0.506796
v -0.181641 0.302722 0.486215
v -0.134094 0.490846 0.516671
v -0.181641 0.302722 0.486215
v -0.168588 0.492961 0.496090
v -0.070931 0.380199 0.644124
v -0.024416 0.213929 0.733676
v -0.100594 0.149969 0.532956
v -0.070931 0.380199 0.644124
v -0.100594 0.149969 0.532956
v -0.147147 0.300614 0.506796
v -0.147147 0.300614 0.506796
v -0.134094 0.490846 0.516671
v -0.106668 0.485441 0.532989
v -0.147147 0.300614 0.506796
v -0.106668 0.485441 0.532989
v -0.070931 0.380199 0.644124
v -0.134094 0.490846 0.516671
v -0.022918 0.787167 0.548024
v -0.106668 0.485441 0.532989
v -0.134094 0.490846 0.516671
v -0.168588 0.492961 0.496090
v -0.022918 0.787167 0.548024
v 0.190694 0.137416 0.732197
v -0.134419 -0.006626 0.511031
v -0.024416 0.213929 0.733676
v 0.296980 -0.022311 0.011318
v 0.297878 0.094530 0.009505
v 0.486726 0.124334 0.158020
v 0.296980 -0.022311 0.011318
v 0.486726 0.124334 0.158020
v 0.433978 0.027906 0.130938
v 0.177091 -0.001853 -0.107824
v 0.178409 0.108683 -0.131491
v 0.297878 0.094530 0.009505
v 0.177091 -0.001853 -0.107824
v 0.297878 0.094530 0.009505
v 0.296980 -0.022311 0.011318
v 0.297878 0.094530 0.009505
v 0.361710 0.289661 0.031853
v 0.457974 0.307848 0.316953
v 0.178409 0.108683 -0.131491
v 0.244695 0.210905 -0.085164
v 0.361710 0.289661 0.031853
v 0.178409 0.108683 -0.131491
v 0.361710 0.289661 0.031853
v 0.297878 0.094530 0.009505
v 0.325047 0.030393 0.018260
v 0.675082 0.073800 -0.088301
v 0.525497 -0.001288 -0.042165
v 0.325047 0.030393 0.018260
v 0.525497 -0.001288 -0.042165
v 0.311046 -0.022563 0.027305
v 0.311046 -0.022563 0.027305
v 0.162017 -0.022375 0.178433
v 0.252238 0.037064 0.096258
v 0.311046 -0.022563 0.027305
v 0.252238 0.037064 0.096258
v 0.325047 0.030393 0.018260
v 0.325684 0.070668 0.021525
v 0.515850 0.119571 -0.041043
v 0.675082 0.073800 -0.088301
v 0.325684 0.070668 0.021525
v 0.675082 0.073800 -0.088301
v 0.325047 0.030393 0.018260
v 0.325684 0.070668 0.021525
v 0.492552 0.180833 0.152575
v 0.515850 0.119571 -0.041043
v 0.325047 0.030393 0.018260
v 0.252238 0.037064 0.096258
v 0.190518 0.124026 -0.007601
v 0.325047 0.030393 0.018260
v 0.190518 0.124026 -0.007601
v 0.325684 0.070668 0.021525
v 0.252238 0.037064 0.096258
v -0.005242 0.049512 0.183757
v 0.190518 0.124026 -0.007601
v 0.162017 -0.022375 0.178433
v -0.100266 0.022410 0.225275
v -0.005242 0.049512 0.183757
v 0.162017 -0.022375 0.178433
v -0.005242 0.049512 0.183757
v 0.252238 0.037064 0.096258
v 0.486726 0.124334 0.158020
v 0.297878 0.094530 0.009505
v 0.457974 0.307848 0.316953
v 0.178809 -0.020508 0.517869
v 0.178576 0.086892 0.519920
v -0.054121 0.114288 0.442873
v 0.178809 -0.020508 0.517869
v -0.054121 0.114288 0.442873
v 0.005882 0.025651 0.450575
v 0.335153 -0.001704 0.590635
v 0.342093 0.099902 0.613802
v 0.178576 0.086892 0.519920
v 0.335153 -0.001704 0.590635
v 0.178576 0.086892 0.519920
v 0.178809 -0.020508 0.517869
v 0.178576 0.086892 0.519920
v 0.109577 0.266257 0.520603
v -0.081627 0.282975 0.280397
v 0.342093 0.099902 0.613802
v 0.262426 0.193864 0.592326
v 0.109577 0.266257 0.520603
v 0.342093 0.099902 0.613802
v 0.109577 0.266257 0.520603
v 0.178576 0.086892 0.519920
v 0.149470 0.027938 0.520937
v -0.149476 0.067837 0.744531
v -0.021931 -0.001184 0.648406
v 0.149470 0.027938 0.520937
v -0.021931 -0.001184 0.648406
v 0.159770 -0.020740 0.507404
v 0.159770 -0.020740 0.507404
v 0.250386 -0.020567 0.310724
v 0.192297 0.034069 0.420852
v 0.159770 -0.020740 0.507404
v 0.192297 0.034069 0.420852
v 0.149470 0.027938 0.520937
v 0.147728 0.064959 0.518025
v -0.013062 0.109910 0.643985
v -0.149476 0.067837 0.744531
v 0.147728 0.064959 0.518025
v -0.149476 0.067837 0.744531
v 0.149470 0.027938 0.520937
v 0.147728 0.064959 0.518025
v -0.057825 0.166223 0.450117
v -0.013062 0.109910 0.643985
v 0.149470 0.027938 0.520937
v 0.192297 0.034069 0.420852
v 0.287527 0.114005 0.499117
v 0.149470 0.027938 0.520937
v 0.287527 0.114005 0.499117
v 0.147728 0.064959 0.518025
v 0.192297 0.034069 0.420852
v 0.409038 0.045512 0.247634
v 0.287527 0.114005 0.499117
v 0.250386 -0.020567 0.310724
v 0.485829 0.020599 0.174853
v 0.409038 0.045512 0.247634
v 0.250386 -0.020567 0.310724
v 0.409038 0.045512 0.247634
v 0.192297 0.034069 0.420852
v -0.054121 0.114288 0.442873
v 0.178576 0.086892 0.519920
v -0.081627 0.282975 0.280397
v -0.789608 -0.039631 0.067291
v -0.788173 0.167917 0.065614
v -0.628276 0.220858 0.273255
v -0.789608 -0.039631 0.067291
v -0.628276 0.220858 0.273255
v -0.676796 0.049570 0.230485
v -0.884457 -0.003292 -0.090814
v -0.876723 0.193058 -0.115486
v -0.788173 0.167917 0.065614
v -0.884457 -0.003292 -0.090814
v -0.788173 0.167917 0.065614
v -0.789608 -0.039631 0.067291
v -0.788173 0.167917 0.065614
v -0.726664 0.514534 0.106348
v -0.701262 0.546841 0.433609
v -0.876723 0.193058 -0.115486
v -0.819044 0.374637 -0.048739
v -0.726664 0.514534 0.106348
v -0.876723 0.193058 -0.115486
v -0.726664 0.514534 0.106348
v -0.788173 0.167917 0.065614
v -0.761789 0.053989 0.082151
v -0.363108 0.131094 0.063260
v -0.533642 -0.002289 0.071966
v -0.761789 0.053989 0.082151
v -0.533642 -0.002289 0.071966
v -0.779019 -0.040080 0.087964
v -0.779019 -0.040080 0.087964
v -0.977095 -0.039745 0.207838
v -0.859677 0.065837 0.145120
v -0.779019 -0.040080 0.087964
v -0.859677 0.065837 0.145120
v -0.761789 0.053989 0.082151
v -0.761992 0.125530 0.085774
v -0.544144 0.212398 0.070567
v -0.363108 0.131094 0.063260
v -0.761992 0.125530 0.085774
v -0.363108 0.131094 0.063260
v -0.761789 0.053989 0.082151
v -0.761992 0.125530 0.085774
v -0.620656 0.321221 0.269059
v -0.544144 0.212398 0.070567
v -0.761789 0.053989 0.082151
v -0.859677 0.065837 0.145120
v -0.897114 0.220312 0.018760
v -0.761789 0.053989 0.082151
v -0.897114 0.220312 0.018760
v -0.761992 0.125530 0.085774
v -0.859677 0.065837 0.145120
v -1.155383 0.087951 0.168654
v -0.897114 0.220312 0.018760
v -0.977095 -0.039745 0.207838
v -1.266987 0.039807 0.187095
v -1.155383 0.087951 0.168654
v -0.977095 -0.039745 0.207838
v -1.155383 0.087951 0.168654
v -0.859677 0.065837 0.145120
v -0.628276 0.220858 0.273255
v -0.788173 0.167917 0.065614
v -0.701262 0.546841 0.433609
v 0.297421 -0.009665 0.317420
v 0.323793 0.165814 0.309485
v 0.596335 0.275769 0.351136
v 0.297421 -0.009665 0.317420
v 0.596335 0.275769 0.351136
v 0.558348 0.091001 0.448609
v 0.121335 0.031072 0.360495
v 0.104625 0.236483 0.348136
v 0.323793 0.165814 0.309485
v 0.121335 0.031072 0.360495
v 0.323793 0.165814 0.309485
v 0.297421 -0.009665 0.317420
v 0.323793 0.165814 0.309485
v 0.351047 0.667877 0.292663
v 0.561959 0.675457 0.571406
v 0.323793 0.165814 0.309485
v 0.561959 0.675457 0.571406
v 0.596335 0.275769 0.351136
v 0.104625 0.236483 0.348136
v 0.191952 0.521651 0.301852
v 0.351047 0.667877 0.292663
v 0.104625 0.236483 0.348136
v 0.351047 0.667877 0.292663
v 0.323793 0.165814 0.309485
v -0.762187 -0.030766 0.433189
v -0.760197 0.130357 0.433754
v -0.874474 0.171456 0.651244
v -0.762187 -0.030766 0.433189
v -0.874474 0.171456 0.651244
v -0.857036 0.038482 0.593171
v -0.664640 -0.002556 0.290500
v -0.640596 0.149874 0.287430
v -0.760197 0.130357 0.433754
v -0.664640 -0.002556 0.290500
v -0.760197 0.130357 0.433754
v -0.762187 -0.030766 0.433189
v -0.760197 0.130357 0.433754
v -0.770816 0.399441 0.502095
v -1.039640 0.424522 0.651847
v -0.640596 0.149874 0.287430
v -0.674873 0.290837 0.362692
v -0.770816 0.399441 0.502095
v -0.640596 0.149874 0.287430
v -0.770816 0.399441 0.502095
v -0.760197 0.130357 0.433754
v -0.763955 0.041912 0.462703
v -0.591790 0.101770 0.794913
v -0.665965 -0.001777 0.653056
v -0.763955 0.041912 0.462703
v -0.665965 -0.001777 0.653056
v -0.775651 -0.031115 0.450302
v -0.775651 -0.031115 0.450302
v -0.955304 -0.030855 0.328503
v -0.855913 0.051111 0.403970
v -0.775651 -0.031115 0.450302
v -0.855913 0.051111 0.403970
v -0.763955 0.041912 0.462703
v -0.767120 0.097451 0.463949
v -0.668885 0.164888 0.643563
v -0.591790 0.101770 0.794913
v -0.767120 0.097451 0.463949
v -0.591790 0.101770 0.794913
v -0.763955 0.041912 0.462703
v -0.767120 0.097451 0.463949
v -0.867917 0.249369 0.656092
v -0.668885 0.164888 0.643563
v -0.763955 0.041912 0.462703
v -0.855913 0.051111 0.403970
v -0.762933 0.171032 0.322614
v -0.763955 0.041912 0.462703
v -0.762933 0.171032 0.322614
v -0.767120 0.097451 0.463949
v -0.855913 0.051111 0.403970
v -0.991721 0.068277 0.161293
v -0.762933 0.171032 0.322614
v -0.955304 -0.030855 0.328503
v -1.051119 0.030903 0.073446
v -0.991721 0.068277 0.161293
v -0.955304 -0.030855 0.328503
v -0.991721 0.068277 0.161293
v -0.855913 0.051111 0.403970
v -0.874474 0.171456 0.651244
v -0.760197 0.130357 0.433754
v -1.039640 0.424522 0.651847
v 0.391329 -0.026470 -0.579948
v 0.389171 0.112153 -0.579651
v 0.407343 0.147513 -0.837711
v 0.391329 -0.026470 -0.579948
v 0.407343 0.147513 -0.837711
v 0.415099 0.033108 -0.774337
v 0.357642 -0.002199 -0.401092
v 0.335756 0.128945 -0.387959
v 0.389171 0.112153 -0.579651
v 0.357642 -0.002199 -0.401092
v 0.389171 0.112153 -0.579651
v 0.391329 -0.026470 -0.579948
v 0.389171 0.112153 -0.579651
v 0.370496 0.343662 -0.650041
v 0.566346 0.365240 -0.908172
v 0.335756 0.128945 -0.387959
v 0.336964 0.250223 -0.475031
v 0.370496 0.343662 -0.650041
v 0.335756 0.128945 -0.387959
v 0.370496 0.343662 -0.650041
v 0.389171 0.112153 -0.579651
v 0.380547 0.036060 -0.609154
v 0.073985 0.087559 -0.856642
v 0.205526 -0.001529 -0.751241
v 0.380547 0.036060 -0.609154
v 0.205526 -0.001529 -0.751241
v 0.397071 -0.026770 -0.602146
v 0.397071 -0.026770 -0.602146
v 0.621830 -0.026546 -0.560712
v 0.494065 0.043973 -0.591429
v 0.397071 -0.026770 -0.602146
v 0.494065 0.043973 -0.591429
v 0.380547 0.036060 -0.609154
v 0.383072 0.083843 -0.611695
v 0.212358 0.141863 -0.743323
v 0.073985 0.087559 -0.856642
v 0.383072 0.083843 -0.611695
v 0.073985 0.087559 -0.856642
v 0.380547 0.036060 -0.609154
v 0.383072 0.083843 -0.611695
v 0.398970 0.214546 -0.839612
v 0.212358 0.141863 -0.743323
v 0.380547 0.036060 -0.609154
v 0.494065 0.043973 -0.591429
v 0.438831 0.147148 -0.473644
v 0.380547 0.036060 -0.609154
v 0.438831 0.147148 -0.473644
v 0.383072 0.083843 -0.611695
v 0.494065 0.043973 -0.591429
v 0.727689 0.058743 -0.414891
v 0.438831 0.147148 -0.473644
v 0.621830 -0.026546 -0.560712
v 0.822130 0.026587 -0.355316
v 0.727689 0.058743 -0.414891
v 0.621830 -0.026546 -0.560712
v 0.727689 0.058743 -0.414891
v 0.494065 0.043973 -0.591429
v 0.407343 0.147513 -0.837711
v 0.389171 0.112153 -0.579651
v 0.566346 0.365240 -0.908172
v 0.005188 -0.026329 -0.224424
v 0.006440 0.111556 -0.222833
v -0.209047 0.146727 -0.116074
v 0.005188 -0.026329 -0.224424
v -0.209047 0.146727 -0.116074
v -0.161873 0.032932 -0.152090
v 0.164454 -0.002187 -0.281502
v 0.185276 0.128258 -0.270127
v 0.006440 0.111556 -0.222833
v 0.164454 -0.002187 -0.281502
v 0.006440 0.111556 -0.222833
v 0.005188 -0.026329 -0.224424
v 0.006440 0.111556 -0.222833
v -0.041226 0.341831 -0.174762
v -0.340310 0.363294 -0.210453
v 0.185276 0.128258 -0.270127
v 0.114883 0.248890 -0.230157
v -0.041226 0.341831 -0.174762
v 0.185276 0.128258 -0.270127
v -0.041226 0.341831 -0.174762
v 0.006440 0.111556 -0.222833
v -0.013164 0.035867 -0.202046
v -0.067493 0.087092 0.160153
v -0.044816 -0.001521 0.005112
v -0.013164 0.035867 -0.202046
v -0.044816 -0.001521 0.005112
v -0.015313 -0.026627 -0.218592
v -0.015313 -0.026627 -0.218592
v -0.087762 -0.026405 -0.418312
v -0.052323 0.043739 -0.301412
v -0.015313 -0.026627 -0.218592
v -0.052323 0.043739 -0.301412
v -0.013164 0.035867 -0.202046
v -0.016389 0.083396 -0.202876
v -0.041679 0.141107 -0.004090
v -0.067493 0.087092 0.160153
v -0.016389 0.083396 -0.202876
v -0.067493 0.087092 0.160153
v -0.013164 0.035867 -0.202046
v -0.016389 0.083396 -0.202876
v -0.206634 0.213403 -0.108465
v -0.041679 0.141107 -0.004090
v -0.013164 0.035867 -0.202046
v -0.052323 0.043739 -0.301412
v 0.068101 0.146364 -0.312498
v -0.013164 0.035867 -0.202046
v 0.068101 0.146364 -0.312498
v -0.016389 0.083396 -0.202876
v -0.052323 0.043739 -0.301412
v -0.020596 0.058430 -0.571763
v 0.068101 0.146364 -0.312498
v -0.087762 -0.026405 -0.418312
v -0.017226 0.026446 -0.675507
v -0.020596 0.058430 -0.571763
v -0.087762 -0.026405 -0.418312
v -0.020596 0.058430 -0.571763
v -0.052323 0.043739 -0.301412
v -0.209047 0.146727 -0.116074
v 0.006440 0.111556 -0.222833
v -0.340310 0.363294 -0.210453
v -0.741864 -0.008443 -0.094521
v -0.769508 0.144843 -0.094055
v -1.021437 0.240892 -0.208706
v -0.741864 -0.008443 -0.094521
v -1.021437 0.240892 -0.208706
v -0.958125 0.079492 -0.292503
v -0.559988 0.027142 -0.088058
v -0.547218 0.206575 -0.071555
v -0.769508 0.144843 -0.094055
v -0.559988 0.027142 -0.088058
v -0.769508 0.144843 -0.094055
v -0.741864 -0.008443 -0.094521
v -0.769508 0.144843 -0.094055
v -0.800431 0.583410 -0.085245
v -0.928085 0.590030 -0.412122
v -0.769508 0.144843 -0.094055
v -0.928085 0.590030 -0.412122
v -1.021437 0.240892 -0.208706
v -0.547218 0.206575 -0.071555
v -0.644222 0.455677 -0.050684
v -0.800431 0.583410 -0.085245
v -0.547218 0.206575 -0.071555
v -0.800431 0.583410 -0.085245
v -0.769508 0.144843 -0.094055
v -0.307023 0.109778 -0.392596
v -0.347723 -0.027245 -0.386291
v -0.464576 0.078686 -0.431991
v -0.307023 0.109778 -0.392596
v -0.464576 0.078686 -0.431991
v -0.479860 0.199418 -0.451621
v -0.347723 -0.027245 -0.386291
v -0.307023 0.109778 -0.392596
v -0.119152 0.166420 -0.348119
v -0.347723 -0.027245 -0.386291
v -0.119152 0.166420 -0.348119
v 0.009820 0.098906 -0.303990
v -0.350710 0.241587 -0.421459
v -0.307023 0.109778 -0.392596
v -0.479860 0.199418 -0.451621
v -0.350710 0.241587 -0.421459
v -0.479860 0.199418 -0.451621
v -0.386753 0.243439 -0.431610
v -0.330645 0.408041 -0.437195
v -0.350710 0.241587 -0.421459
v -0.386753 0.243439 -0.431610
v -0.330645 0.408041 -0.437195
v -0.386753 0.243439 -0.431610
v -0.366685 0.409893 -0.447355
v -0.205867 0.311622 -0.390538
v -0.119152 0.166420 -0.348119
v -0.307023 0.109778 -0.392596
v -0.205867 0.311622 -0.390538
v -0.307023 0.109778 -0.392596
v -0.350710 0.241587 -0.421459
v -0.350710 0.241587 -0.421459
v -0.330645 0.408041 -0.437195
v -0.302114 0.403313 -0.428745
v -0.350710 0.241587 -0.421459
v -0.302114 0.403313 -0.428745
v -0.205867 0.311622 -0.390538
v -0.330645 0.408041 -0.437195
v -0.314021 0.486481 -0.442645
v -0.302114 0.403313 -0.428745
v -0.330645 0.408041 -0.437195
v -0.366685 0.409893 -0.447355
v -0.314021 0.486481 -0.442645
v -0.559307 -0.000882 -0.402194
v -0.347183 -0.015792 -0.383576
v -0.360310 0.037994 -0.415172
v -0.559307 -0.000882 -0.402194
v -0.360310 0.037994 -0.415172
v -0.571721 0.039907 -0.443102
v -0.347183 -0.015792 -0.383576
v -0.149408 -0.078379 -0.557238
v -0.164785 0.004852 -0.611831
v -0.347183 -0.015792 -0.383576
v -0.164785 0.004852 -0.611831
v -0.168326 0.126937 -0.572371
v -0.347183 -0.015792 -0.383576
v -0.168326 0.126937 -0.572371
v -0.360310 0.037994 -0.415172
v -0.360310 0.037994 -0.415172
v -0.168326 0.126937 -0.572371
v -0.374617 0.096562 -0.449579
v -0.168326 0.126937 -0.572371
v -0.446228 0.231809 -0.662372
v -0.374617 0.096562 -0.449579
v -0.374617 0.096562 -0.449579
v -0.547408 0.136954 -0.433168
v -0.571721 0.039907 -0.443102
v -0.374617 0.096562 -0.449579
v -0.571721 0.039907 -0.443102
v -0.360310 0.037994 -0.415172
v -0.501159 0.202186 -0.737306
v -0.547408 0.136954 -0.433168
v -0.374617 0.096562 -0.449579
v -0.417386 0.076677 0.610214
v -0.350947 0.234076 0.608970
v -0.303052 0.238762 0.812855
v -0.417386 0.076677 0.610214
v -0.303052 0.238762 0.812855
v -0.331174 -0.006072 0.832714
v -0.331174 -0.006072 0.832714
v -0.303052 0.238762 0.812855
v -0.304428 0.233978 0.995920
v -0.366057 0.319222 0.855610
v -0.303052 0.238762 0.812855
v -0.350947 0.234076 0.608970
v -0.366057 0.319222 0.855610
v -0.350947 0.234076 0.608970
v -0.472061 0.362476 0.626849
v -0.303052 0.238762 0.812855
v -0.366057 0.319222 0.855610
v -0.365662 0.308907 0.963018
v -0.303052 0.238762 0.812855
v -0.365662 0.308907 0.963018
v -0.304428 0.233978 0.995920
v -0.429064 0.399682 0.898372
v -0.366057 0.319222 0.855610
v -0.472061 0.362476 0.626849
v -0.429064 0.399682 0.898372
v -0.472061 0.362476 0.626849
v -0.525235 0.429634 0.801348
v -0.429064 0.399682 0.898372
v -0.525235 0.429634 0.801348
v -0.506096 0.508600 0.831745
v -0.429064 0.399682 0.898372
v -0.506096 0.508600 0.831745
v -0.440935 0.461834 0.907350
v -0.440935 0.461834 0.907350
v -0.506096 0.508600 0.831745
v -0.459547 0.796065 0.762846
v -0.429064 0.399682 0.898372
v -0.440935 0.461834 0.907350
v -0.390126 0.431308 0.971478
v -0.429064 0.399682 0.898372
v -0.390126 0.431308 0.971478
v -0.380386 0.401356 0.976368
v -0.361610 0.642194 0.938461
v -0.390126 0.431308 0.971478
v -0.440935 0.461834 0.907350
v -0.366057 0.319222 0.855610
v -0.429064 0.399682 0.898372
v -0.380386 0.401356 0.976368
v -0.366057 0.319222 0.855610
v -0.380386 0.401356 0.976368
v -0.365662 0.308907 0.963018
v -0.493578 -0.031352 0.506559
v -0.491712 0.132839 0.507557
v -0.653258 0.174721 0.700065
v -0.493578 -0.031352 0.506559
v -0.653258 0.174721 0.700065
v -0.623191 0.039214 0.645817
v -0.365032 -0.002605 0.385172
v -0.340332 0.152728 0.387335
v -0.491712 0.132839 0.507557
v -0.365032 -0.002605 0.385172
v -0.491712 0.132839 0.507557
v -0.493578 -0.031352 0.506559
v -0.491712 0.132839 0.507557
v -0.517197 0.407048 0.573551
v -0.818469 0.432606 0.664726
v -0.340332 0.152728 0.387335
v -0.390968 0.296376 0.455099
v -0.517197 0.407048 0.573551
v -0.340332 0.152728 0.387335
v -0.517197 0.407048 0.573551
v -0.491712 0.132839 0.507557
v -0.501768 0.042710 0.535672
v -0.401986 0.103708 0.905175
v -0.445252 -0.001811 0.747250
v -0.501768 0.042710 0.535672
v -0.445252 -0.001811 0.747250
v -0.510759 -0.031707 0.520733
v -0.510759 -0.031707 0.520733
v -0.663814 -0.031443 0.359903
v -0.580897 0.052084 0.456959
v -0.510759 -0.031707 0.520733
v -0.580897 0.052084 0.456959
v -0.501768 0.042710 0.535672
v -0.505202 0.099307 0.536229
v -0.446105 0.168028 0.737126
v -0.401986 0.103708 0.905175
v -0.505202 0.099307 0.536229
v -0.401986 0.103708 0.905175
v -0.501768 0.042710 0.535672
v -0.505202 0.099307 0.536229
v -0.647759 0.254118 0.706337
v -0.446105 0.168028 0.737126
v -0.501768 0.042710 0.535672
v -0.580897 0.052084 0.456959
v -0.470261 0.174289 0.395880
v -0.501768 0.042710 0.535672
v -0.470261 0.174289 0.395880
v -0.505202 0.099307 0.536229
v -0.580897 0.052084 0.456959
v -0.663824 0.069578 0.184856
v -0.470261 0.174289 0.395880
v -0.663814 -0.031443 0.359903
v -0.704075 0.031491 0.084129
v -0.663824 0.069578 0.184856
v -0.663814 -0.031443 0.359903
v -0.663824 0.069578 0.184856
v -0.580897 0.052084 0.456959
v -0.653258 0.174721 0.700065
v -0.491712 0.132839 0.507557
v -0.818469 0.432606 0.664726
v -0.255738 -0.024740 -0.678132
v -0.232810 0.121832 -0.674235
v -0.232006 0.111709 -0.524141
v -0.255738 -0.024740 -0.678132
v -0.232006 0.111709 -0.524141
v -0.236737 -0.013423 -0.483020
v -0.110335 0.160708 -0.858414
v -0.232810 0.121832 -0.674235
v -0.255738 -0.024740 -0.678132
v -0.110335 0.160708 -0.858414
v -0.103747 0.240148 -0.658419
v -0.229174 0.245706 -0.657822
v -0.110335 0.160708 -0.858414
v -0.229174 0.245706 -0.657822
v -0.232810 0.121832 -0.674235
v -0.103747 0.240148 -0.658419
v -0.074175 0.455398 -0.638956
v -0.212933 0.437682 -0.641228
v -0.103747 0.240148 -0.658419
v -0.212933 0.437682 -0.641228
v -0.229174 0.245706 -0.657822
v -0.232810 0.121832 -0.674235
v -0.229174 0.245706 -0.657822
v -0.297016 0.269533 -0.597558
v -0.232810 0.121832 -0.674235
v -0.297016 0.269533 -0.597558
v -0.232006 0.111709 -0.524141
v -0.297016 0.269533 -0.597558
v -0.229174 0.245706 -0.657822
v -0.212933 0.437682 -0.641228
v -0.297016 0.269533 -0.597558
v -0.212933 0.437682 -0.641228
v -0.253712 0.406859 -0.612091
v -0.212933 0.437682 -0.641228
v -0.201345 0.566790 -0.690185
v -0.244005 0.548967 -0.655626
v -0.212933 0.437682 -0.641228
v -0.244005 0.548967 -0.655626
v -0.253712 0.406859 -0.612091
v -0.201345 0.566790 -0.690185
v -0.129097 0.787742 -0.860896
v -0.244005 0.548967 -0.655626
v -0.201345 0.566790 -0.690185
v -0.212933 0.437682 -0.641228
v -0.074175 0.455398 -0.638956
v -0.254699 -0.023417 -0.679969
v -0.264448 0.079620 -0.650332
v -0.371275 0.067980 -0.649490
v -0.254699 -0.023417 -0.679969
v -0.371275 0.067980 -0.649490
v -0.394563 -0.022051 -0.663857
v -0.133245 0.106323 -0.560973
v -0.264448 0.079620 -0.650332
v -0.254699 -0.023417 -0.679969
v -0.133245 0.106323 -0.560973
v -0.280115 0.156681 -0.547510
v -0.282258 0.167135 -0.636405
v -0.133245 0.106323 -0.560973
v -0.282258 0.167135 -0.636405
v -0.264448 0.079620 -0.650332
v -0.280115 0.156681 -0.547510
v -0.304311 0.307812 -0.506796
v -0.303424 0.302470 -0.607331
v -0.280115 0.156681 -0.547510
v -0.303424 0.302470 -0.607331
v -0.282258 0.167135 -0.636405
v -0.264448 0.079620 -0.650332
v -0.282258 0.167135 -0.636405
v -0.327325 0.185850 -0.682132
v -0.264448 0.079620 -0.650332
v -0.327325 0.185850 -0.682132
v -0.371275 0.067980 -0.649490
v -0.327325 0.185850 -0.682132
v -0.282258 0.167135 -0.636405
v -0.303424 0.302470 -0.607331
v -0.327325 0.185850 -0.682132
v -0.303424 0.302470 -0.607331
v -0.323200 0.281792 -0.638953
v -0.303424 0.302470 -0.607331
v -0.324670 0.401517 -0.592863
v -0.346285 0.386807 -0.624262
v -0.303424 0.302470 -0.607331
v -0.346285 0.386807 -0.624262
v -0.323200 0.281792 -0.638953
v -0.324670 0.401517 -0.592863
v -0.342541 0.595708 -0.536403
v -0.346285 0.386807 -0.624262
v -0.324670 0.401517 -0.592863
v -0.303424 0.302470 -0.607331
v -0.304311 0.307812 -0.506796
v 0.411015 0.080382 0.555828
v 0.479810 0.245388 0.542323
v 0.567047 0.250300 0.745336
v 0.411015 0.080382 0.555828
v 0.567047 0.250300 0.745336
v 0.541481 -0.006366 0.771137
v 0.541481 -0.006366 0.771137
v 0.567047 0.250300 0.745336
v 0.599269 0.245285 0.935775
v 0.509450 0.334648 0.801335
v 0.567047 0.250300 0.745336
v 0.479810 0.245388 0.542323
v 0.509450 0.334648 0.801335
v 0.479810 0.245388 0.542323
v 0.357271 0.379992 0.583161
v 0.567047 0.250300 0.745336
v 0.509450 0.334648 0.801335
v 0.529604 0.323835 0.912849
v 0.567047 0.250300 0.745336
v 0.529604 0.323835 0.912849
v 0.599269 0.245285 0.935775
v 0.451852 0.418996 0.857343
v 0.509450 0.334648 0.801335
v 0.357271 0.379992 0.583161
v 0.451852 0.418996 0.857343
v 0.357271 0.379992 0.583161
v 0.334105 0.450396 0.774223
v 0.451852 0.418996 0.857343
v 0.334105 0.450396 0.774223
v 0.359576 0.533178 0.802284
v 0.451852 0.418996 0.857343
v 0.359576 0.533178 0.802284
v 0.441170 0.484152 0.868853
v 0.441170 0.484152 0.868853
v 0.359576 0.533178 0.802284
v 0.395271 0.834535 0.722148
v 0.451852 0.418996 0.857343
v 0.441170 0.484152 0.868853
v 0.505743 0.452151 0.926135
v 0.451852 0.418996 0.857343
v 0.505743 0.452151 0.926135
v 0.516761 0.420751 0.929425
v 0.529299 0.673228 0.886592
v 0.505743 0.452151 0.926135
v 0.441170 0.484152 0.868853
v 0.509450 0.334648 0.801335
v 0.451852 0.418996 0.857343
v 0.516761 0.420751 0.929425
v 0.509450 0.334648 0.801335
v 0.516761 0.420751 0.929425
v 0.529604 0.323835 0.912849
v 0.667266 0.172255 0.116234
v 0.632001 -0.007611 0.100565
v 0.504029 0.131190 0.089559
v 0.667266 0.172255 0.116234
v 0.504029 0.131190 0.089559
v 0.483184 0.289635 0.088794
v 0.632001 -0.007611 0.100565
v 0.667266 0.172255 0.116234
v 0.769332 0.245720 0.294625
v 0.619333 0.345288 0.098466
v 0.667266 0.172255 0.116234
v 0.483184 0.289635 0.088794
v 0.619333 0.345288 0.098466
v 0.483184 0.289635 0.088794
v 0.583637 0.347709 0.084167
v 0.633152 0.563789 0.105849
v 0.619333 0.345288 0.098466
v 0.583637 0.347709 0.084167
v 0.633152 0.563789 0.105849
v 0.583637 0.347709 0.084167
v 0.597457 0.566219 0.091551
v 0.711949 0.436699 0.216910
v 0.769332 0.245720 0.294625
v 0.667266 0.172255 0.116234
v 0.711949 0.436699 0.216910
v 0.667266 0.172255 0.116234
v 0.619333 0.345288 0.098466
v 0.619333 0.345288 0.098466
v 0.633152 0.563789 0.105849
v 0.661527 0.557581 0.117175
v 0.619333 0.345288 0.098466
v 0.661527 0.557581 0.117175
v 0.711949 0.436699 0.216910
v 0.633152 0.563789 0.105849
v 0.742966 0.904146 0.118858
v 0.661527 0.557581 0.117175
v 0.633152 0.563789 0.105849
v 0.597457 0.566219 0.091551
v 0.742966 0.904146 0.118858
v 0.972507 0.157837 0.261036
v 0.632001 -0.007611 0.100565
v 0.769332 0.245720 0.294625
v -0.526563 -0.041863 0.782855
v -0.524418 0.177374 0.782828
v -0.573619 0.233296 1.032759
v -0.526563 -0.041863 0.782855
v -0.573619 0.233296 1.032759
v -0.573475 0.052361 0.969893
v -0.471854 -0.003478 0.612204
v -0.448870 0.203931 0.602038
v -0.524418 0.177374 0.782828
v -0.471854 -0.003478 0.612204
v -0.524418 0.177374 0.782828
v -0.526563 -0.041863 0.782855
v -0.524418 0.177374 0.782828
v -0.514748 0.543512 0.853880
v -0.737563 0.577638 1.082231
v -0.448870 0.203931 0.602038
v -0.460660 0.395736 0.686967
v -0.514748 0.543512 0.853880
v -0.448870 0.203931 0.602038
v -0.514748 0.543512 0.853880
v -0.524418 0.177374 0.782828
v -0.519587 0.057029 0.812706
v -0.250208 0.138477 1.091875
v -0.365891 -0.002418 0.972862
v -0.519587 0.057029 0.812706
v -0.365891 -0.002418 0.972862
v -0.534879 -0.042337 0.803845
v -0.534879 -0.042337 0.803845
v -0.749438 -0.041984 0.735974
v -0.628344 0.069545 0.781555
v -0.534879 -0.042337 0.803845
v -0.628344 0.069545 0.781555
v -0.519587 0.057029 0.812706
v -0.522364 0.132600 0.814881
v -0.371601 0.224360 0.964293
v -0.250208 0.138477 1.091875
v -0.522364 0.132600 0.814881
v -0.250208 0.138477 1.091875
v -0.519587 0.057029 0.812706
v -0.522364 0.132600 0.814881
v -0.565669 0.339311 1.035637
v -0.371601 0.224360 0.964293
v -0.519587 0.057029 0.812706
v -0.628344 0.069545 0.781555
v -0.560023 0.232720 0.673200
v -0.519587 0.057029 0.812706
v -0.560023 0.232720 0.673200
v -0.522364 0.132600 0.814881
v -0.628344 0.069545 0.781555
v -0.835101 0.092904 0.580596
v -0.560023 0.232720 0.673200
v -0.749438 -0.041984 0.735974
v -0.920119 0.042049 0.510880
v -0.835101 0.092904 0.580596
v -0.749438 -0.041984 0.735974
v -0.835101 0.092904 0.580596
v -0.628344 0.069545 0.781555
v -0.573619 0.233296 1.032759
v -0.524418 0.177374 0.782828
v -0.737563 0.577638 1.082231
v -0.010608 0.047907 0.376481
v -0.048648 0.146249 0.324080
v 0.087581 0.149176 0.172119
v -0.010608 0.047907 0.376481
v 0.087581 0.149176 0.172119
v 0.119132 -0.003794 0.183519
v 0.119132 -0.003794 0.183519
v 0.087581 0.149176 0.172119
v 0.234644 0.146187 0.071143
v 0.156878 0.199447 0.198630
v 0.087581 0.149176 0.172119
v -0.048648 0.146249 0.324080
v 0.156878 0.199447 0.198630
v -0.048648 0.146249 0.324080
v 0.033172 0.226471 0.410898
v 0.087581 0.149176 0.172119
v 0.156878 0.199447 0.198630
v 0.242494 0.193002 0.138424
v 0.087581 0.149176 0.172119
v 0.242494 0.193002 0.138424
v 0.234644 0.146187 0.071143
v 0.226185 0.249717 0.225138
v 0.156878 0.199447 0.198630
v 0.033172 0.226471 0.410898
v 0.226185 0.249717 0.225138
v 0.033172 0.226471 0.410898
v 0.202272 0.268431 0.356093
v 0.226185 0.249717 0.225138
v 0.202272 0.268431 0.356093
v 0.215892 0.317768 0.323849
v 0.226185 0.249717 0.225138
v 0.215892 0.317768 0.323849
v 0.239979 0.288549 0.229619
v 0.239979 0.288549 0.229619
v 0.215892 0.317768 0.323849
v 0.134876 0.497373 0.325067
v 0.226185 0.249717 0.225138
v 0.239979 0.288549 0.229619
v 0.262896 0.269477 0.153257
v 0.226185 0.249717 0.225138
v 0.262896 0.269477 0.153257
v 0.261373 0.250763 0.142747
v 0.220610 0.401236 0.148879
v 0.262896 0.269477 0.153257
v 0.239979 0.288549 0.229619
v 0.156878 0.199447 0.198630
v 0.226185 0.249717 0.225138
v 0.261373 0.250763 0.142747
v 0.156878 0.199447 0.198630
v 0.261373 0.250763 0.142747
v 0.242494 0.193002 0.138424
v 0.089853 -0.031990 0.878117
v 0.089624 0.135541 0.876040
v 0.336627 0.178275 0.900146
v 0.089853 -0.031990 0.878117
v 0.336627 0.178275 0.900146
v 0.275652 0.040012 0.905943
v -0.080793 -0.002658 0.841183
v -0.092821 0.155835 0.819855
v 0.089624 0.135541 0.876040
v -0.080793 -0.002658 0.841183
v 0.089624 0.135541 0.876040
v 0.089853 -0.031990 0.878117
v 0.089624 0.135541 0.876040
v 0.157609 0.415329 0.859953
v 0.400082 0.441406 1.054449
v -0.092821 0.155835 0.819855
v -0.009352 0.302405 0.823267
v 0.157609 0.415329 0.859953
v -0.092821 0.155835 0.819855
v 0.157609 0.415329 0.859953
v 0.089624 0.135541 0.876040
v 0.118140 0.043579 0.868533
v 0.363408 0.105818 0.580954
v 0.258927 -0.001847 0.704370
v 0.118140 0.043579 0.868533
v 0.258927 -0.001847 0.704370
v 0.110992 -0.032352 0.884198
v 0.110992 -0.032352 0.884198
v 0.065441 -0.032082 1.098664
v 0.098204 0.053144 0.976935
v 0.110992 -0.032352 0.884198
v 0.098204 0.053144 0.976935
v 0.118140 0.043579 0.868533
v 0.120511 0.101327 0.871020
v 0.251157 0.171446 0.710717
v 0.363408 0.105818 0.580954
v 0.120511 0.101327 0.871020
v 0.363408 0.105818 0.580954
v 0.118140 0.043579 0.868533
v 0.120511 0.101327 0.871020
v 0.338666 0.259287 0.892165
v 0.251157 0.171446 0.710717
v 0.118140 0.043579 0.868533
v 0.098204 0.053144 0.976935
v -0.013319 0.177834 0.920919
v 0.118140 0.043579 0.868533
v -0.013319 0.177834 0.920919
v 0.120511 0.101327 0.871020
v 0.098204 0.053144 0.976935
v -0.077137 0.070993 1.196405
v -0.013319 0.177834 0.920919
v 0.065441 -0.032082 1.098664
v -0.136712 0.032132 1.285430
v -0.077137 0.070993 1.196405
v 0.065441 -0.032082 1.098664
v -0.077137 0.070993 1.196405
v 0.098204 0.053144 0.976935
v 0.336627 0.178275 0.900146
v 0.089624 0.135541 0.876040
v 0.400082 0.441406 1.054449
v -0.790656 0.121298 -0.180870
v -0.764893 -0.030104 -0.217557
v -0.640872 0.086943 -0.274750
v -0.790656 0.121298 -0.180870
v -0.640872 0.086943 -0.274750
v -0.613940 0.220344 -0.271929
v -0.764893 -0.030104 -0.217557
v -0.790656 0.121298 -0.180870
v -0.967302 0.183883 -0.067039
v -0.764893 -0.030104 -0.217557
v -0.967302 0.183883 -0.067039
v -1.099236 0.109285 0.000847
v -0.735049 0.266938 -0.193366
v -0.790656 0.121298 -0.180870
v -0.613940 0.220344 -0.271929
v -0.735049 0.266938 -0.193366
v -0.613940 0.220344 -0.271929
v -0.699890 0.268984 -0.213983
v -0.737844 0.450859 -0.165751
v -0.735049 0.266938 -0.193366
v -0.699890 0.268984 -0.213983
v -0.737844 0.450859 -0.165751
v -0.699890 0.268984 -0.213983
v -0.702680 0.452905 -0.186359
v -0.868595 0.344322 -0.103063
v -0.967302 0.183883 -0.067039
v -0.790656 0.121298 -0.180870
v -0.868595 0.344322 -0.103063
v -0.790656 0.121298 -0.180870
v -0.735049 0.266938 -0.193366
v -0.735049 0.266938 -0.193366
v -0.737844 0.450859 -0.165751
v -0.766000 0.445634 -0.149743
v -0.735049 0.266938 -0.193366
v -0.766000 0.445634 -0.149743
v -0.868595 0.344322 -0.103063
v -0.737844 0.450859 -0.165751
v -0.746111 0.537530 -0.148596
v -0.766000 0.445634 -0.149743
v -0.737844 0.450859 -0.165751
v -0.702680 0.452905 -0.186359
v -0.746111 0.537530 -0.148596
v -0.592771 -0.000974 -0.371551
v -0.767431 -0.017449 -0.219182
v -0.732738 0.041980 -0.205641
v -0.592771 -0.000974 -0.371551
v -0.732738 0.041980 -0.205641
v -0.551312 0.044094 -0.350424
v -0.767431 -0.017449 -0.219182
v -0.780414 -0.086603 0.067010
v -0.725982 0.005361 0.096138
v -0.767431 -0.017449 -0.219182
v -0.725982 0.005361 0.096138
v -0.754268 0.140257 0.063587
v -0.767431 -0.017449 -0.219182
v -0.754268 0.140257 0.063587
v -0.732738 0.041980 -0.205641
v -0.732738 0.041980 -0.205641
v -0.754268 0.140257 0.063587
v -0.694949 0.106695 -0.190904
v -0.754268 0.140257 0.063587
v -0.473976 0.256133 -0.086528
v -0.694949 0.106695 -0.190904
v -0.694949 0.106695 -0.190904
v -0.577450 0.151326 -0.338846
v -0.551312 0.044094 -0.350424
v -0.694949 0.106695 -0.190904
v -0.551312 0.044094 -0.350424
v -0.732738 0.041980 -0.205641
v -0.373742 0.223402 -0.073083
v -0.577450 0.151326 -0.338846
v -0.694949 0.106695 -0.190904
v 0.632352 0.137385 0.679244
v 0.651073 -0.006070 0.647046
v 0.675011 0.104633 0.525406
v 0.632352 0.137385 0.679244
v 0.675011 0.104633 0.525406
v 0.677924 0.231002 0.505486
v 0.651073 -0.006070 0.647046
v 0.632352 0.137385 0.679244
v 0.450515 0.195978 0.758528
v 0.654411 0.275389 0.635110
v 0.632352 0.137385 0.679244
v 0.677924 0.231002 0.505486
v 0.654411 0.275389 0.635110
v 0.677924 0.231002 0.505486
v 0.671862 0.277320 0.602354
v 0.645882 0.449658 0.647598
v 0.654411 0.275389 0.635110
v 0.671862 0.277320 0.602354
v 0.645882 0.449658 0.647598
v 0.671862 0.277320 0.602354
v 0.663333 0.451596 0.614842
v 0.531081 0.348295 0.711593
v 0.450515 0.195978 0.758528
v 0.632352 0.137385 0.679244
v 0.531081 0.348295 0.711593
v 0.632352 0.137385 0.679244
v 0.654411 0.275389 0.635110
v 0.654411 0.275389 0.635110
v 0.645882 0.449658 0.647598
v 0.632049 0.444706 0.673639
v 0.654411 0.275389 0.635110
v 0.632049 0.444706 0.673639
v 0.531081 0.348295 0.711593
v 0.645882 0.449658 0.647598
v 0.621920 0.721114 0.751604
v 0.632049 0.444706 0.673639
v 0.645882 0.449658 0.647598
v 0.663333 0.451596 0.614842
v 0.621920 0.721114 0.751604
v 0.461503 0.125885 0.956986
v 0.651073 -0.006070 0.647046
v 0.450515 0.195978 0.758528
v 0.248453 -0.007853 0.239843
v 0.224208 0.134720 0.249928
v -0.038362 0.224055 0.236858
v 0.248453 -0.007853 0.239843
v -0.038362 0.224055 0.236858
v -0.011784 0.073936 0.140712
v 0.411307 0.025245 0.181901
v 0.428357 0.192137 0.192004
v 0.224208 0.134720 0.249928
v 0.411307 0.025245 0.181901
v 0.224208 0.134720 0.249928
v 0.248453 -0.007853 0.239843
v 0.224208 0.134720 0.249928
v 0.199986 0.542634 0.268529
v -0.027122 0.548793 0.024579
v 0.224208 0.134720 0.249928
v -0.027122 0.548793 0.024579
v -0.038362 0.224055 0.236858
v 0.428357 0.192137 0.192004
v 0.350010 0.423829 0.244380
v 0.199986 0.542634 0.268529
v 0.428357 0.192137 0.192004
v 0.199986 0.542634 0.268529
v 0.224208 0.134720 0.249928
v 0.611174 0.121822 0.048764
v 0.622451 -0.005383 0.011372
v 0.617327 0.092780 -0.118525
v 0.611174 0.121822 0.048764
v 0.617327 0.092780 -0.118525
v 0.615460 0.204835 -0.139553
v 0.622451 -0.005383 0.011372
v 0.611174 0.121822 0.048764
v 0.444940 0.173778 0.173804
v 0.622957 0.244194 -0.001615
v 0.611174 0.121822 0.048764
v 0.615460 0.204835 -0.139553
v 0.622957 0.244194 -0.001615
v 0.615460 0.204835 -0.139553
v 0.632803 0.245906 -0.039266
v 0.617290 0.398722 0.013196
v 0.622957 0.244194 -0.001615
v 0.632803 0.245906 -0.039266
v 0.617290 0.398722 0.013196
v 0.632803 0.245906 -0.039266
v 0.627136 0.400441 -0.024456
v 0.515726 0.308842 0.106359
v 0.444940 0.173778 0.173804
v 0.611174 0.121822 0.048764
v 0.515726 0.308842 0.106359
v 0.611174 0.121822 0.048764
v 0.622957 0.244194 -0.001615
v 0.622957 0.244194 -0.001615
v 0.617290 0.398722 0.013196
v 0.609503 0.394331 0.043120
v 0.622957 0.244194 -0.001615
v 0.609503 0.394331 0.043120
v 0.515726 0.308842 0.106359
v 0.617290 0.398722 0.013196
v 0.618107 0.639429 0.125112
v 0.609503 0.394331 0.043120
v 0.617290 0.398722 0.013196
v 0.627136 0.400441 -0.024456
v 0.618107 0.639429 0.125112
v 0.504350 0.111626 0.373581
v 0.622451 -0.005383 0.011372
v 0.444940 0.173778 0.173804
v -0.077119 0.112324 -0.476926
v -0.121059 -0.027877 -0.477217
v -0.236351 0.080511 -0.545248
v -0.077119 0.112324 -0.476926
v -0.236351 0.080511 -0.545248
v -0.249106 0.204043 -0.568525
v -0.121059 -0.027877 -0.477217
v -0.077119 0.112324 -0.476926
v 0.113179 0.170280 -0.398090
v -0.121059 -0.027877 -0.477217
v 0.113179 0.170280 -0.398090
v 0.241504 0.101200 -0.329649
v -0.118217 0.247190 -0.514765
v -0.077119 0.112324 -0.476926
v -0.249106 0.204043 -0.568525
v -0.118217 0.247190 -0.514765
v -0.249106 0.204043 -0.568525
v -0.154450 0.249085 -0.531594
v -0.094403 0.417505 -0.527922
v -0.118217 0.247190 -0.514765
v -0.154450 0.249085 -0.531594
v -0.094403 0.417505 -0.527922
v -0.154450 0.249085 -0.531594
v -0.130632 0.419399 -0.544760
v 0.029072 0.318850 -0.457533
v 0.113179 0.170280 -0.398090
v -0.077119 0.112324 -0.476926
v 0.029072 0.318850 -0.457533
v -0.077119 0.112324 -0.476926
v -0.118217 0.247190 -0.514765
v -0.118217 0.247190 -0.514765
v -0.094403 0.417505 -0.527922
v -0.065793 0.412666 -0.514164
v -0.118217 0.247190 -0.514765
v -0.065793 0.412666 -0.514164
v 0.029072 0.318850 -0.457533
v -0.094403 0.417505 -0.527922
v -0.075966 0.497764 -0.530832
v -0.065793 0.412666 -0.514164
v -0.094403 0.417505 -0.527922
v -0.130632 0.419399 -0.544760
v -0.075966 0.497764 -0.530832
v -0.341199 -0.000902 -0.529996
v -0.120953 -0.016158 -0.474265
v -0.129399 0.038875 -0.509778
v -0.341199 -0.000902 -0.529996
v -0.129399 0.038875 -0.509778
v -0.347307 0.040832 -0.575195
v -0.120953 -0.016158 -0.474265
v 0.116924 -0.080197 -0.623493
v 0.110024 0.004964 -0.683611
v -0.120953 -0.016158 -0.474265
v 0.110024 0.004964 -0.683611
v 0.099575 0.129881 -0.642653
v -0.120953 -0.016158 -0.474265
v 0.099575 0.129881 -0.642653
v -0.129399 0.038875 -0.509778
v -0.129399 0.038875 -0.509778
v 0.099575 0.129881 -0.642653
v -0.138608 0.098802 -0.548454
v 0.099575 0.129881 -0.642653
v -0.177795 0.237185 -0.784769
v -0.138608 0.098802 -0.548454
v -0.138608 0.098802 -0.548454
v -0.323392 0.140131 -0.560592
v -0.347307 0.040832 -0.575195
v -0.138608 0.098802 -0.548454
v -0.347307 0.040832 -0.575195
v -0.129399 0.038875 -0.509778
v -0.222890 0.206875 -0.873046
v -0.323392 0.140131 -0.560592
v -0.138608 0.098802 -0.548454
v 0.166455 0.088615 -0.042320
v 0.148811 -0.021992 -0.079703
v 0.159566 0.063517 -0.205183
v 0.166455 0.088615 -0.042320
v 0.159566 0.063517 -0.205183
v 0.174114 0.160974 -0.225478
v 0.148811 -0.021992 -0.079703
v 0.166455 0.088615 -0.042320
v 0.177078 0.134337 0.151172
v 0.148811 -0.021992 -0.079703
v 0.177078 0.134337 0.151172
v 0.171282 0.079839 0.287872
v 0.181813 0.195013 -0.092582
v 0.166455 0.088615 -0.042320
v 0.174114 0.160974 -0.225478
v 0.181813 0.195013 -0.092582
v 0.174114 0.160974 -0.225478
v 0.181333 0.196508 -0.130163
v 0.202668 0.329378 -0.077742
v 0.181813 0.195013 -0.092582
v 0.181333 0.196508 -0.130163
v 0.202668 0.329378 -0.077742
v 0.181333 0.196508 -0.130163
v 0.202197 0.330873 -0.115324
v 0.193246 0.251547 0.055637
v 0.177078 0.134337 0.151172
v 0.166455 0.088615 -0.042320
v 0.193246 0.251547 0.055637
v 0.166455 0.088615 -0.042320
v 0.181813 0.195013 -0.092582
v 0.181813 0.195013 -0.092582
v 0.202668 0.329378 -0.077742
v 0.202649 0.325561 -0.047876
v 0.181813 0.195013 -0.092582
v 0.202649 0.325561 -0.047876
v 0.193246 0.251547 0.055637
v 0.202668 0.329378 -0.077742
v 0.212642 0.392696 -0.063291
v 0.202649 0.325561 -0.047876
v 0.202668 0.329378 -0.077742
v 0.202197 0.330873 -0.115324
v 0.212642 0.392696 -0.063291
v 0.103940 -0.000712 -0.287895
v 0.146351 -0.012748 -0.078412
v 0.173031 0.030669 -0.100034
v 0.103940 -0.000712 -0.287895
v 0.173031 0.030669 -0.100034
v 0.139786 0.032214 -0.311479
v 0.146351 -0.012748 -0.078412
v 0.369767 -0.063269 0.062571
v 0.417944 0.003916 0.032242
v 0.146351 -0.012748 -0.078412
v 0.417944 0.003916 0.032242
v 0.378954 0.102466 0.040057
v 0.146351 -0.012748 -0.078412
v 0.378954 0.102466 0.040057
v 0.173031 0.030669 -0.100034
v 0.173031 0.030669 -0.100034
v 0.378954 0.102466 0.040057
v 0.202082 0.077947 -0.123592
v 0.378954 0.102466 0.040057
v 0.386546 0.187120 -0.253047
v 0.202082 0.077947 -0.123592
v 0.202082 0.077947 -0.123592
v 0.137139 0.110552 -0.285251
v 0.139786 0.032214 -0.311479
v 0.202082 0.077947 -0.123592
v 0.139786 0.032214 -0.311479
v 0.173031 0.030669 -0.100034
v 0.443053 0.163208 -0.327235
v 0.137139 0.110552 -0.285251
v 0.202082 0.077947 -0.123592
v 0.377873 -0.021775 -0.941729
v 0.379887 0.092261 -0.941725
v 0.330366 0.121349 -0.707699
v 0.377873 -0.021775 -0.941729
v 0.330366 0.121349 -0.707699
v 0.331337 0.027236 -0.766728
v 0.431512 -0.001809 -1.101239
v 0.453229 0.106074 -1.110479
v 0.379887 0.092261 -0.941725
v 0.431512 -0.001809 -1.101239
v 0.379887 0.092261 -0.941725
v 0.377873 -0.021775 -0.941729
v 0.379887 0.092261 -0.941725
v 0.388023 0.282707 -0.874881
v 0.175768 0.300457 -0.663425
v 0.453229 0.106074 -1.110479
v 0.441029 0.205841 -1.030889
v 0.388023 0.282707 -0.874881
v 0.453229 0.106074 -1.110479
v 0.388023 0.282707 -0.874881
v 0.379887 0.092261 -0.941725
v 0.384026 0.029664 -0.913607
v 0.633257 0.072029 -0.647891
v 0.526215 -0.001258 -0.761180
v 0.384026 0.029664 -0.913607
v 0.526215 -0.001258 -0.761180
v 0.369786 -0.022022 -0.922130
v 0.369786 -0.022022 -0.922130
v 0.169221 -0.021838 -0.988712
v 0.282320 0.036174 -0.944303
v 0.369786 -0.022022 -0.922130
v 0.282320 0.036174 -0.944303
v 0.384026 0.029664 -0.913607
v 0.381390 0.068972 -0.911601
v 0.520967 0.116701 -0.769302
v 0.633257 0.072029 -0.647891
v 0.381390 0.068972 -0.911601
v 0.633257 0.072029 -0.647891
v 0.384026 0.029664 -0.913607
v 0.381390 0.068972 -0.911601
v 0.337793 0.176492 -0.704892
v 0.520967 0.116701 -0.769302
v 0.384026 0.029664 -0.913607
v 0.282320 0.036174 -0.944303
v 0.347912 0.121049 -1.045137
v 0.384026 0.029664 -0.913607
v 0.347912 0.121049 -1.045137
v 0.381390 0.068972 -0.911601
v 0.282320 0.036174 -0.944303
v 0.090850 0.048324 -1.135748
v 0.347912 0.121049 -1.045137
v 0.169221 -0.021838 -0.988712
v 0.011948 0.021872 -1.202340
v 0.090850 0.048324 -1.135748
v 0.169221 -0.021838 -0.988712
v 0.090850 0.048324 -1.135748
v 0.282320 0.036174 -0.944303
v 0.330366 0.121349 -0.707699
v 0.379887 0.092261 -0.941725
v 0.175768 0.300457 -0.663425
v -0.290829 -0.031635 0.043604
v -0.293521 0.155786 0.066779
v -0.443843 0.142841 0.075520
v -0.290829 -0.031635 0.043604
v -0.443843 0.142841 0.075520
v -0.485289 -0.017164 0.072954
v -0.102535 0.205496 0.179739
v -0.293521 0.155786 0.066779
v -0.290829 -0.031635 0.043604
v -0.102535 0.205496 0.179739
v -0.302543 0.307076 0.196912
v -0.309771 0.314182 0.071290
v -0.102535 0.205496 0.179739
v -0.309771 0.314182 0.071290
v -0.293521 0.155786 0.066779
v -0.302543 0.307076 0.196912
v -0.320478 0.582314 0.227566
v -0.325537 0.559661 0.088438
v -0.302543 0.307076 0.196912
v -0.325537 0.559661 0.088438
v -0.309771 0.314182 0.071290
v -0.293521 0.155786 0.066779
v -0.309771 0.314182 0.071290
v -0.373731 0.344650 0.006511
v -0.293521 0.155786 0.066779
v -0.373731 0.344650 0.006511
v -0.443843 0.142841 0.075520
v -0.373731 0.344650 0.006511
v -0.309771 0.314182 0.071290
v -0.325537 0.559661 0.088438
v -0.373731 0.344650 0.006511
v -0.325537 0.559661 0.088438
v -0.356882 0.520248 0.049125
v -0.325537 0.559661 0.088438
v -0.275878 0.724751 0.097458
v -0.312755 0.701960 0.056548
v -0.325537 0.559661 0.088438
v -0.312755 0.701960 0.056548
v -0.356882 0.520248 0.049125
v -0.275878 0.724751 0.097458
v -0.101040 1.007280 0.160812
v -0.312755 0.701960 0.056548
v -0.275878 0.724751 0.097458
v -0.325537 0.559661 0.088438
v -0.320478 0.582314 0.227566
v -0.288934 -0.029944 0.044547
v -0.319139 0.101810 0.036348
v -0.325630 0.086926 -0.070627
v -0.288934 -0.029944 0.044547
v -0.325630 0.086926 -0.070627
v -0.312468 -0.028197 -0.094717
v -0.401724 0.135955 0.172512
v -0.319139 0.101810 0.036348
v -0.288934 -0.029944 0.044547
v -0.401724 0.135955 0.172512
v -0.422975 0.200347 0.026089
v -0.334033 0.213715 0.019242
v -0.401724 0.135955 0.172512
v -0.334033 0.213715 0.019242
v -0.319139 0.101810 0.036348
v -0.422975 0.200347 0.026089
v -0.465042 0.393597 0.004001
v -0.364279 0.386766 -0.000425
v -0.422975 0.200347 0.026089
v -0.364279 0.386766 -0.000425
v -0.334033 0.213715 0.019242
v -0.319139 0.101810 0.036348
v -0.334033 0.213715 0.019242
v -0.290606 0.237646 -0.028324
v -0.319139 0.101810 0.036348
v -0.290606 0.237646 -0.028324
v -0.325630 0.086926 -0.070627
v -0.290606 0.237646 -0.028324
v -0.334033 0.213715 0.019242
v -0.364279 0.386766 -0.000425
v -0.290606 0.237646 -0.028324
v -0.364279 0.386766 -0.000425
v -0.333645 0.360325 -0.021908
v -0.364279 0.386766 -0.000425
v -0.379896 0.513417 -0.020945
v -0.349582 0.494607 -0.044259
v -0.364279 0.386766 -0.000425
v -0.349582 0.494607 -0.044259
v -0.333645 0.360325 -0.021908
v -0.379896 0.513417 -0.020945
v -0.437403 0.761728 -0.035864
v -0.349582 0.494607 -0.044259
v -0.379896 0.513417 -0.020945
v -0.364279 0.386766 -0.000425
v -0.465042 0.393597 0.004001
v -1.085704 0.088714 -0.101562
v -1.072970 0.270824 -0.168458
v -0.858406 0.276245 -0.173587
v -1.085704 0.088714 -0.101562
v -0.858406 0.276245 -0.173587
v -0.844407 -0.007026 -0.141203
v -0.844407 -0.007026 -0.141203
v -0.858406 0.276245 -0.173587
v -0.675093 0.270710 -0.133682
v -0.828785 0.369336 -0.101400
v -0.858406 0.276245 -0.173587
v -1.072970 0.270824 -0.168458
v -0.828785 0.369336 -0.101400
v -1.072970 0.270824 -0.168458
v -1.080526 0.419381 -0.043225
v -0.858406 0.276245 -0.173587
v -0.828785 0.369336 -0.101400
v -0.720978 0.357402 -0.079192
v -0.858406 0.276245 -0.173587
v -0.720978 0.357402 -0.079192
v -0.675093 0.270710 -0.133682
v -0.799156 0.462428 -0.029208
v -0.828785 0.369336 -0.101400
v -1.080526 0.419381 -0.043225
v -0.799156 0.462428 -0.029208
v -1.080526 0.419381 -0.043225
v -0.916704 0.497082 0.046827
v -0.799156 0.462428 -0.029208
v -0.916704 0.497082 0.046827
v -0.882190 0.588445 0.034029
v -0.799156 0.462428 -0.029208
v -0.882190 0.588445 0.034029
v -0.792650 0.534337 -0.015413
v -0.792650 0.534337 -0.015413
v -0.882190 0.588445 0.034029
v -0.941496 0.921039 -0.027156
v -0.799156 0.462428 -0.029208
v -0.792650 0.534337 -0.015413
v -0.717641 0.499019 -0.052876
v -0.799156 0.462428 -0.029208
v -0.717641 0.499019 -0.052876
v -0.710687 0.464364 -0.061615
v -0.744754 0.743012 -0.088424
v -0.717641 0.499019 -0.052876
v -0.792650 0.534337 -0.015413
v -0.828785 0.369336 -0.101400
v -0.799156 0.462428 -0.029208
v -0.710687 0.464364 -0.061615
v -0.828785 0.369336 -0.101400
v -0.710687 0.464364 -0.061615
v -0.720978 0.357402 -0.079192
v 0.679366 -0.008089 0.592633
v 0.663206 0.138776 0.614458
v 0.423258 0.230800 0.742295
v 0.679366 -0.008089 0.592633
v 0.423258 0.230800 0.742295
v 0.395785 0.076162 0.642859
v 0.793114 0.026005 0.454731
v 0.813610 0.197921 0.454642
v 0.663206 0.138776 0.614458
v 0.793114 0.026005 0.454731
v 0.663206 0.138776 0.614458
v 0.679366 -0.008089 0.592633
v 0.663206 0.138776 0.614458
v 0.651590 0.558970 0.643827
v 0.320503 0.565313 0.547946
v 0.663206 0.138776 0.614458
v 0.320503 0.565313 0.547946
v 0.423258 0.230800 0.742295
v 0.813610 0.197921 0.454642
v 0.771898 0.436588 0.542727
v 0.651590 0.558970 0.643827
v 0.813610 0.197921 0.454642
v 0.651590 0.558970 0.643827
v 0.663206 0.138776 0.614458
v 0.754394 0.085470 -0.184282
v 0.686906 0.260921 -0.173864
v 0.610047 0.266144 -0.374899
v 0.754394 0.085470 -0.184282
v 0.610047 0.266144 -0.374899
v 0.635950 -0.006769 -0.398997
v 0.635950 -0.006769 -0.398997
v 0.610047 0.266144 -0.374899
v 0.586232 0.260811 -0.561517
v 0.668320 0.355831 -0.427117
v 0.610047 0.266144 -0.374899
v 0.686906 0.260921 -0.173864
v 0.668320 0.355831 -0.427117
v 0.686906 0.260921 -0.173864
v 0.807782 0.404045 -0.208755
v 0.610047 0.266144 -0.374899
v 0.668320 0.355831 -0.427117
v 0.653123 0.344333 -0.536445
v 0.610047 0.266144 -0.374899
v 0.653123 0.344333 -0.536445
v 0.586232 0.260811 -0.561517
v 0.726595 0.445518 -0.479344
v 0.668320 0.355831 -0.427117
v 0.807782 0.404045 -0.208755
v 0.726595 0.445518 -0.479344
v 0.807782 0.404045 -0.208755
v 0.837897 0.478905 -0.393784
v 0.726595 0.445518 -0.479344
v 0.837897 0.478905 -0.393784
v 0.814220 0.566927 -0.422104
v 0.726595 0.445518 -0.479344
v 0.814220 0.566927 -0.422104
v 0.737448 0.514798 -0.490123
v 0.737448 0.514798 -0.490123
v 0.814220 0.566927 -0.422104
v 0.776306 0.887359 -0.345527
v 0.726595 0.445518 -0.479344
v 0.737448 0.514798 -0.490123
v 0.676872 0.480771 -0.548430
v 0.726595 0.445518 -0.479344
v 0.676872 0.480771 -0.548430
v 0.666279 0.447384 -0.552068
v 0.652379 0.715842 -0.510879
v 0.676872 0.480771 -0.548430
v 0.737448 0.514798 -0.490123
v 0.668320 0.355831 -0.427117
v 0.726595 0.445518 -0.479344
v 0.666279 0.447384 -0.552068
v 0.668320 0.355831 -0.427117
v 0.666279 0.447384 -0.552068
v 0.653123 0.344333 -0.536445
v 0.792190 0.096860 -0.812446
v 0.833552 -0.024039 -0.822893
v 0.958495 0.069427 -0.787091
v 0.792190 0.096860 -0.812446
v 0.958495 0.069427 -0.787091
v 0.976160 0.175953 -0.768329
v 0.833552 -0.024039 -0.822893
v 0.792190 0.096860 -0.812446
v 0.594125 0.146837 -0.840101
v 0.833552 -0.024039 -0.822893
v 0.594125 0.146837 -0.840101
v 0.456836 0.087268 -0.873109
v 0.840043 0.213159 -0.786915
v 0.792190 0.096860 -0.812446
v 0.976160 0.175953 -0.768329
v 0.840043 0.213159 -0.786915
v 0.976160 0.175953 -0.768329
v 0.878198 0.214793 -0.779940
v 0.820874 0.360027 -0.768740
v 0.840043 0.213159 -0.786915
v 0.878198 0.214793 -0.779940
v 0.820874 0.360027 -0.768740
v 0.878198 0.214793 -0.779940
v 0.859028 0.361661 -0.761756
v 0.687667 0.274954 -0.804761
v 0.594125 0.146837 -0.840101
v 0.792190 0.096860 -0.812446
v 0.687667 0.274954 -0.804761
v 0.792190 0.096860 -0.812446
v 0.840043 0.213159 -0.786915
v 0.840043 0.213159 -0.786915
v 0.820874 0.360027 -0.768740
v 0.790632 0.355855 -0.774689
v 0.840043 0.213159 -0.786915
v 0.790632 0.355855 -0.774689
v 0.687667 0.274954 -0.804761
v 0.820874 0.360027 -0.768740
v 0.804259 0.429237 -0.761508
v 0.790632 0.355855 -0.774689
v 0.820874 0.360027 -0.768740
v 0.859028 0.361661 -0.761756
v 0.804259 0.429237 -0.761508
v 1.053303 -0.000778 -0.827005
v 0.832732 -0.013934 -0.825641
v 0.849334 0.033523 -0.794329
v 1.053303 -0.000778 -0.827005
v 0.849334 0.033523 -0.794329
v 1.070071 0.035211 -0.786020
v 0.832732 -0.013934 -0.825641
v 0.645601 -0.069156 -0.627369
v 0.666752 0.004281 -0.572557
v 0.832732 -0.013934 -0.825641
v 0.666752 0.004281 -0.572557
v 0.666579 0.112000 -0.613596
v 0.832732 -0.013934 -0.825641
v 0.666579 0.112000 -0.613596
v 0.849334 0.033523 -0.794329
v 0.849334 0.033523 -0.794329
v 0.666579 0.112000 -0.613596
v 0.867425 0.085200 -0.760231
v 0.666579 0.112000 -0.613596
v 0.961907 0.204532 -0.547719
v 0.867425 0.085200 -0.760231
v 0.867425 0.085200 -0.760231
v 1.044034 0.120839 -0.793908
v 1.070071 0.035211 -0.786020
v 0.867425 0.085200 -0.760231
v 1.070071 0.035211 -0.786020
v 0.849334 0.033523 -0.794329
v 1.025822 0.178395 -0.475764
v 1.044034 0.120839 -0.793908
v 0.867425 0.085200 -0.760231
v 0.313521 -0.016053 -0.554700
v 0.309023 0.079054 -0.532135
v 0.160570 0.072485 -0.535555
v 0.313521 -0.016053 -0.554700
v 0.160570 0.072485 -0.535555
v 0.120037 -0.008710 -0.541389
v 0.487721 0.104279 -0.405845
v 0.309023 0.079054 -0.532135
v 0.313521 -0.016053 -0.554700
v 0.487721 0.104279 -0.405845
v 0.289757 0.155826 -0.404947
v 0.292690 0.159432 -0.529000
v 0.487721 0.104279 -0.405845
v 0.292690 0.159432 -0.529000
v 0.309023 0.079054 -0.532135
v 0.289757 0.155826 -0.404947
v 0.269679 0.295496 -0.376249
v 0.275823 0.284001 -0.513405
v 0.289757 0.155826 -0.404947
v 0.275823 0.284001 -0.513405
v 0.292690 0.159432 -0.529000
v 0.309023 0.079054 -0.532135
v 0.292690 0.159432 -0.529000
v 0.234998 0.174893 -0.597783
v 0.309023 0.079054 -0.532135
v 0.234998 0.174893 -0.597783
v 0.160570 0.072485 -0.535555
v 0.234998 0.174893 -0.597783
v 0.292690 0.159432 -0.529000
v 0.275823 0.284001 -0.513405
v 0.234998 0.174893 -0.597783
v 0.275823 0.284001 -0.513405
v 0.248154 0.264001 -0.554551
v 0.275823 0.284001 -0.513405
v 0.323913 0.367776 -0.500571
v 0.290934 0.356211 -0.543729
v 0.275823 0.284001 -0.513405
v 0.290934 0.356211 -0.543729
v 0.248154 0.264001 -0.554551
v 0.323913 0.367776 -0.500571
v 0.490702 0.511146 -0.424329
v 0.290934 0.356211 -0.543729
v 0.323913 0.367776 -0.500571
v 0.275823 0.284001 -0.513405
v 0.269679 0.295496 -0.376249
v 0.315308 -0.015195 -0.553621
v 0.286274 0.051664 -0.564094
v 0.288441 0.044111 -0.669761
v 0.315308 -0.015195 -0.553621
v 0.288441 0.044111 -0.669761
v 0.303303 -0.014309 -0.692387
v 0.194219 0.068991 -0.436855
v 0.286274 0.051664 -0.564094
v 0.315308 -0.015195 -0.553621
v 0.194219 0.068991 -0.436855
v 0.185031 0.101666 -0.582475
v 0.273001 0.108450 -0.582098
v 0.194219 0.068991 -0.436855
v 0.273001 0.108450 -0.582098
v 0.286274 0.051664 -0.564094
v 0.185031 0.101666 -0.582475
v 0.145448 0.199731 -0.607547
v 0.244843 0.196265 -0.603846
v 0.185031 0.101666 -0.582475
v 0.244843 0.196265 -0.603846
v 0.273001 0.108450 -0.582098
v 0.286274 0.051664 -0.564094
v 0.273001 0.108450 -0.582098
v 0.319487 0.120594 -0.625382
v 0.286274 0.051664 -0.564094
v 0.319487 0.120594 -0.625382
v 0.288441 0.044111 -0.669761
v 0.319487 0.120594 -0.625382
v 0.273001 0.108450 -0.582098
v 0.244843 0.196265 -0.603846
v 0.319487 0.120594 -0.625382
v 0.244843 0.196265 -0.603846
v 0.276670 0.182848 -0.622514
v 0.244843 0.196265 -0.603846
v 0.231133 0.260534 -0.625263
v 0.262791 0.250989 -0.645756
v 0.244843 0.196265 -0.603846
v 0.262791 0.250989 -0.645756
v 0.276670 0.182848 -0.622514
v 0.231133 0.260534 -0.625263
v 0.175800 0.386540 -0.644522
v 0.262791 0.250989 -0.645756
v 0.231133 0.260534 -0.625263
v 0.244843 0.196265 -0.603846
v 0.145448 0.199731 -0.607547
v -0.891408 -0.033101 0.208946
v -0.890252 0.140249 0.207210
v -0.716757 0.184467 0.383902
v -0.891408 -0.033101 0.208946
v -0.716757 0.184467 0.383902
v -0.767113 0.041402 0.349270
v -0.998276 -0.002750 0.071362
v -0.993813 0.161248 0.047342
v -0.890252 0.140249 0.207210
v -0.998276 -0.002750 0.071362
v -0.890252 0.140249 0.207210
v -0.891408 -0.033101 0.208946
v -0.890252 0.140249 0.207210
v -0.827941 0.429755 0.238462
v -0.767080 0.456739 0.542588
v -0.993813 0.161248 0.047342
v -0.932151 0.312909 0.103429
v -0.827941 0.429755 0.238462
v -0.993813 0.161248 0.047342
v -0.827941 0.429755 0.238462
v -0.890252 0.140249 0.207210
v -0.863630 0.045093 0.219738
v -0.491768 0.109494 0.156902
v -0.650760 -0.001912 0.184366
v -0.863630 0.045093 0.219738
v -0.650760 -0.001912 0.184366
v -0.879135 -0.033476 0.227141
v -0.879135 -0.033476 0.227141
v -1.051384 -0.033197 0.362008
v -0.948332 0.054990 0.289885
v -0.879135 -0.033476 0.227141
v -0.948332 0.054990 0.289885
v -0.863630 0.045093 0.219738
v -0.863410 0.104847 0.223160
v -0.660770 0.177402 0.184243
v -0.491768 0.109494 0.156902
v -0.863410 0.104847 0.223160
v -0.491768 0.109494 0.156902
v -0.863630 0.045093 0.219738
v -0.863410 0.104847 0.223160
v -0.710084 0.268294 0.379104
v -0.660770 0.177402 0.184243
v -0.863630 0.045093 0.219738
v -0.948332 0.054990 0.289885
v -0.997750 0.184012 0.175585
v -0.863630 0.045093 0.219738
v -0.997750 0.184012 0.175585
v -0.863410 0.104847 0.223160
v -0.948332 0.054990 0.289885
v -1.223069 0.073459 0.345424
v -0.997750 0.184012 0.175585
v -1.051384 -0.033197 0.362008
v -1.325676 0.033248 0.375352
v -1.223069 0.073459 0.345424
v -1.051384 -0.033197 0.362008
v -1.223069 0.073459 0.345424
v -0.948332 0.054990 0.289885
v -0.716757 0.184467 0.383902
v -0.890252 0.140249 0.207210
v -0.767080 0.456739 0.542588
v 0.553893 0.123532 -0.604121
v 0.595110 -0.030658 -0.610995
v 0.714202 0.088545 -0.566000
v 0.553893 0.123532 -0.604121
v 0.714202 0.088545 -0.566000
v 0.729939 0.224404 -0.546265
v 0.595110 -0.030658 -0.610995
v 0.553893 0.123532 -0.604121
v 0.362764 0.187271 -0.647041
v 0.595110 -0.030658 -0.610995
v 0.362764 0.187271 -0.647041
v 0.231395 0.111298 -0.690300
v 0.598554 0.271856 -0.575351
v 0.553893 0.123532 -0.604121
v 0.729939 0.224404 -0.546265
v 0.598554 0.271856 -0.575351
v 0.729939 0.224404 -0.546265
v 0.635241 0.273940 -0.565474
v 0.578381 0.459165 -0.559150
v 0.598554 0.271856 -0.575351
v 0.635241 0.273940 -0.565474
v 0.578381 0.459165 -0.559150
v 0.635241 0.273940 -0.565474
v 0.615065 0.461249 -0.549265
v 0.451239 0.350666 -0.605022
v 0.362764 0.187271 -0.647041
v 0.553893 0.123532 -0.604121
v 0.451239 0.350666 -0.605022
v 0.553893 0.123532 -0.604121
v 0.598554 0.271856 -0.575351
v 0.598554 0.271856 -0.575351
v 0.578381 0.459165 -0.559150
v 0.549336 0.453844 -0.567388
v 0.598554 0.271856 -0.575351
v 0.549336 0.453844 -0.567388
v 0.451239 0.350666 -0.605022
v 0.578381 0.459165 -0.559150
v 0.561579 0.547433 -0.553425
v 0.549336 0.453844 -0.567388
v 0.578381 0.459165 -0.559150
v 0.615065 0.461249 -0.549265
v 0.561579 0.547433 -0.553425
v 0.809963 -0.000992 -0.597343
v 0.594531 -0.017771 -0.613743
v 0.608220 0.042754 -0.581842
v 0.809963 -0.000992 -0.597343
v 0.608220 0.042754 -0.581842
v 0.823037 0.044907 -0.555986
v 0.594531 -0.017771 -0.613743
v 0.395913 -0.088199 -0.435232
v 0.412155 0.005460 -0.380024
v 0.594531 -0.017771 -0.613743
v 0.412155 0.005460 -0.380024
v 0.415284 0.142841 -0.420101
v 0.594531 -0.017771 -0.613743
v 0.415284 0.142841 -0.420101
v 0.608220 0.042754 -0.581842
v 0.608220 0.042754 -0.581842
v 0.415284 0.142841 -0.420101
v 0.623139 0.108661 -0.547101
v 0.415284 0.142841 -0.420101
v 0.698290 0.260852 -0.332050
v 0.623139 0.108661 -0.547101
v 0.623139 0.108661 -0.547101
v 0.798254 0.154114 -0.565779
v 0.823037 0.044907 -0.555986
v 0.623139 0.108661 -0.547101
v 0.823037 0.044907 -0.555986
v 0.608220 0.042754 -0.581842
v 0.754899 0.227518 -0.256669
v 0.798254 0.154114 -0.565779
v 0.623139 0.108661 -0.547101
v -0.284039 0.051597 -0.508174
v -0.354291 0.157513 -0.514987
v -0.379890 0.160666 -0.735968
v -0.284039 0.051597 -0.508174
v -0.379890 0.160666 -0.735968
v -0.347789 -0.004086 -0.753483
v -0.347789 -0.004086 -0.753483
v -0.379890 0.160666 -0.735968
v -0.356049 0.157447 -0.928955
v -0.308184 0.214808 -0.773373
v -0.379890 0.160666 -0.735968
v -0.354291 0.157513 -0.514987
v -0.308184 0.214808 -0.773373
v -0.354291 0.157513 -0.514987
v -0.224315 0.243914 -0.519040
v -0.379890 0.160666 -0.735968
v -0.308184 0.214808 -0.773373
v -0.295464 0.207867 -0.886750
v -0.379890 0.160666 -0.735968
v -0.295464 0.207867 -0.886750
v -0.356049 0.157447 -0.928955
v -0.236474 0.268951 -0.810787
v -0.308184 0.214808 -0.773373
v -0.224315 0.243914 -0.519040
v -0.236474 0.268951 -0.810787
v -0.224315 0.243914 -0.519040
v -0.146869 0.289106 -0.696653
v -0.236474 0.268951 -0.810787
v -0.146869 0.289106 -0.696653
v -0.163345 0.342243 -0.731066
v -0.236474 0.268951 -0.810787
v -0.163345 0.342243 -0.731066
v -0.222850 0.310774 -0.818808
v -0.222850 0.310774 -0.818808
v -0.163345 0.342243 -0.731066
v -0.220886 0.535682 -0.664063
v -0.236474 0.268951 -0.810787
v -0.222850 0.310774 -0.818808
v -0.268617 0.290232 -0.892684
v -0.236474 0.268951 -0.810787
v -0.268617 0.290232 -0.892684
v -0.278296 0.270077 -0.899035
v -0.302743 0.432140 -0.861335
v -0.268617 0.290232 -0.892684
v -0.222850 0.310774 -0.818808
v -0.308184 0.214808 -0.773373
v -0.236474 0.268951 -0.810787
v -0.278296 0.270077 -0.899035
v -0.308184 0.214808 -0.773373
v -0.278296 0.270077 -0.899035
v -0.295464 0.207867 -0.886750
v -0.222784 -0.018759 0.683806
v -0.215616 0.092378 0.661269
v -0.064354 0.084702 0.681695
v -0.222784 -0.018759 0.683806
v -0.064354 0.084702 0.681695
v -0.023613 -0.010178 0.692278
v -0.383760 0.121854 0.511874
v -0.215616 0.092378 0.661269
v -0.222784 -0.018759 0.683806
v -0.383760 0.121854 0.511874
v -0.181427 0.182089 0.533537
v -0.198573 0.186303 0.659929
v -0.383760 0.121854 0.511874
v -0.198573 0.186303 0.659929
v -0.215616 0.092378 0.661269
v -0.181427 0.182089 0.533537
v -0.157643 0.345300 0.506511
v -0.179564 0.331867 0.645922
v -0.181427 0.182089 0.533537
v -0.179564 0.331867 0.645922
v -0.198573 0.186303 0.659929
v -0.215616 0.092378 0.661269
v -0.198573 0.186303 0.659929
v -0.147484 0.204370 0.736774
v -0.215616 0.092378 0.661269
v -0.147484 0.204370 0.736774
v -0.064354 0.084702 0.681695
v -0.147484 0.204370 0.736774
v -0.198573 0.186303 0.659929
v -0.179564 0.331867 0.645922
v -0.147484 0.204370 0.736774
v -0.179564 0.331867 0.645922
v -0.155992 0.308496 0.691110
v -0.179564 0.331867 0.645922
v -0.227226 0.429761 0.627326
v -0.198460 0.416247 0.675175
v -0.179564 0.331867 0.645922
v -0.198460 0.416247 0.675175
v -0.155992 0.308496 0.691110
v -0.227226 0.429761 0.627326
v -0.388913 0.597295 0.530417
v -0.198460 0.416247 0.675175
v -0.227226 0.429761 0.627326
v -0.179564 0.331867 0.645922
v -0.157643 0.345300 0.506511
v -0.224487 -0.017756 0.682500
v -0.196021 0.060371 0.696511
v -0.210288 0.051545 0.804207
v -0.224487 -0.017756 0.682500
v -0.210288 0.051545 0.804207
v -0.228051 -0.016720 0.825626
v -0.087470 0.080618 0.577029
v -0.196021 0.060371 0.696511
v -0.224487 -0.017756 0.682500
v -0.087470 0.080618 0.577029
v -0.094693 0.118802 0.726836
v -0.184517 0.126728 0.716417
v -0.087470 0.080618 0.577029
v -0.184517 0.126728 0.716417
v -0.196021 0.060371 0.696511
v -0.094693 0.118802 0.726836
v -0.057117 0.233394 0.756963
v -0.158232 0.229344 0.741845
v -0.094693 0.118802 0.726836
v -0.158232 0.229344 0.741845
v -0.184517 0.126728 0.716417
v -0.196021 0.060371 0.696511
v -0.184517 0.126728 0.716417
v -0.236941 0.140919 0.755331
v -0.196021 0.060371 0.696511
v -0.236941 0.140919 0.755331
v -0.210288 0.051545 0.804207
v -0.236941 0.140919 0.755331
v -0.184517 0.126728 0.716417
v -0.158232 0.229344 0.741845
v -0.236941 0.140919 0.755331
v -0.158232 0.229344 0.741845
v -0.192875 0.213665 0.757285
v -0.158232 0.229344 0.741845
v -0.146669 0.304445 0.765287
v -0.181347 0.293291 0.782611
v -0.158232 0.229344 0.741845
v -0.181347 0.293291 0.782611
v -0.192875 0.213665 0.757285
v -0.146669 0.304445 0.765287
v -0.092340 0.451688 0.791272
v -0.181347 0.293291 0.782611
v -0.146669 0.304445 0.765287
v -0.158232 0.229344 0.741845
v -0.057117 0.233394 0.756963
v 0.058593 -0.019549 -0.591753
v 0.059313 0.082828 -0.593688
v 0.266682 0.108943 -0.462752
v 0.058593 -0.019549 -0.591753
v 0.266682 0.108943 -0.462752
v 0.210276 0.024451 -0.484703
v -0.075668 -0.001624 -0.700117
v -0.076820 0.095230 -0.724286
v 0.059313 0.082828 -0.593688
v -0.075668 -0.001624 -0.700117
v 0.059313 0.082828 -0.593688
v 0.058593 -0.019549 -0.591753
v 0.059313 0.082828 -0.593688
v 0.126477 0.253804 -0.577710
v 0.254203 0.269740 -0.298352
v -0.076820 0.095230 -0.724286
v -0.004642 0.184797 -0.684219
v 0.126477 0.253804 -0.577710
v -0.076820 0.095230 -0.724286
v 0.126477 0.253804 -0.577710
v 0.059313 0.082828 -0.593688
v 0.087821 0.026631 -0.587656
v 0.432028 0.064665 -0.732666
v 0.284996 -0.001129 -0.670090
v 0.087821 0.026631 -0.587656
v 0.284996 -0.001129 -0.670090
v 0.074556 -0.019770 -0.576999
v 0.074556 -0.019770 -0.576999
v -0.060869 -0.019605 -0.407877
v 0.022096 0.032476 -0.500802
v 0.074556 -0.019770 -0.576999
v 0.022096 0.032476 -0.500802
v 0.087821 0.026631 -0.587656
v 0.088811 0.061920 -0.584408
v 0.275319 0.104770 -0.667936
v 0.432028 0.064665 -0.732666
v 0.088811 0.061920 -0.584408
v 0.432028 0.064665 -0.732666
v 0.087821 0.026631 -0.587656
v 0.088811 0.061920 -0.584408
v 0.272026 0.158449 -0.468893
v 0.275319 0.104770 -0.667936
v 0.087821 0.026631 -0.587656
v 0.022096 0.032476 -0.500802
v -0.051495 0.108673 -0.599766
v 0.087821 0.026631 -0.587656
v -0.051495 0.108673 -0.599766
v 0.088811 0.061920 -0.584408
v 0.022096 0.032476 -0.500802
v -0.230138 0.043383 -0.384880
v -0.051495 0.108673 -0.599766
v -0.060869 -0.019605 -0.407877
v -0.322256 0.019636 -0.332731
v -0.230138 0.043383 -0.384880
v -0.060869 -0.019605 -0.407877
v -0.230138 0.043383 -0.384880
v 0.022096 0.032476 -0.500802
v 0.266682 0.108943 -0.462752
v 0.059313 0.082828 -0.593688
v 0.254203 0.269740 -0.298352
v -0.974676 0.062551 -0.003918
v -1.041956 0.190952 -0.013955
v -1.055650 0.194774 -0.227914
v -0.974676 0.062551 -0.003918
v -1.055650 0.194774 -0.227914
v -1.023886 -0.004954 -0.243182
v -1.023886 -0.004954 -0.243182
v -1.055650 0.194774 -0.227914
v -1.023146 0.190872 -0.412480
v -0.984782 0.260411 -0.260365
v -1.055650 0.194774 -0.227914
v -1.041956 0.190952 -0.013955
v -0.984782 0.260411 -0.260365
v -1.041956 0.190952 -0.013955
v -0.916655 0.295696 -0.011418
v -1.055650 0.194774 -0.227914
v -0.984782 0.260411 -0.260365
v -0.966924 0.251996 -0.368858
v -1.055650 0.194774 -0.227914
v -0.966924 0.251996 -0.368858
v -1.023146 0.190872 -0.412480
v -0.913909 0.326048 -0.292823
v -0.984782 0.260411 -0.260365
v -0.916655 0.295696 -0.011418
v -0.913909 0.326048 -0.292823
v -0.916655 0.295696 -0.011418
v -0.833318 0.350482 -0.178533
v -0.913909 0.326048 -0.292823
v -0.833318 0.350482 -0.178533
v -0.847471 0.414900 -0.212471
v -0.913909 0.326048 -0.292823
v -0.847471 0.414900 -0.212471
v -0.900399 0.376750 -0.299869
v -0.900399 0.376750 -0.299869
v -0.847471 0.414900 -0.212471
v -0.906172 0.649404 -0.150831
v -0.913909 0.326048 -0.292823
v -0.900399 0.376750 -0.299869
v -0.940790 0.351847 -0.373240
v -0.913909 0.326048 -0.292823
v -0.940790 0.351847 -0.373240
v -0.949791 0.327413 -0.379832
v -0.975188 0.523881 -0.344757
v -0.940790 0.351847 -0.373240
v -0.900399 0.376750 -0.299869
v -0.984782 0.260411 -0.260365
v -0.913909 0.326048 -0.292823
v -0.949791 0.327413 -0.379832
v -0.984782 0.260411 -0.260365
v -0.949791 0.327413 -0.379832
v -0.966924 0.251996 -0.368858
v -0.263246 -0.024154 0.276831
v -0.255542 0.118946 0.299587
v -0.391600 0.109063 0.373945
v -0.263246 -0.024154 0.276831
v -0.391600 0.109063 0.373945
v -0.431305 -0.013106 0.389815
v -0.028024 0.156901 0.320584
v -0.255542 0.118946 0.299587
v -0.263246 -0.024154 0.276831
v -0.028024 0.156901 0.320584
v -0.206611 0.234460 0.424679
v -0.268680 0.239886 0.310944
v -0.028024 0.156901 0.320584
v -0.268680 0.239886 0.310944
v -0.255542 0.118946 0.299587
v -0.206611 0.234460 0.424679
v -0.209800 0.444611 0.461110
v -0.275799 0.427315 0.333849
v -0.206611 0.234460 0.424679
v -0.275799 0.427315 0.333849
v -0.268680 0.239886 0.310944
v -0.255542 0.118946 0.299587
v -0.268680 0.239886 0.310944
v -0.356746 0.263149 0.278830
v -0.255542 0.118946 0.299587
v -0.356746 0.263149 0.278830
v -0.391600 0.109063 0.373945
v -0.356746 0.263149 0.278830
v -0.268680 0.239886 0.310944
v -0.275799 0.427315 0.333849
v -0.356746 0.263149 0.278830
v -0.275799 0.427315 0.333849
v -0.322292 0.397222 0.311069
v -0.275799 0.427315 0.333849
v -0.225607 0.553365 0.320368
v -0.277952 0.535964 0.298538
v -0.275799 0.427315 0.333849
v -0.277952 0.535964 0.298538
v -0.322292 0.397222 0.311069
v -0.225607 0.553365 0.320368
v -0.034971 0.769083 0.302310
v -0.277952 0.535964 0.298538
v -0.225607 0.553365 0.320368
v -0.275799 0.427315 0.333849
v -0.209800 0.444611 0.461110
v -0.261067 -0.022863 0.276874
v -0.292793 0.077735 0.282549
v -0.345960 0.066370 0.185845
v -0.261067 -0.022863 0.276874
v -0.345960 0.066370 0.185845
v -0.344323 -0.021529 0.157626
v -0.309671 0.103805 0.445663
v -0.292793 0.077735 0.282549
v -0.261067 -0.022863 0.276874
v -0.309671 0.103805 0.445663
v -0.393955 0.152970 0.318745
v -0.314190 0.163177 0.273190
v -0.309671 0.103805 0.445663
v -0.314190 0.163177 0.273190
v -0.292793 0.077735 0.282549
v -0.393955 0.152970 0.318745
v -0.442837 0.300521 0.316719
v -0.351005 0.295306 0.268210
v -0.393955 0.152970 0.318745
v -0.351005 0.295306 0.268210
v -0.314190 0.163177 0.273190
v -0.292793 0.077735 0.282549
v -0.314190 0.163177 0.273190
v -0.294726 0.181448 0.209788
v -0.292793 0.077735 0.282549
v -0.294726 0.181448 0.209788
v -0.345960 0.066370 0.185845
v -0.294726 0.181448 0.209788
v -0.314190 0.163177 0.273190
v -0.351005 0.295306 0.268210
v -0.294726 0.181448 0.209788
v -0.351005 0.295306 0.268210
v -0.331957 0.275117 0.234719
v -0.351005 0.295306 0.268210
v -0.374580 0.392007 0.255991
v -0.356637 0.377645 0.220938
v -0.351005 0.295306 0.268210
v -0.356637 0.377645 0.220938
v -0.331957 0.275117 0.234719
v -0.374580 0.392007 0.255991
v -0.434675 0.581598 0.267440
v -0.356637 0.377645 0.220938
v -0.374580 0.392007 0.255991
v -0.351005 0.295306 0.268210
v -0.442837 0.300521 0.316719
v 0.685396 0.086125 -0.875126
v 0.664271 0.262918 -0.809869
v 0.449193 0.268181 -0.831679
v 0.685396 0.086125 -0.875126
v 0.449193 0.268181 -0.831679
v 0.439268 -0.006821 -0.865801
v 0.439268 -0.006821 -0.865801
v 0.449193 0.268181 -0.831679
v 0.271000 0.262807 -0.894573
v 0.428653 0.358555 -0.907541
v 0.449193 0.268181 -0.831679
v 0.664271 0.262918 -0.809869
v 0.428653 0.358555 -0.907541
v 0.664271 0.262918 -0.809869
v 0.687544 0.407138 -0.934077
v 0.449193 0.268181 -0.831679
v 0.428653 0.358555 -0.907541
v 0.323699 0.346969 -0.943270
v 0.449193 0.268181 -0.831679
v 0.323699 0.346969 -0.943270
v 0.271000 0.262807 -0.894573
v 0.408105 0.448928 -0.983409
v 0.428653 0.358555 -0.907541
v 0.687544 0.407138 -0.934077
v 0.408105 0.448928 -0.983409
v 0.687544 0.407138 -0.934077
v 0.535127 0.482571 -1.044641
v 0.408105 0.448928 -0.983409
v 0.535127 0.482571 -1.044641
v 0.499027 0.571267 -1.036184
v 0.408105 0.448928 -0.983409
v 0.499027 0.571267 -1.036184
v 0.403334 0.518739 -0.998013
v 0.403334 0.518739 -0.998013
v 0.499027 0.571267 -1.036184
v 0.550616 0.894152 -0.967590
v 0.408105 0.448928 -0.983409
v 0.403334 0.518739 -0.998013
v 0.323668 0.484451 -0.969989
v 0.408105 0.448928 -0.983409
v 0.323668 0.484451 -0.969989
v 0.315621 0.450809 -0.962128
v 0.346301 0.721322 -0.931059
v 0.323668 0.484451 -0.969989
v 0.403334 0.518739 -0.998013
v 0.428653 0.358555 -0.907541
v 0.408105 0.448928 -0.983409
v 0.315621 0.450809 -0.962128
v 0.428653 0.358555 -0.907541
v 0.315621 0.450809 -0.962128
v 0.323699 0.346969 -0.943270
v -0.614276 -0.009413 -0.099800
v -0.620074 0.161482 -0.074634
v -0.780705 0.268565 0.127962
v -0.614276 -0.009413 -0.099800
v -0.780705 0.268565 0.127962
v -0.842428 0.088624 0.051708
v -0.567490 0.030260 -0.263233
v -0.549655 0.230306 -0.271096
v -0.620074 0.161482 -0.074634
v -0.567490 0.030260 -0.263233
v -0.620074 0.161482 -0.074634
v -0.614276 -0.009413 -0.099800
v -0.620074 0.161482 -0.074634
v -0.619045 0.650431 -0.044617
v -0.944114 0.657812 -0.002442
v -0.620074 0.161482 -0.074634
v -0.944114 0.657812 -0.002442
v -0.780705 0.268565 0.127962
v -0.549655 0.230306 -0.271096
v -0.552562 0.508024 -0.178457
v -0.619045 0.650431 -0.044617
v -0.549655 0.230306 -0.271096
v -0.619045 0.650431 -0.044617
v -0.620074 0.161482 -0.074634
v -0.287924 -0.027046 0.106564
v -0.286046 0.114596 0.105738
v -0.235798 0.150726 0.344056
v -0.287924 -0.027046 0.106564
v -0.235798 0.150726 0.344056
v -0.259199 0.033829 0.288688
v -0.303655 -0.002247 -0.064060
v -0.287237 0.131754 -0.081607
v -0.286046 0.114596 0.105738
v -0.303655 -0.002247 -0.064060
v -0.286046 0.114596 0.105738
v -0.287924 -0.027046 0.106564
v -0.286046 0.114596 0.105738
v -0.250947 0.351147 0.164634
v -0.361531 0.373195 0.448941
v -0.287237 0.131754 -0.081607
v -0.265825 0.255673 -0.002468
v -0.250947 0.351147 0.164634
v -0.287237 0.131754 -0.081607
v -0.250947 0.351147 0.164634
v -0.286046 0.114596 0.105738
v -0.270614 0.036845 0.130218
v 0.070882 0.089466 0.275031
v -0.075443 -0.001562 0.213611
v -0.270614 0.036845 0.130218
v -0.075443 -0.001562 0.213611
v -0.287385 -0.027353 0.128144
v -0.287385 -0.027353 0.128144
v -0.501567 -0.027124 0.148727
v -0.377963 0.044931 0.143512
v -0.287385 -0.027353 0.128144
v -0.377963 0.044931 0.143512
v -0.270614 0.036845 0.130218
v -0.272243 0.085669 0.133170
v -0.083675 0.144952 0.208209
v 0.070882 0.089466 0.275031
v -0.272243 0.085669 0.133170
v 0.070882 0.089466 0.275031
v -0.270614 0.036845 0.130218
v -0.272243 0.085669 0.133170
v -0.227726 0.219219 0.343612
v -0.083675 0.144952 0.208209
v -0.270614 0.036845 0.130218
v -0.377963 0.044931 0.143512
v -0.358403 0.150353 0.022606
v -0.270614 0.036845 0.130218
v -0.358403 0.150353 0.022606
v -0.272243 0.085669 0.133170
v -0.377963 0.044931 0.143512
v -0.635091 0.060022 0.044077
v -0.358403 0.150353 0.022606
v -0.501567 -0.027124 0.148727
v -0.735986 0.027167 0.014554
v -0.635091 0.060022 0.044077
v -0.501567 -0.027124 0.148727
v -0.635091 0.060022 0.044077
v -0.377963 0.044931 0.143512
v -0.235798 0.150726 0.344056
v -0.286046 0.114596 0.105738
v -0.361531 0.373195 0.448941
v -0.418330 -0.004952 0.285896
v -0.428535 0.084949 0.308810
v -0.619324 0.141280 0.472093
v -0.418330 -0.004952 0.285896
v -0.619324 0.141280 0.472093
v -0.663992 0.046621 0.387927
v -0.343352 0.015918 0.138788
v -0.324888 0.121153 0.134607
v -0.428535 0.084949 0.308810
v -0.343352 0.015918 0.138788
v -0.428535 0.084949 0.308810
v -0.418330 -0.004952 0.285896
v -0.428535 0.084949 0.308810
v -0.433133 0.342162 0.337617
v -0.750866 0.346045 0.317404
v -0.428535 0.084949 0.308810
v -0.750866 0.346045 0.317404
v -0.619324 0.141280 0.472093
v -0.324888 0.121153 0.134607
v -0.344877 0.267248 0.222381
v -0.433133 0.342162 0.337617
v -0.324888 0.121153 0.134607
v -0.433133 0.342162 0.337617
v -0.428535 0.084949 0.308810
v -0.258865 0.116320 -0.991681
v -0.225490 -0.028868 -0.968860
v -0.172514 0.083376 -0.857657
v -0.258865 0.116320 -0.991681
v -0.172514 0.083376 -0.857657
v -0.174754 0.211302 -0.833337
v -0.225490 -0.028868 -0.968860
v -0.258865 0.116320 -0.991681
v -0.363513 0.176338 -1.149704
v -0.225490 -0.028868 -0.968860
v -0.363513 0.176338 -1.149704
v -0.426221 0.104800 -1.267923
v -0.246970 0.255984 -0.941673
v -0.258865 0.116320 -0.991681
v -0.174754 0.211302 -0.833337
v -0.246970 0.255984 -0.941673
v -0.174754 0.211302 -0.833337
v -0.227980 0.257946 -0.910198
v -0.271906 0.432358 -0.943883
v -0.246970 0.255984 -0.941673
v -0.227980 0.257946 -0.910198
v -0.271906 0.432358 -0.943883
v -0.227980 0.257946 -0.910198
v -0.252924 0.434320 -0.912402
v -0.329913 0.330193 -1.061093
v -0.363513 0.176338 -1.149704
v -0.258865 0.116320 -0.991681
v -0.329913 0.330193 -1.061093
v -0.258865 0.116320 -0.991681
v -0.246970 0.255984 -0.941673
v -0.246970 0.255984 -0.941673
v -0.271906 0.432358 -0.943883
v -0.286659 0.427347 -0.969094
v -0.246970 0.255984 -0.941673
v -0.286659 0.427347 -0.969094
v -0.329913 0.330193 -1.061093
v -0.271906 0.432358 -0.943883
v -0.287469 0.515473 -0.951145
v -0.286659 0.427347 -0.969094
v -0.271906 0.432358 -0.943883
v -0.252924 0.434320 -0.912402
v -0.287469 0.515473 -0.951145
v -0.084673 -0.000934 -0.815369
v -0.224053 -0.016733 -0.971167
v -0.235873 0.040258 -0.939727
v -0.084673 -0.000934 -0.815369
v -0.235873 0.040258 -0.939727
v -0.103259 0.042285 -0.777742
v -0.224053 -0.016733 -0.971167
v -0.482298 -0.083050 -0.979652
v -0.507953 0.005141 -0.930235
v -0.224053 -0.016733 -0.971167
v -0.507953 0.005141 -0.930235
v -0.478916 0.134501 -0.956111
v -0.224053 -0.016733 -0.971167
v -0.478916 0.134501 -0.956111
v -0.235873 0.040258 -0.939727
v -0.235873 0.040258 -0.939727
v -0.478916 0.134501 -0.956111
v -0.248738 0.102317 -0.905482
v -0.478916 0.134501 -0.956111
v -0.340380 0.245623 -0.705024
v -0.248738 0.102317 -0.905482
v -0.248738 0.102317 -0.905482
v -0.113996 0.145116 -0.801183
v -0.103259 0.042285 -0.777742
v -0.248738 0.102317 -0.905482
v -0.103259 0.042285 -0.777742
v -0.235873 0.040258 -0.939727
v -0.351376 0.214235 -0.614478
v -0.113996 0.145116 -0.801183
v -0.248738 0.102317 -0.905482
v -0.058998 -0.009538 -0.392797
v -0.048987 0.163630 -0.417153
v 0.146245 0.272137 -0.594313
v -0.058998 -0.009538 -0.392797
v 0.146245 0.272137 -0.594313
v 0.195684 0.089803 -0.507352
v -0.133195 0.030663 -0.236140
v -0.152443 0.233369 -0.231190
v -0.048987 0.163630 -0.417153
v -0.133195 0.030663 -0.236140
v -0.048987 0.163630 -0.417153
v -0.058998 -0.009538 -0.392797
v -0.048987 0.163630 -0.417153
v -0.045040 0.659081 -0.447522
v 0.288997 0.666561 -0.435995
v -0.048987 0.163630 -0.417153
v 0.288997 0.666561 -0.435995
v 0.146245 0.272137 -0.594313
v -0.152443 0.233369 -0.231190
v -0.134142 0.514780 -0.323907
v -0.045040 0.659081 -0.447522
v -0.152443 0.233369 -0.231190
v -0.045040 0.659081 -0.447522
v -0.048987 0.163630 -0.417153
v -1.023554 0.083773 -0.443338
v -1.026366 0.255740 -0.514065
v -0.810309 0.260859 -0.569638
v -1.023554 0.083773 -0.443338
v -0.810309 0.260859 -0.569638
v -0.788530 -0.006634 -0.540133
v -0.788530 -0.006634 -0.540133
v -0.810309 0.260859 -0.569638
v -0.615322 0.255632 -0.572272
v -0.763367 0.348766 -0.503498
v -0.810309 0.260859 -0.569638
v -1.026366 0.255740 -0.514065
v -0.763367 0.348766 -0.503498
v -1.026366 0.255740 -0.514065
v -1.004613 0.396023 -0.385484
v -0.810309 0.260859 -0.569638
v -0.763367 0.348766 -0.503498
v -0.648990 0.337496 -0.506324
v -0.810309 0.260859 -0.569638
v -0.648990 0.337496 -0.506324
v -0.615322 0.255632 -0.572272
v -0.716415 0.436672 -0.437355
v -0.763367 0.348766 -0.503498
v -1.004613 0.396023 -0.385484
v -0.716415 0.436672 -0.437355
v -1.004613 0.396023 -0.385484
v -0.817588 0.469396 -0.332764
v -0.716415 0.436672 -0.437355
v -0.817588 0.469396 -0.332764
v -0.785645 0.555671 -0.353827
v -0.716415 0.436672 -0.437355
v -0.785645 0.555671 -0.353827
v -0.706588 0.504577 -0.424914
v -0.706588 0.504577 -0.424914
v -0.785645 0.555671 -0.353827
v -0.860062 0.869740 -0.401856
v -0.716415 0.436672 -0.437355
v -0.706588 0.504577 -0.424914
v -0.639432 0.471225 -0.480460
v -0.716415 0.436672 -0.437355
v -0.639432 0.471225 -0.480460
v -0.634443 0.438501 -0.490942
v -0.675232 0.701629 -0.510089
v -0.639432 0.471225 -0.480460
v -0.706588 0.504577 -0.424914
v -0.763367 0.348766 -0.503498
v -0.716415 0.436672 -0.437355
v -0.634443 0.438501 -0.490942
v -0.763367 0.348766 -0.503498
v -0.634443 0.438501 -0.490942
v -0.648990 0.337496 -0.506324
v 0.185828 0.121754 0.391804
v 0.154624 -0.030217 0.421759
v 0.026576 0.087270 0.452893
v 0.185828 0.121754 0.391804
v 0.026576 0.087270 0.452893
v 0.001598 0.221173 0.445223
v 0.154624 -0.030217 0.421759
v 0.185828 0.121754 0.391804
v 0.374219 0.184575 0.316810
v 0.154624 -0.030217 0.421759
v 0.374219 0.184575 0.316810
v 0.511744 0.109696 0.277021
v 0.130856 0.267942 0.393314
v 0.185828 0.121754 0.391804
v 0.001598 0.221173 0.445223
v 0.130856 0.267942 0.393314
v 0.001598 0.221173 0.445223
v 0.093738 0.269996 0.406310
v 0.138629 0.452556 0.367685
v 0.130856 0.267942 0.393314
v 0.093738 0.269996 0.406310
v 0.138629 0.452556 0.367685
v 0.093738 0.269996 0.406310
v 0.101507 0.454609 0.380671
v 0.274069 0.345618 0.332598
v 0.374219 0.184575 0.316810
v 0.185828 0.121754 0.391804
v 0.274069 0.345618 0.332598
v 0.185828 0.121754 0.391804
v 0.130856 0.267942 0.393314
v 0.130856 0.267942 0.393314
v 0.138629 0.452556 0.367685
v 0.168260 0.447311 0.357755
v 0.130856 0.267942 0.393314
v 0.168260 0.447311 0.357755
v 0.274069 0.345618 0.332598
v 0.138629 0.452556 0.367685
v 0.149641 0.539553 0.352977
v 0.168260 0.447311 0.357755
v 0.138629 0.452556 0.367685
v 0.101507 0.454609 0.380671
v 0.149641 0.539553 0.352977
v -0.036938 -0.000978 0.535623
v 0.156725 -0.017515 0.423769
v 0.126389 0.042138 0.404508
v -0.036938 -0.000978 0.535623
v 0.126389 0.042138 0.404508
v -0.072272 0.044260 0.507922
v 0.156725 -0.017515 0.423769
v 0.222143 -0.086929 0.155193
v 0.176010 0.005381 0.117509
v 0.156725 -0.017515 0.423769
v 0.176010 0.005381 0.117509
v 0.196750 0.140785 0.153581
v 0.156725 -0.017515 0.423769
v 0.196750 0.140785 0.153581
v 0.126389 0.042138 0.404508
v 0.126389 0.042138 0.404508
v 0.196750 0.140785 0.153581
v 0.093344 0.107097 0.383540
v 0.196750 0.140785 0.153581
v -0.096514 0.257097 0.243691
v 0.093344 0.107097 0.383540
v 0.093344 0.107097 0.383540
v -0.045374 0.151895 0.501810
v -0.072272 0.044260 0.507922
v 0.093344 0.107097 0.383540
v -0.072272 0.044260 0.507922
v 0.126389 0.042138 0.404508
v -0.188927 0.224243 0.212355
v -0.045374 0.151895 0.501810
v 0.093344 0.107097 0.383540
v 0.358513 0.076043 -0.702914
v 0.391148 0.232142 -0.646320
v 0.238414 0.236789 -0.508229
v 0.358513 0.076043 -0.702914
v 0.238414 0.236789 -0.508229
v 0.207960 -0.006022 -0.523000
v 0.207960 -0.006022 -0.523000
v 0.238414 0.236789 -0.508229
v 0.080192 0.232044 -0.422439
v 0.171681 0.316584 -0.542146
v 0.238414 0.236789 -0.508229
v 0.391148 0.232142 -0.646320
v 0.171681 0.316584 -0.542146
v 0.391148 0.232142 -0.646320
v 0.318218 0.359480 -0.742071
v 0.238414 0.236789 -0.508229
v 0.171681 0.316584 -0.542146
v 0.079420 0.306354 -0.490777
v 0.238414 0.236789 -0.508229
v 0.079420 0.306354 -0.490777
v 0.080192 0.232044 -0.422439
v 0.104939 0.396379 -0.576062
v 0.171681 0.316584 -0.542146
v 0.318218 0.359480 -0.742071
v 0.104939 0.396379 -0.576062
v 0.318218 0.359480 -0.742071
v 0.142760 0.426083 -0.704934
v 0.104939 0.396379 -0.576062
v 0.142760 0.426083 -0.704934
v 0.125689 0.504397 -0.674020
v 0.104939 0.396379 -0.576062
v 0.125689 0.504397 -0.674020
v 0.091572 0.458018 -0.582014
v 0.091572 0.458018 -0.582014
v 0.125689 0.504397 -0.674020
v 0.207108 0.789486 -0.666688
v 0.104939 0.396379 -0.576062
v 0.091572 0.458018 -0.582014
v 0.060515 0.427744 -0.507815
v 0.104939 0.396379 -0.576062
v 0.060515 0.427744 -0.507815
v 0.060933 0.398039 -0.497108
v 0.102481 0.636887 -0.498956
v 0.060515 0.427744 -0.507815
v 0.091572 0.458018 -0.582014
v 0.171681 0.316584 -0.542146
v 0.104939 0.396379 -0.576062
v 0.060933 0.398039 -0.497108
v 0.171681 0.316584 -0.542146
v 0.060933 0.398039 -0.497108
v 0.079420 0.306354 -0.490777
v 0.184400 0.176778 0.526298
v 0.161802 -0.007811 0.492742
v 0.054257 0.134635 0.411701
v 0.184400 0.176778 0.526298
v 0.054257 0.134635 0.411701
v 0.036168 0.297239 0.399414
v 0.161802 -0.007811 0.492742
v 0.184400 0.176778 0.526298
v 0.175722 0.252172 0.741595
v 0.151718 0.354353 0.483822
v 0.184400 0.176778 0.526298
v 0.036168 0.297239 0.399414
v 0.151718 0.354353 0.483822
v 0.036168 0.297239 0.399414
v 0.127973 0.356837 0.451244
v 0.159882 0.578591 0.498077
v 0.151718 0.354353 0.483822
v 0.127973 0.356837 0.451244
v 0.159882 0.578591 0.498077
v 0.127973 0.356837 0.451244
v 0.136136 0.581085 0.465498
v 0.168027 0.448164 0.640608
v 0.175722 0.252172 0.741595
v 0.184400 0.176778 0.526298
v 0.168027 0.448164 0.640608
v 0.184400 0.176778 0.526298
v 0.151718 0.354353 0.483822
v 0.151718 0.354353 0.483822
v 0.159882 0.578591 0.498077
v 0.178779 0.572220 0.523938
v 0.151718 0.354353 0.483822
v 0.178779 0.572220 0.523938
v 0.168027 0.448164 0.640608
v 0.159882 0.578591 0.498077
v 0.250181 0.927884 0.570784
v 0.178779 0.572220 0.523938
v 0.159882 0.578591 0.498077
v 0.136136 0.581085 0.465498
v 0.250181 0.927884 0.570784
v 0.374900 0.161981 0.824901
v 0.161802 -0.007811 0.492742
v 0.175722 0.252172 0.741595
v -0.246757 0.120035 -0.477777
v -0.289350 -0.029790 -0.475832
v -0.404516 0.086038 -0.535912
v -0.246757 0.120035 -0.477777
v -0.404516 0.086038 -0.535912
v -0.418055 0.218051 -0.557821
v -0.289350 -0.029790 -0.475832
v -0.246757 0.120035 -0.477777
v -0.058362 0.181970 -0.411029
v -0.289350 -0.029790 -0.475832
v -0.058362 0.181970 -0.411029
v 0.069454 0.108148 -0.351212
v -0.288499 0.264160 -0.512360
v -0.246757 0.120035 -0.477777
v -0.418055 0.218051 -0.557821
v -0.288499 0.264160 -0.512360
v -0.418055 0.218051 -0.557821
v -0.324462 0.266185 -0.526831
v -0.266090 0.446167 -0.526316
v -0.288499 0.264160 -0.512360
v -0.324462 0.266185 -0.526831
v -0.266090 0.446167 -0.526316
v -0.324462 0.266185 -0.526831
v -0.302049 0.448192 -0.540796
v -0.142875 0.340739 -0.464367
v -0.058362 0.181970 -0.411029
v -0.246757 0.120035 -0.477777
v -0.142875 0.340739 -0.464367
v -0.246757 0.120035 -0.477777
v -0.288499 0.264160 -0.512360
v -0.288499 0.264160 -0.512360
v -0.266090 0.446167 -0.526316
v -0.237670 0.440997 -0.514435
v -0.288499 0.264160 -0.512360
v -0.237670 0.440997 -0.514435
v -0.142875 0.340739 -0.464367
v -0.266090 0.446167 -0.526316
v -0.248372 0.531937 -0.530070
v -0.237670 0.440997 -0.514435
v -0.266090 0.446167 -0.526316
v -0.302049 0.448192 -0.540796
v -0.248372 0.531937 -0.530070
v -0.505341 -0.000964 -0.515819
v -0.289097 -0.017267 -0.472977
v -0.299081 0.041544 -0.506961
v -0.505341 -0.000964 -0.515819
v -0.299081 0.041544 -0.506961
v -0.513551 0.043636 -0.559307
v -0.289097 -0.017267 -0.472977
v -0.066157 -0.085702 -0.629635
v -0.075889 0.005305 -0.687540
v -0.289097 -0.017267 -0.472977
v -0.075889 0.005305 -0.687540
v -0.083939 0.138797 -0.647322
v -0.289097 -0.017267 -0.472977
v -0.083939 0.138797 -0.647322
v -0.299081 0.041544 -0.506961
v -0.299081 0.041544 -0.506961
v -0.083939 0.138797 -0.647322
v -0.309965 0.105585 -0.543971
v -0.083939 0.138797 -0.647322
v -0.359914 0.253468 -0.770975
v -0.309965 0.105585 -0.543971
v -0.309965 0.105585 -0.543971
v -0.489637 0.149751 -0.546369
v -0.513551 0.043636 -0.559307
v -0.309965 0.105585 -0.543971
v -0.513551 0.043636 -0.559307
v -0.299081 0.041544 -0.506961
v -0.408085 0.221077 -0.854231
v -0.489637 0.149751 -0.546369
v -0.309965 0.105585 -0.543971
v -0.027424 0.089970 -0.294069
v -0.057127 -0.022329 -0.323234
v -0.090718 0.064488 -0.445531
v -0.027424 0.089970 -0.294069
v -0.090718 0.064488 -0.445531
v -0.084050 0.163435 -0.469777
v -0.057127 -0.022329 -0.323234
v -0.027424 0.089970 -0.294069
v 0.050076 0.136391 -0.114971
v -0.057127 -0.022329 -0.323234
v 0.050076 0.136391 -0.114971
v 0.092263 0.081059 0.016195
v -0.030440 0.197995 -0.346908
v -0.027424 0.089970 -0.294069
v -0.084050 0.163435 -0.469777
v -0.030440 0.197995 -0.346908
v -0.084050 0.163435 -0.469777
v -0.043996 0.199512 -0.382246
v -0.005563 0.334414 -0.340160
v -0.030440 0.197995 -0.346908
v -0.043996 0.199512 -0.382246
v -0.005563 0.334414 -0.340160
v -0.043996 0.199512 -0.382246
v -0.019111 0.335931 -0.375501
v 0.032041 0.255393 -0.210865
v 0.050076 0.136391 -0.114971
v -0.027424 0.089970 -0.294069
v 0.032041 0.255393 -0.210865
v -0.027424 0.089970 -0.294069
v -0.030440 0.197995 -0.346908
v -0.030440 0.197995 -0.346908
v -0.005563 0.334414 -0.340160
v 0.004832 0.330538 -0.311937
v -0.030440 0.197995 -0.346908
v 0.004832 0.330538 -0.311937
v 0.032041 0.255393 -0.210865
v -0.005563 0.334414 -0.340160
v 0.008899 0.398700 -0.329985
v 0.004832 0.330538 -0.311937
v -0.005563 0.334414 -0.340160
v -0.019111 0.335931 -0.375501
v 0.008899 0.398700 -0.329985
v -0.172109 -0.000722 -0.504277
v -0.059001 -0.012942 -0.321156
v -0.041335 0.031138 -0.350887
v -0.172109 -0.000722 -0.504277
v -0.041335 0.031138 -0.350887
v -0.146467 0.032706 -0.539057
v -0.059001 -0.012942 -0.321156
v 0.201226 -0.064236 -0.265862
v 0.236167 0.003976 -0.311313
v -0.059001 -0.012942 -0.321156
v 0.236167 0.003976 -0.311313
v 0.202055 0.104032 -0.290335
v -0.059001 -0.012942 -0.321156
v 0.202055 0.104032 -0.290335
v -0.041335 0.031138 -0.350887
v -0.041335 0.031138 -0.350887
v 0.202055 0.104032 -0.290335
v -0.022103 0.079139 -0.383272
v 0.202055 0.104032 -0.290335
v 0.107031 0.189981 -0.569890
v -0.022103 0.079139 -0.383272
v -0.022103 0.079139 -0.383272
v -0.139822 0.112242 -0.513355
v -0.146467 0.032706 -0.539057
v -0.022103 0.079139 -0.383272
v -0.146467 0.032706 -0.539057
v -0.041335 0.031138 -0.350887
v 0.134549 0.165703 -0.659682
v -0.139822 0.112242 -0.513355
v -0.022103 0.079139 -0.383272
v 0.833742 0.071728 0.914631
v 0.773921 0.218970 0.952571
v 0.617349 0.223353 0.793412
v 0.833742 0.071728 0.914631
v 0.617349 0.223353 0.793412
v 0.631960 -0.005681 0.759745
v 0.631960 -0.005681 0.759745
v 0.617349 0.223353 0.793412
v 0.517186 0.218878 0.625920
v 0.651046 0.298620 0.719569
v 0.617349 0.223353 0.793412
v 0.773921 0.218970 0.952571
v 0.651046 0.298620 0.719569
v 0.773921 0.218970 0.952571
v 0.874322 0.339083 0.869191
v 0.617349 0.223353 0.793412
v 0.651046 0.298620 0.719569
v 0.591183 0.288971 0.621964
v 0.617349 0.223353 0.793412
v 0.591183 0.288971 0.621964
v 0.517186 0.218878 0.625920
v 0.684741 0.373888 0.645717
v 0.651046 0.298620 0.719569
v 0.874322 0.339083 0.869191
v 0.684741 0.373888 0.645717
v 0.874322 0.339083 0.869191
v 0.826081 0.401907 0.680805
v 0.684741 0.373888 0.645717
v 0.826081 0.401907 0.680805
v 0.791810 0.475777 0.663723
v 0.684741 0.373888 0.645717
v 0.791810 0.475777 0.663723
v 0.690579 0.432029 0.630963
v 0.690579 0.432029 0.630963
v 0.791810 0.475777 0.663723
v 0.787584 0.744690 0.752262
v 0.684741 0.373888 0.645717
v 0.690579 0.432029 0.630963
v 0.608778 0.403473 0.600705
v 0.684741 0.373888 0.645717
v 0.608778 0.403473 0.600705
v 0.597197 0.375454 0.601647
v 0.601097 0.600749 0.646573
v 0.608778 0.403473 0.600705
v 0.690579 0.432029 0.630963
v 0.651046 0.298620 0.719569
v 0.684741 0.373888 0.645717
v 0.597197 0.375454 0.601647
v 0.651046 0.298620 0.719569
v 0.597197 0.375454 0.601647
v 0.591183 0.288971 0.621964
v -0.875927 0.108804 0.177616
v -0.834888 -0.027003 0.167228
v -0.710886 0.077988 0.202694
v -0.875927 0.108804 0.177616
v -0.710886 0.077988 0.202694
v -0.693347 0.197648 0.221303
v -0.834888 -0.027003 0.167228
v -0.875927 0.108804 0.177616
v -1.072486 0.164943 0.150271
v -0.834888 -0.027003 0.167228
v -1.072486 0.164943 0.150271
v -1.208738 0.098028 0.117585
v -0.828429 0.239442 0.202928
v -0.875927 0.108804 0.177616
v -0.693347 0.197648 0.221303
v -0.828429 0.239442 0.202928
v -0.693347 0.197648 0.221303
v -0.790563 0.241278 0.209830
v -0.847441 0.404419 0.220972
v -0.828429 0.239442 0.202928
v -0.790563 0.241278 0.209830
v -0.847441 0.404419 0.220972
v -0.790563 0.241278 0.209830
v -0.809577 0.406254 0.227884
v -0.979644 0.308856 0.185294
v -1.072486 0.164943 0.150271
v -0.875927 0.108804 0.177616
v -0.979644 0.308856 0.185294
v -0.875927 0.108804 0.177616
v -0.828429 0.239442 0.202928
v -0.828429 0.239442 0.202928
v -0.847441 0.404419 0.220972
v -0.877455 0.399732 0.215084
v -0.828429 0.239442 0.202928
v -0.877455 0.399732 0.215084
v -0.979644 0.308856 0.185294
v -0.847441 0.404419 0.220972
v -0.863926 0.482163 0.228157
v -0.877455 0.399732 0.215084
v -0.847441 0.404419 0.220972
v -0.809577 0.406254 0.227884
v -0.863926 0.482163 0.228157
v -0.616825 -0.000874 0.163039
v -0.835703 -0.015652 0.164502
v -0.819213 0.037656 0.195565
v -0.616825 -0.000874 0.163039
v -0.819213 0.037656 0.195565
v -0.600166 0.039553 0.203701
v -0.835703 -0.015652 0.164502
v -1.021300 -0.077683 0.361346
v -1.000283 0.004809 0.415726
v -0.835703 -0.015652 0.164502
v -1.000283 0.004809 0.415726
v -1.000476 0.125810 0.375002
v -0.835703 -0.015652 0.164502
v -1.000476 0.125810 0.375002
v -0.819213 0.037656 0.195565
v -0.819213 0.037656 0.195565
v -1.000476 0.125810 0.375002
v -0.801244 0.095705 0.229393
v -1.000476 0.125810 0.375002
v -0.707382 0.229751 0.440227
v -0.801244 0.095705 0.229393
v -0.801244 0.095705 0.229393
v -0.626007 0.135739 0.195887
v -0.600166 0.039553 0.203701
v -0.801244 0.095705 0.229393
v -0.600166 0.039553 0.203701
v -0.819213 0.037656 0.195565
v -0.643921 0.200391 0.511598
v -0.626007 0.135739 0.195887
v -0.801244 0.095705 0.229393
v -0.080956 0.058737 -0.669974
v -0.079929 0.179310 -0.737227
v 0.127971 0.182899 -0.778666
v -0.080956 0.058737 -0.669974
v 0.127971 0.182899 -0.778666
v 0.147093 -0.004652 -0.749534
v 0.147093 -0.004652 -0.749534
v 0.127971 0.182899 -0.778666
v 0.313114 0.179234 -0.770978
v 0.169054 0.244534 -0.713459
v 0.127971 0.182899 -0.778666
v -0.079929 0.179310 -0.737227
v 0.169054 0.244534 -0.713459
v -0.079929 0.179310 -0.737227
v -0.066008 0.277668 -0.614092
v 0.127971 0.182899 -0.778666
v 0.169054 0.244534 -0.713459
v 0.277723 0.236632 -0.710165
v 0.127971 0.182899 -0.778666
v 0.277723 0.236632 -0.710165
v 0.313114 0.179234 -0.770978
v 0.210146 0.306169 -0.648250
v 0.169054 0.244534 -0.713459
v -0.066008 0.277668 -0.614092
v 0.210146 0.306169 -0.648250
v -0.066008 0.277668 -0.614092
v 0.108688 0.329113 -0.554299
v 0.210146 0.306169 -0.648250
v 0.108688 0.329113 -0.554299
v 0.140097 0.389603 -0.572615
v 0.210146 0.306169 -0.648250
v 0.140097 0.389603 -0.572615
v 0.218821 0.353779 -0.635932
v 0.218821 0.353779 -0.635932
v 0.140097 0.389603 -0.572615
v 0.071998 0.609810 -0.622074
v 0.210146 0.306169 -0.648250
v 0.218821 0.353779 -0.635932
v 0.285440 0.330395 -0.685125
v 0.210146 0.306169 -0.648250
v 0.285440 0.330395 -0.685125
v 0.290722 0.307451 -0.694811
v 0.253021 0.491940 -0.715108
v 0.285440 0.330395 -0.685125
v 0.218821 0.353779 -0.635932
v 0.169054 0.244534 -0.713459
v 0.210146 0.306169 -0.648250
v 0.290722 0.307451 -0.694811
v 0.169054 0.244534 -0.713459
v 0.290722 0.307451 -0.694811
v 0.277723 0.236632 -0.710165
v 0.693226 0.133541 0.824656
v 0.652342 -0.033142 0.806485
v 0.572469 0.095719 0.696032
v 0.693226 0.133541 0.824656
v 0.572469 0.095719 0.696032
v 0.570049 0.242585 0.669114
v 0.652342 -0.033142 0.806485
v 0.693226 0.133541 0.824656
v 0.838692 0.202444 0.975748
v 0.652342 -0.033142 0.806485
v 0.838692 0.202444 0.975748
v 0.930559 0.120316 1.091893
v 0.670290 0.293882 0.772604
v 0.693226 0.133541 0.824656
v 0.570049 0.242585 0.669114
v 0.670290 0.293882 0.772604
v 0.570049 0.242585 0.669114
v 0.643334 0.296134 0.742138
v 0.697872 0.496367 0.770027
v 0.670290 0.293882 0.772604
v 0.643334 0.296134 0.742138
v 0.697872 0.496367 0.770027
v 0.643334 0.296134 0.742138
v 0.670924 0.498619 0.739555
v 0.784421 0.379077 0.886013
v 0.838692 0.202444 0.975748
v 0.693226 0.133541 0.824656
v 0.784421 0.379077 0.886013
v 0.693226 0.133541 0.824656
v 0.670290 0.293882 0.772604
v 0.670290 0.293882 0.772604
v 0.697872 0.496367 0.770027
v 0.718965 0.490614 0.794521
v 0.670290 0.293882 0.772604
v 0.718965 0.490614 0.794521
v 0.784421 0.379077 0.886013
v 0.697872 0.496367 0.770027
v 0.716262 0.591786 0.774823
v 0.718965 0.490614 0.794521
v 0.697872 0.496367 0.770027
v 0.670924 0.498619 0.739555
v 0.716262 0.591786 0.774823
v 0.468414 -0.001072 0.667551
v 0.651238 -0.019210 0.809283
v 0.657824 0.046218 0.772702
v 0.468414 -0.001072 0.667551
v 0.657824 0.046218 0.772702
v 0.481127 0.048545 0.622884
v 0.651238 -0.019210 0.809283
v 0.934011 -0.095345 0.766933
v 0.952064 0.005902 0.708022
v 0.651238 -0.019210 0.809283
v 0.952064 0.005902 0.708022
v 0.925627 0.154414 0.741986
v 0.651238 -0.019210 0.809283
v 0.925627 0.154414 0.741986
v 0.657824 0.046218 0.772702
v 0.657824 0.046218 0.772702
v 0.925627 0.154414 0.741986
v 0.664986 0.117465 0.732859
v 0.925627 0.154414 0.741986
v 0.724688 0.281986 0.496372
v 0.664986 0.117465 0.732859
v 0.664986 0.117465 0.732859
v 0.497495 0.166600 0.646254
v 0.481127 0.048545 0.622884
v 0.664986 0.117465 0.732859
v 0.481127 0.048545 0.622884
v 0.657824 0.046218 0.772702
v 0.718569 0.245951 0.395623
v 0.497495 0.166600 0.646254
v 0.664986 0.117465 0.732859
v 0.497236 -0.027605 -0.743860
v 0.508640 0.135940 -0.764098
v 0.650009 0.124645 -0.714178
v 0.497236 -0.027605 -0.743860
v 0.650009 0.124645 -0.714178
v 0.687069 -0.014978 -0.695846
v 0.376852 0.179318 -0.941417
v 0.508640 0.135940 -0.764098
v 0.497236 -0.027605 -0.743860
v 0.376852 0.179318 -0.941417
v 0.567085 0.267958 -0.880086
v 0.525297 0.274159 -0.761975
v 0.376852 0.179318 -0.941417
v 0.525297 0.274159 -0.761975
v 0.508640 0.135940 -0.764098
v 0.567085 0.267958 -0.880086
v 0.595366 0.508134 -0.901313
v 0.546380 0.488366 -0.771640
v 0.567085 0.267958 -0.880086
v 0.546380 0.488366 -0.771640
v 0.525297 0.274159 -0.761975
v 0.508640 0.135940 -0.764098
v 0.525297 0.274159 -0.761975
v 0.559044 0.300745 -0.677852
v 0.508640 0.135940 -0.764098
v 0.559044 0.300745 -0.677852
v 0.650009 0.124645 -0.714178
v 0.559044 0.300745 -0.677852
v 0.525297 0.274159 -0.761975
v 0.546380 0.488366 -0.771640
v 0.559044 0.300745 -0.677852
v 0.546380 0.488366 -0.771640
v 0.560003 0.453974 -0.723467
v 0.546380 0.488366 -0.771640
v 0.504270 0.632425 -0.799062
v 0.522355 0.612538 -0.747292
v 0.546380 0.488366 -0.771640
v 0.522355 0.612538 -0.747292
v 0.560003 0.453974 -0.723467
v 0.504270 0.632425 -0.799062
v 0.368185 0.878963 -0.924618
v 0.522355 0.612538 -0.747292
v 0.504270 0.632425 -0.799062
v 0.546380 0.488366 -0.771640
v 0.595366 0.508134 -0.901313
v 0.495860 -0.026129 -0.745457
v 0.520429 0.088841 -0.726286
v 0.485152 0.075852 -0.625578
v 0.495860 -0.026129 -0.745457
v 0.485152 0.075852 -0.625578
v 0.463784 -0.024605 -0.608537
v 0.648731 0.118636 -0.819455
v 0.520429 0.088841 -0.726286
v 0.495860 -0.026129 -0.745457
v 0.648731 0.118636 -0.819455
v 0.611798 0.174825 -0.676843
v 0.527507 0.186490 -0.704842
v 0.648731 0.118636 -0.819455
v 0.527507 0.186490 -0.704842
v 0.520429 0.088841 -0.726286
v 0.611798 0.174825 -0.676843
v 0.641902 0.343457 -0.640350
v 0.547693 0.337496 -0.675128
v 0.611798 0.174825 -0.676843
v 0.547693 0.337496 -0.675128
v 0.527507 0.186490 -0.704842
v 0.520429 0.088841 -0.726286
v 0.527507 0.186490 -0.704842
v 0.469306 0.207372 -0.677915
v 0.520429 0.088841 -0.726286
v 0.469306 0.207372 -0.677915
v 0.485152 0.075852 -0.625578
v 0.469306 0.207372 -0.677915
v 0.527507 0.186490 -0.704842
v 0.547693 0.337496 -0.675128
v 0.469306 0.207372 -0.677915
v 0.547693 0.337496 -0.675128
v 0.511289 0.314424 -0.667214
v 0.547693 0.337496 -0.675128
v 0.554120 0.448014 -0.650270
v 0.517305 0.431600 -0.640553
v 0.547693 0.337496 -0.675128
v 0.517305 0.431600 -0.640553
v 0.511289 0.314424 -0.667214
v 0.554120 0.448014 -0.650270
v 0.601163 0.664692 -0.614408
v 0.517305 0.431600 -0.640553
v 0.554120 0.448014 -0.650270
v 0.547693 0.337496 -0.675128
v 0.641902 0.343457 -0.640350
v 0.776123 -0.031673 0.356496
v 0.777041 0.134198 0.358453
v 0.527243 0.176508 0.417437
v 0.776123 -0.031673 0.356496
v 0.527243 0.176508 0.417437
v 0.584980 0.039616 0.391378
v 0.955480 -0.002631 0.335593
v 0.974382 0.154291 0.352445
v 0.777041 0.134198 0.358453
v 0.955480 -0.002631 0.335593
v 0.777041 0.134198 0.358453
v 0.776123 -0.031673 0.356496
v 0.777041 0.134198 0.358453
v 0.715883 0.411212 0.396925
v 0.413554 0.437032 0.287636
v 0.974382 0.154291 0.352445
v 0.891551 0.299408 0.377011
v 0.715883 0.411212 0.396925
v 0.974382 0.154291 0.352445
v 0.715883 0.411212 0.396925
v 0.777041 0.134198 0.358453
v 0.751642 0.043147 0.375332
v 0.607743 0.104769 0.738780
v 0.668738 -0.001829 0.583065
v 0.751642 0.043147 0.375332
v 0.668738 -0.001829 0.583065
v 0.753401 -0.032032 0.357611
v 0.753401 -0.032032 0.357611
v 0.726282 -0.031764 0.132487
v 0.734913 0.052617 0.262575
v 0.753401 -0.032032 0.357611
v 0.734913 0.052617 0.262575
v 0.751642 0.043147 0.375332
v 0.748490 0.100323 0.373691
v 0.674221 0.169747 0.574255
v 0.607743 0.104769 0.738780
v 0.748490 0.100323 0.373691
v 0.607743 0.104769 0.738780
v 0.751642 0.043147 0.375332
v 0.748490 0.100323 0.373691
v 0.527915 0.256717 0.425929
v 0.674221 0.169747 0.574255
v 0.751642 0.043147 0.375332
v 0.734913 0.052617 0.262575
v 0.862787 0.176072 0.280114
v 0.751642 0.043147 0.375332
v 0.862787 0.176072 0.280114
v 0.748490 0.100323 0.373691
v 0.734913 0.052617 0.262575
v 0.833146 0.070290 -0.010837
v 0.862787 0.176072 0.280114
v 0.726282 -0.031764 0.132487
v 0.861689 0.031814 -0.117882
v 0.833146 0.070290 -0.010837
v 0.726282 -0.031764 0.132487
v 0.833146 0.070290 -0.010837
v 0.734913 0.052617 0.262575
v 0.527243 0.176508 0.417437
v 0.777041 0.134198 0.358453
v 0.413554 0.437032 0.287636
v 0.172760 -0.021586 -0.083341
v 0.170761 0.091460 -0.083791
v 0.271778 0.120296 -0.305164
v 0.172760 -0.021586 -0.083341
v 0.271778 0.120296 -0.305164
v 0.257735 0.026999 -0.246775
v 0.084165 -0.001793 0.063139
v 0.060557 0.105154 0.067501
v 0.170761 0.091460 -0.083791
v 0.084165 -0.001793 0.063139
v 0.170761 0.091460 -0.083791
v 0.172760 -0.021586 -0.083341
v 0.170761 0.091460 -0.083791
v 0.177494 0.280254 -0.151958
v 0.435075 0.297851 -0.314866
v 0.060557 0.105154 0.067501
v 0.090303 0.204056 -0.008814
v 0.177494 0.280254 -0.151958
v 0.060557 0.105154 0.067501
v 0.177494 0.280254 -0.151958
v 0.170761 0.091460 -0.083791
v 0.172882 0.029406 -0.112625
v -0.015685 0.071404 -0.431652
v 0.065486 -0.001247 -0.295461
v 0.172882 0.029406 -0.112625
v 0.065486 -0.001247 -0.295461
v 0.185132 -0.021831 -0.101007
v 0.185132 -0.021831 -0.101007
v 0.369503 -0.021648 0.009534
v 0.267056 0.035860 -0.059615
v 0.185132 -0.021831 -0.101007
v 0.267056 0.035860 -0.059615
v 0.172882 0.029406 -0.112625
v 0.175943 0.068373 -0.114031
v 0.068897 0.115688 -0.286234
v -0.015685 0.071404 -0.431652
v 0.175943 0.068373 -0.114031
v -0.015685 0.071404 -0.431652
v 0.172882 0.029406 -0.112625
v 0.175943 0.068373 -0.114031
v 0.265027 0.174961 -0.309597
v 0.068897 0.115688 -0.286234
v 0.172882 0.029406 -0.112625
v 0.267056 0.035860 -0.059615
v 0.179594 0.119999 0.025963
v 0.172882 0.029406 -0.112625
v 0.179594 0.119999 0.025963
v 0.175943 0.068373 -0.114031
v 0.267056 0.035860 -0.059615
v 0.414733 0.047905 0.172878
v 0.179594 0.119999 0.025963
v 0.369503 -0.021648 0.009534
v 0.478315 0.021682 0.256474
v 0.414733 0.047905 0.172878
v 0.369503 -0.021648 0.009534
v 0.414733 0.047905 0.172878
v 0.267056 0.035860 -0.059615
v 0.271778 0.120296 -0.305164
v 0.170761 0.091460 -0.083791
v 0.435075 0.297851 -0.314866
v -0.783022 -0.035763 -0.512759
v -0.783744 0.151529 -0.514661
v -0.545145 0.199303 -0.552124
v -0.783022 -0.035763 -0.512759
v -0.545145 0.199303 -0.552124
v -0.601183 0.044732 -0.531806
v -0.952803 -0.002971 -0.505985
v -0.969332 0.174217 -0.523149
v -0.783744 0.151529 -0.514661
v -0.952803 -0.002971 -0.505985
v -0.783744 0.151529 -0.514661
v -0.783022 -0.035763 -0.512759
v -0.783744 0.151529 -0.514661
v -0.723607 0.464319 -0.546381
v -0.447765 0.493473 -0.422198
v -0.969332 0.174217 -0.523149
v -0.889856 0.338075 -0.540270
v -0.723607 0.464319 -0.546381
v -0.969332 0.174217 -0.523149
v -0.723607 0.464319 -0.546381
v -0.783744 0.151529 -0.514661
v -0.758705 0.048720 -0.528680
v -0.597674 0.118300 -0.859391
v -0.666049 -0.002065 -0.717654
v -0.758705 0.048720 -0.528680
v -0.666049 -0.002065 -0.717654
v -0.761624 -0.036168 -0.512179
v -0.761624 -0.036168 -0.512179
v -0.752293 -0.035867 -0.299012
v -0.751079 0.059412 -0.421687
v -0.761624 -0.036168 -0.512179
v -0.751079 0.059412 -0.421687
v -0.758705 0.048720 -0.528680
v -0.755865 0.113279 -0.526915
v -0.671824 0.191669 -0.709781
v -0.597674 0.118300 -0.859391
v -0.755865 0.113279 -0.526915
v -0.597674 0.118300 -0.859391
v -0.758705 0.048720 -0.528680
v -0.755865 0.113279 -0.526915
v -0.545168 0.289871 -0.560140
v -0.671824 0.191669 -0.709781
v -0.758705 0.048720 -0.528680
v -0.751079 0.059412 -0.421687
v -0.869803 0.198811 -0.447296
v -0.758705 0.048720 -0.528680
v -0.869803 0.198811 -0.447296
v -0.755865 0.113279 -0.526915
v -0.751079 0.059412 -0.421687
v -0.862818 0.079367 -0.172185
v -0.869803 0.198811 -0.447296
v -0.752293 -0.035867 -0.299012
v -0.897261 0.035922 -0.073792
v -0.862818 0.079367 -0.172185
v -0.752293 -0.035867 -0.299012
v -0.862818 0.079367 -0.172185
v -0.751079 0.059412 -0.421687
v -0.545145 0.199303 -0.552124
v -0.783744 0.151529 -0.514661
v -0.447765 0.493473 -0.422198
v 0.512451 0.167756 -0.019582
v 0.501688 -0.007412 0.017446
v 0.508032 0.127764 0.145638
v 0.512451 0.167756 -0.019582
v 0.508032 0.127764 0.145638
v 0.510083 0.282071 0.166379
v 0.501688 -0.007412 0.017446
v 0.512451 0.167756 -0.019582
v 0.675330 0.239303 -0.144675
v 0.501316 0.336270 0.030272
v 0.512451 0.167756 -0.019582
v 0.510083 0.282071 0.166379
v 0.501316 0.336270 0.030272
v 0.510083 0.282071 0.166379
v 0.491968 0.338627 0.067542
v 0.506764 0.549065 0.015594
v 0.501316 0.336270 0.030272
v 0.491968 0.338627 0.067542
v 0.506764 0.549065 0.015594
v 0.491968 0.338627 0.067542
v 0.497417 0.551431 0.052864
v 0.606113 0.425294 -0.077388
v 0.675330 0.239303 -0.144675
v 0.512451 0.167756 -0.019582
v 0.606113 0.425294 -0.077388
v 0.512451 0.167756 -0.019582
v 0.501316 0.336270 0.030272
v 0.501316 0.336270 0.030272
v 0.506764 0.549065 0.015594
v 0.514156 0.543018 -0.014026
v 0.501316 0.336270 0.030272
v 0.514156 0.543018 -0.014026
v 0.606113 0.425294 -0.077388
v 0.506764 0.549065 0.015594
v 0.504850 0.880532 -0.094888
v 0.514156 0.543018 -0.014026
v 0.506764 0.549065 0.015594
v 0.497417 0.551431 0.052864
v 0.504850 0.880532 -0.094888
v 0.614699 0.153715 -0.341319
v 0.501688 -0.007412 0.017446
v 0.675330 0.239303 -0.144675
v -0.175944 0.132194 1.055823
v -0.197609 -0.032808 1.092638
v -0.311033 0.094754 1.156445
v -0.175944 0.132194 1.055823
v -0.311033 0.094754 1.156445
v -0.336828 0.240138 1.155825
v -0.197609 -0.032808 1.092638
v -0.175944 0.132194 1.055823
v -0.016868 0.200402 0.934196
v -0.197609 -0.032808 1.092638
v -0.016868 0.200402 0.934196
v 0.103253 0.119102 0.859628
v -0.227805 0.290918 1.071944
v -0.175944 0.132194 1.055823
v -0.336828 0.240138 1.155825
v -0.227805 0.290918 1.071944
v -0.336828 0.240138 1.155825
v -0.259623 0.293148 1.094215
v -0.227262 0.491361 1.045500
v -0.227805 0.290918 1.071944
v -0.259623 0.293148 1.094215
v -0.227262 0.491361 1.045500
v -0.259623 0.293148 1.094215
v -0.259086 0.493591 1.067764
v -0.107867 0.375254 0.975960
v -0.016868 0.200402 0.934196
v -0.175944 0.132194 1.055823
v -0.107867 0.375254 0.975960
v -0.175944 0.132194 1.055823
v -0.227805 0.290918 1.071944
v -0.227805 0.290918 1.071944
v -0.227262 0.491361 1.045500
v -0.201743 0.485666 1.028144
v -0.227805 0.290918 1.071944
v -0.201743 0.485666 1.028144
v -0.107867 0.375254 0.975960
v -0.227262 0.491361 1.045500
v -0.220722 0.585818 1.028575
v -0.201743 0.485666 1.028144
v -0.227262 0.491361 1.045500
v -0.259086 0.493591 1.067764
v -0.220722 0.585818 1.028575
v -0.349316 -0.001062 1.252066
v -0.195074 -0.019017 1.093988
v -0.229061 0.045752 1.083779
v -0.349316 -0.001062 1.252066
v -0.229061 0.045752 1.083779
v -0.390310 0.048056 1.235170
v -0.195074 -0.019017 1.093988
v -0.204627 -0.094383 0.821166
v -0.258555 0.005842 0.797662
v -0.195074 -0.019017 1.093988
v -0.258555 0.005842 0.797662
v -0.229200 0.152856 0.826417
v -0.195074 -0.019017 1.093988
v -0.229200 0.152856 0.826417
v -0.229061 0.045752 1.083779
v -0.229061 0.045752 1.083779
v -0.229200 0.152856 0.826417
v -0.266080 0.116280 1.072672
v -0.229200 0.152856 0.826417
v -0.483946 0.279142 0.990431
v -0.266080 0.116280 1.072672
v -0.266080 0.116280 1.072672
v -0.366370 0.164920 1.222174
v -0.390310 0.048056 1.235170
v -0.266080 0.116280 1.072672
v -0.390310 0.048056 1.235170
v -0.229061 0.045752 1.083779
v -0.580177 0.243471 0.985326
v -0.366370 0.164920 1.222174
v -0.266080 0.116280 1.072672
v 0.774252 0.173960 0.750173
v 0.811243 -0.007686 0.752101
v 0.929726 0.132489 0.717998
v 0.774252 0.173960 0.750173
v 0.929726 0.132489 0.717998
v 0.948672 0.292502 0.711522
v 0.811243 -0.007686 0.752101
v 0.774252 0.173960 0.750173
v 0.621480 0.248153 0.625348
v 0.823319 0.348706 0.749631
v 0.774252 0.173960 0.750173
v 0.948672 0.292502 0.711522
v 0.823319 0.348706 0.749631
v 0.948672 0.292502 0.711522
v 0.860226 0.351151 0.750182
v 0.808396 0.569370 0.747761
v 0.823319 0.348706 0.749631
v 0.860226 0.351151 0.750182
v 0.808396 0.569370 0.747761
v 0.860226 0.351151 0.750182
v 0.845303 0.571824 0.748312
v 0.699613 0.441022 0.675289
v 0.621480 0.248153 0.625348
v 0.774252 0.173960 0.750173
v 0.699613 0.441022 0.675289
v 0.774252 0.173960 0.750173
v 0.823319 0.348706 0.749631
v 0.823319 0.348706 0.749631
v 0.808396 0.569370 0.747761
v 0.779073 0.563100 0.747358
v 0.823319 0.348706 0.749631
v 0.779073 0.563100 0.747358
v 0.699613 0.441022 0.675289
v 0.808396 0.569370 0.747761
v 0.705500 0.913096 0.773829
v 0.779073 0.563100 0.747358
v 0.808396 0.569370 0.747761
v 0.845303 0.571824 0.748312
v 0.705500 0.913096 0.773829
v 0.450914 0.159400 0.725259
v 0.811243 -0.007686 0.752101
v 0.621480 0.248153 0.625348
v -0.389343 0.077254 0.359134
v -0.345774 0.235837 0.408288
v -0.468333 0.240558 0.575134
v -0.389343 0.077254 0.359134
v -0.468333 0.240558 0.575134
v -0.501311 -0.006118 0.566733
v -0.501311 -0.006118 0.566733
v -0.468333 0.240558 0.575134
v -0.606856 0.235738 0.691573
v -0.540909 0.321624 0.555198
v -0.468333 0.240558 0.575134
v -0.345774 0.235837 0.408288
v -0.540909 0.321624 0.555198
v -0.345774 0.235837 0.408288
v -0.436936 0.365203 0.328701
v -0.468333 0.240558 0.575134
v -0.540909 0.321624 0.555198
v -0.621412 0.311231 0.624420
v -0.468333 0.240558 0.575134
v -0.621412 0.311231 0.624420
v -0.606856 0.235738 0.691573
v -0.613493 0.402689 0.535266
v -0.540909 0.321624 0.555198
v -0.436936 0.365203 0.328701
v -0.613493 0.402689 0.535266
v -0.436936 0.365203 0.328701
v -0.602257 0.432866 0.400698
v -0.613493 0.402689 0.535266
v -0.602257 0.432866 0.400698
v -0.612830 0.512426 0.434594
v -0.613493 0.402689 0.535266
v -0.612830 0.512426 0.434594
v -0.627861 0.465309 0.532102
v -0.627861 0.465309 0.532102
v -0.612830 0.512426 0.434594
v -0.531157 0.802054 0.425379
v -0.613493 0.402689 0.535266
v -0.627861 0.465309 0.532102
v -0.643472 0.434553 0.611455
v -0.613493 0.402689 0.535266
v -0.643472 0.434553 0.611455
v -0.640898 0.404375 0.621916
v -0.600349 0.647025 0.611708
v -0.643472 0.434553 0.611455
v -0.627861 0.465309 0.532102
v -0.540909 0.321624 0.555198
v -0.613493 0.402689 0.535266
v -0.640898 0.404375 0.621916
v -0.540909 0.321624 0.555198
v -0.640898 0.404375 0.621916
v -0.621412 0.311231 0.624420
v -0.343068 0.048885 0.057463
v -0.392261 0.149233 0.016231
v -0.297842 0.152220 -0.162690
v -0.343068 0.048885 0.057463
v -0.297842 0.152220 -0.162690
v -0.264758 -0.003871 -0.159322
v -0.264758 -0.003871 -0.159322
v -0.297842 0.152220 -0.162690
v -0.180731 0.149170 -0.295191
v -0.224823 0.203516 -0.153878
v -0.297842 0.152220 -0.162690
v -0.392261 0.149233 0.016231
v -0.224823 0.203516 -0.153878
v -0.392261 0.149233 0.016231
v -0.292683 0.231092 0.080021
v -0.297842 0.152220 -0.162690
v -0.224823 0.203516 -0.153878
v -0.156987 0.196940 -0.232382
v -0.297842 0.152220 -0.162690
v -0.156987 0.196940 -0.232382
v -0.180731 0.149170 -0.295191
v -0.151796 0.254813 -0.145071
v -0.224823 0.203516 -0.153878
v -0.292683 0.231092 0.080021
v -0.151796 0.254813 -0.145071
v -0.292683 0.231092 0.080021
v -0.143267 0.273908 -0.013387
v -0.151796 0.254813 -0.145071
v -0.143267 0.273908 -0.013387
v -0.137931 0.324252 -0.047672
v -0.151796 0.254813 -0.145071
v -0.137931 0.324252 -0.047672
v -0.137452 0.294437 -0.144083
v -0.137452 0.294437 -0.144083
v -0.137931 0.324252 -0.047672
v -0.215544 0.507522 -0.026998
v -0.151796 0.254813 -0.145071
v -0.137452 0.294437 -0.144083
v -0.133797 0.274975 -0.223029
v -0.151796 0.254813 -0.145071
v -0.133797 0.274975 -0.223029
v -0.137792 0.255880 -0.232770
v -0.175514 0.409423 -0.217061
v -0.133797 0.274975 -0.223029
v -0.137452 0.294437 -0.144083
v -0.224823 0.203516 -0.153878
v -0.151796 0.254813 -0.145071
v -0.137792 0.255880 -0.232770
v -0.224823 0.203516 -0.153878
v -0.137792 0.255880 -0.232770
v -0.156987 0.196940 -0.232382
v -0.036678 -0.029832 0.883501
v -0.034667 0.126399 0.883056
v -0.032026 0.166250 1.127592
v -0.036678 -0.029832 0.883501
v -0.032026 0.166250 1.127592
v -0.044187 0.037313 1.068475
v -0.018635 -0.002478 0.712403
v 0.000979 0.145324 0.698352
v -0.034667 0.126399 0.883056
v -0.018635 -0.002478 0.712403
v -0.034667 0.126399 0.883056
v -0.036678 -0.029832 0.883501
v -0.034667 0.126399 0.883056
v -0.011681 0.387314 0.947947
v -0.176443 0.411633 1.206158
v 0.000979 0.145324 0.698352
v 0.006509 0.282007 0.780484
v -0.011681 0.387314 0.947947
v 0.000979 0.145324 0.698352
v -0.011681 0.387314 0.947947
v -0.034667 0.126399 0.883056
v -0.024283 0.040640 0.910193
v 0.283514 0.098680 1.119898
v 0.151504 -0.001723 1.030663
v -0.024283 0.040640 0.910193
v 0.151504 -0.001723 1.030663
v -0.040389 -0.030170 0.904855
v -0.040389 -0.030170 0.904855
v -0.255330 -0.029918 0.883030
v -0.132597 0.049559 0.902186
v -0.040389 -0.030170 0.904855
v -0.132597 0.049559 0.902186
v -0.024283 0.040640 0.910193
v -0.026467 0.094493 0.912780
v 0.144461 0.159882 1.023726
v 0.283514 0.098680 1.119898
v -0.026467 0.094493 0.912780
v 0.283514 0.098680 1.119898
v -0.024283 0.040640 0.910193
v -0.026467 0.094493 0.912780
v -0.023991 0.241798 1.128741
v 0.144461 0.159882 1.023726
v -0.024283 0.040640 0.910193
v -0.132597 0.049559 0.902186
v -0.089576 0.165839 0.786979
v -0.024283 0.040640 0.910193
v -0.089576 0.165839 0.786979
v -0.026467 0.094493 0.912780
v -0.132597 0.049559 0.902186
v -0.366238 0.066204 0.753744
v -0.089576 0.165839 0.786979
v -0.255330 -0.029918 0.883030
v -0.459782 0.029965 0.704846
v -0.366238 0.066204 0.753744
v -0.255330 -0.029918 0.883030
v -0.366238 0.066204 0.753744
v -0.132597 0.049559 0.902186
v -0.032026 0.166250 1.127592
v -0.034667 0.126399 0.883056
v -0.176443 0.411633 1.206158
v -0.535342 -0.030933 0.623171
v -0.514324 0.152327 0.613315
v -0.428229 0.139670 0.735926
v -0.535342 -0.030933 0.623171
v -0.428229 0.139670 0.735926
v -0.408702 -0.016783 0.772337
v -0.518737 0.200933 0.392584
v -0.514324 0.152327 0.613315
v -0.535342 -0.030933 0.623171
v -0.518737 0.200933 0.392584
v -0.399496 0.300259 0.552820
v -0.501999 0.307207 0.624703
v -0.518737 0.200933 0.392584
v -0.501999 0.307207 0.624703
v -0.514324 0.152327 0.613315
v -0.399496 0.300259 0.552820
v -0.364170 0.569386 0.551946
v -0.479237 0.547236 0.629065
v -0.399496 0.300259 0.552820
v -0.479237 0.547236 0.629065
v -0.501999 0.307207 0.624703
v -0.514324 0.152327 0.613315
v -0.501999 0.307207 0.624703
v -0.523323 0.336999 0.712733
v -0.514324 0.152327 0.613315
v -0.523323 0.336999 0.712733
v -0.428229 0.139670 0.735926
v -0.523323 0.336999 0.712733
v -0.501999 0.307207 0.624703
v -0.479237 0.547236 0.629065
v -0.523323 0.336999 0.712733
v -0.479237 0.547236 0.629065
v -0.496088 0.508698 0.676168
v -0.479237 0.547236 0.629065
v -0.497603 0.708661 0.582327
v -0.512910 0.686376 0.634946
v -0.479237 0.547236 0.629065
v -0.512910 0.686376 0.634946
v -0.496088 0.508698 0.676168
v -0.497603 0.708661 0.582327
v -0.535533 0.984917 0.401229
v -0.512910 0.686376 0.634946
v -0.497603 0.708661 0.582327
v -0.479237 0.547236 0.629065
v -0.364170 0.569386 0.551946
v -0.535535 -0.029279 0.621074
v -0.526659 0.099550 0.650923
v -0.613772 0.084996 0.712420
v -0.535535 -0.029279 0.621074
v -0.613772 0.084996 0.712420
v -0.641045 -0.027571 0.713896
v -0.368215 0.132937 0.649511
v -0.526659 0.099550 0.650923
v -0.535535 -0.029279 0.621074
v -0.368215 0.132937 0.649511
v -0.480978 0.195899 0.744149
v -0.533335 0.208970 0.672480
v -0.368215 0.132937 0.649511
v -0.533335 0.208970 0.672480
v -0.526659 0.099550 0.650923
v -0.480978 0.195899 0.744149
v -0.477643 0.384859 0.791305
v -0.534140 0.378180 0.708367
v -0.480978 0.195899 0.744149
v -0.534140 0.378180 0.708367
v -0.533335 0.208970 0.672480
v -0.526659 0.099550 0.650923
v -0.533335 0.208970 0.672480
v -0.596316 0.232370 0.660639
v -0.526659 0.099550 0.650923
v -0.596316 0.232370 0.660639
v -0.613772 0.084996 0.712420
v -0.596316 0.232370 0.660639
v -0.533335 0.208970 0.672480
v -0.534140 0.378180 0.708367
v -0.596316 0.232370 0.660639
v -0.534140 0.378180 0.708367
v -0.568355 0.352326 0.693695
v -0.534140 0.378180 0.708367
v -0.543326 0.502019 0.732324
v -0.578922 0.483626 0.718881
v -0.534140 0.378180 0.708367
v -0.578922 0.483626 0.718881
v -0.568355 0.352326 0.693695
v -0.543326 0.502019 0.732324
v -0.525842 0.744817 0.788790
v -0.578922 0.483626 0.718881
v -0.543326 0.502019 0.732324
v -0.534140 0.378180 0.708367
v -0.477643 0.384859 0.791305
v 0.961717 0.056603 0.271110
v 0.895939 0.172794 0.282163
v 0.818262 0.176253 0.086818
v 0.961717 0.056603 0.271110
v 0.818262 0.176253 0.086818
v 0.843247 -0.004483 0.062946
v 0.843247 -0.004483 0.062946
v 0.818262 0.176253 0.086818
v 0.792577 0.172721 -0.095135
v 0.874496 0.235648 0.035061
v 0.818262 0.176253 0.086818
v 0.895939 0.172794 0.282163
v 0.874496 0.235648 0.035061
v 0.895939 0.172794 0.282163
v 1.013542 0.267578 0.246516
v 0.818262 0.176253 0.086818
v 0.874496 0.235648 0.035061
v 0.858234 0.228033 -0.071517
v 0.818262 0.176253 0.086818
v 0.858234 0.228033 -0.071517
v 0.792577 0.172721 -0.095135
v 0.930733 0.295043 -0.016704
v 0.874496 0.235648 0.035061
v 1.013542 0.267578 0.246516
v 0.930733 0.295043 -0.016704
v 1.013542 0.267578 0.246516
v 1.040549 0.317153 0.065413
v 0.930733 0.295043 -0.016704
v 1.040549 0.317153 0.065413
v 1.017056 0.375446 0.038062
v 0.930733 0.295043 -0.016704
v 1.017056 0.375446 0.038062
v 0.941192 0.340923 -0.027372
v 0.941192 0.340923 -0.027372
v 1.017056 0.375446 0.038062
v 0.981022 0.587651 0.113344
v 0.930733 0.295043 -0.016704
v 0.941192 0.340923 -0.027372
v 0.881272 0.318389 -0.083532
v 0.930733 0.295043 -0.016704
v 0.881272 0.318389 -0.083532
v 0.870879 0.296279 -0.086947
v 0.857839 0.474064 -0.046538
v 0.881272 0.318389 -0.083532
v 0.941192 0.340923 -0.027372
v 0.874496 0.235648 0.035061
v 0.930733 0.295043 -0.016704
v 0.870879 0.296279 -0.086947
v 0.874496 0.235648 0.035061
v 0.870879 0.296279 -0.086947
v 0.858234 0.228033 -0.071517
v -0.382880 0.176279 0.282659
v -0.343572 -0.007789 0.289843
v -0.212093 0.134255 0.269759
v -0.382880 0.176279 0.282659
v -0.212093 0.134255 0.269759
v -0.190927 0.296401 0.265454
v -0.343572 -0.007789 0.289843
v -0.382880 0.176279 0.282659
v -0.529044 0.251461 0.127968
v -0.330311 0.353354 0.288871
v -0.382880 0.176279 0.282659
v -0.190927 0.296401 0.265454
v -0.330311 0.353354 0.288871
v -0.190927 0.296401 0.265454
v -0.290903 0.355831 0.294570
v -0.346018 0.576960 0.284805
v -0.330311 0.353354 0.288871
v -0.290903 0.355831 0.294570
v -0.346018 0.576960 0.284805
v -0.290903 0.355831 0.294570
v -0.306609 0.579447 0.290504
v -0.452367 0.446901 0.192213
v -0.529044 0.251461 0.127968
v -0.382880 0.176279 0.282659
v -0.452367 0.446901 0.192213
v -0.382880 0.176279 0.282659
v -0.330311 0.353354 0.288871
v -0.330311 0.353354 0.288871
v -0.346018 0.576960 0.284805
v -0.377333 0.570607 0.280315
v -0.330311 0.353354 0.288871
v -0.377333 0.570607 0.280315
v -0.452367 0.446901 0.192213
v -0.346018 0.576960 0.284805
v -0.459709 0.925268 0.298451
v -0.377333 0.570607 0.280315
v -0.346018 0.576960 0.284805
v -0.306609 0.579447 0.290504
v -0.459709 0.925268 0.298451
v -0.725354 0.161525 0.211247
v -0.343572 -0.007789 0.289843
v -0.529044 0.251461 0.127968
v 0.232379 0.042065 1.028217
v 0.201571 0.128415 1.087520
v -0.001585 0.130985 1.031922
v 0.232379 0.042065 1.028217
v -0.001585 0.130985 1.031922
v -0.005627 -0.003331 0.997536
v -0.005627 -0.003331 0.997536
v -0.001585 0.130985 1.031922
v -0.162680 0.128361 0.942788
v -0.009104 0.175126 0.955718
v -0.001585 0.130985 1.031922
v 0.201571 0.128415 1.087520
v -0.009104 0.175126 0.955718
v 0.201571 0.128415 1.087520
v 0.243938 0.198855 0.971917
v -0.001585 0.130985 1.031922
v -0.009104 0.175126 0.955718
v -0.104199 0.169467 0.904483
v -0.001585 0.130985 1.031922
v -0.104199 0.169467 0.904483
v -0.162680 0.128361 0.942788
v -0.016629 0.219267 0.879508
v -0.009104 0.175126 0.955718
v 0.243938 0.198855 0.971917
v -0.016629 0.219267 0.879508
v 0.243938 0.198855 0.971917
v 0.115288 0.235698 0.841128
v -0.016629 0.219267 0.879508
v 0.115288 0.235698 0.841128
v 0.079238 0.279019 0.843441
v -0.016629 0.219267 0.879508
v 0.079238 0.279019 0.843441
v -0.018861 0.253363 0.864707
v -0.018861 0.253363 0.864707
v 0.079238 0.279019 0.843441
v 0.117762 0.436723 0.917661
v -0.016629 0.219267 0.879508
v -0.018861 0.253363 0.864707
v -0.099926 0.236617 0.878803
v -0.016629 0.219267 0.879508
v -0.099926 0.236617 0.878803
v -0.108924 0.220185 0.885062
v -0.084447 0.352309 0.919857
v -0.099926 0.236617 0.878803
v -0.018861 0.253363 0.864707
v -0.009104 0.175126 0.955718
v -0.016629 0.219267 0.879508
v -0.108924 0.220185 0.885062
v -0.009104 0.175126 0.955718
v -0.108924 0.220185 0.885062
v -0.104199 0.169467 0.904483
v 0.085108 -0.038597 0.981626
v 0.087064 0.163537 0.982233
v -0.031260 0.215097 1.194705
v 0.085108 -0.038597 0.981626
v -0.031260 0.215097 1.194705
v -0.012605 0.048277 1.137656
v 0.185073 -0.003206 0.842773
v 0.208941 0.188022 0.840314
v 0.087064 0.163537 0.982233
v 0.185073 -0.003206 0.842773
v 0.087064 0.163537 0.982233
v 0.085108 -0.038597 0.981626
v 0.087064 0.163537 0.982233
v 0.074909 0.501113 1.049607
v -0.194719 0.532577 1.191324
v 0.208941 0.188022 0.840314
v 0.173209 0.364865 0.913966
v 0.074909 0.501113 1.049607
v 0.208941 0.188022 0.840314
v 0.074909 0.501113 1.049607
v 0.087064 0.163537 0.982233
v 0.082647 0.052580 1.010790
v 0.245018 0.127674 1.343683
v 0.175032 -0.002229 1.201519
v 0.082647 0.052580 1.010790
v 0.175032 -0.002229 1.201519
v 0.071371 -0.039035 0.998237
v 0.071371 -0.039035 0.998237
v -0.103476 -0.038709 0.873381
v -0.006938 0.064120 0.950455
v 0.071371 -0.039035 0.998237
v -0.006938 0.064120 0.950455
v 0.082647 0.052580 1.010790
v 0.079485 0.122256 1.011946
v 0.172371 0.206858 1.192054
v 0.245018 0.127674 1.343683
v 0.079485 0.122256 1.011946
v 0.245018 0.127674 1.343683
v 0.082647 0.052580 1.010790
v 0.079485 0.122256 1.011946
v -0.024888 0.312842 1.199660
v 0.172371 0.206858 1.192054
v 0.082647 0.052580 1.010790
v -0.006938 0.064120 0.950455
v 0.087032 0.214566 0.872186
v 0.082647 0.052580 1.010790
v 0.087032 0.214566 0.872186
v 0.079485 0.122256 1.011946
v -0.006938 0.064120 0.950455
v -0.135487 0.085656 0.707037
v 0.087032 0.214566 0.872186
v -0.103476 -0.038709 0.873381
v -0.192151 0.038769 0.618676
v -0.135487 0.085656 0.707037
v -0.103476 -0.038709 0.873381
v -0.135487 0.085656 0.707037
v -0.006938 0.064120 0.950455
v -0.031260 0.215097 1.194705
v 0.087064 0.163537 0.982233
v -0.194719 0.532577 1.191324
v 0.949200 -0.026005 0.388531
v 0.927336 0.128058 0.378030
v 0.969693 0.117417 0.227332
v 0.949200 -0.026005 0.388531
v 0.969693 0.117417 0.227332
v 0.986261 -0.014109 0.187469
v 0.751592 0.168920 0.527447
v 0.927336 0.128058 0.378030
v 0.949200 -0.026005 0.388531
v 0.751592 0.168920 0.527447
v 0.802500 0.252420 0.325060
v 0.928410 0.258262 0.360531
v 0.751592 0.168920 0.527447
v 0.928410 0.258262 0.360531
v 0.927336 0.128058 0.378030
v 0.802500 0.252420 0.325060
v 0.778452 0.478669 0.297044
v 0.916901 0.460048 0.339225
v 0.802500 0.252420 0.325060
v 0.916901 0.460048 0.339225
v 0.928410 0.258262 0.360531
v 0.927336 0.128058 0.378030
v 0.928410 0.258262 0.360531
v 1.013752 0.283306 0.319626
v 0.927336 0.128058 0.378030
v 1.013752 0.283306 0.319626
v 0.969693 0.117417 0.227332
v 1.013752 0.283306 0.319626
v 0.928410 0.258262 0.360531
v 0.916901 0.460048 0.339225
v 1.013752 0.283306 0.319626
v 0.916901 0.460048 0.339225
v 0.966161 0.427650 0.321742
v 0.916901 0.460048 0.339225
v 0.891206 0.595754 0.384972
v 0.943910 0.577019 0.362594
v 0.916901 0.460048 0.339225
v 0.943910 0.577019 0.362594
v 0.966161 0.427650 0.321742
v 0.891206 0.595754 0.384972
v 0.769686 0.827996 0.535330
v 0.943910 0.577019 0.362594
v 0.891206 0.595754 0.384972
v 0.916901 0.460048 0.339225
v 0.778452 0.478669 0.297044
v 0.947631 -0.024614 0.390073
v 0.965927 0.083689 0.363166
v 1.073261 0.071454 0.393043
v 0.947631 -0.024614 0.390073
v 1.073261 0.071454 0.393043
v 1.092475 -0.023178 0.414142
v 0.860094 0.111757 0.235854
v 0.965927 0.083689 0.363166
v 0.947631 -0.024614 0.390073
v 0.860094 0.111757 0.235854
v 1.011201 0.164688 0.264594
v 0.987786 0.175676 0.354327
v 0.860094 0.111757 0.235854
v 0.987786 0.175676 0.354327
v 0.965927 0.083689 0.363166
v 1.011201 0.164688 0.264594
v 1.047166 0.323541 0.230737
v 1.017365 0.317926 0.331266
v 1.011201 0.164688 0.264594
v 1.017365 0.317926 0.331266
v 0.987786 0.175676 0.354327
v 0.965927 0.083689 0.363166
v 0.987786 0.175676 0.354327
v 1.019815 0.195348 0.413127
v 0.965927 0.083689 0.363166
v 1.019815 0.195348 0.413127
v 1.073261 0.071454 0.393043
v 1.019815 0.195348 0.413127
v 0.987786 0.175676 0.354327
v 1.017365 0.317926 0.331266
v 1.019815 0.195348 0.413127
v 1.017365 0.317926 0.331266
v 1.028097 0.296192 0.368654
v 1.017365 0.317926 0.331266
v 1.042825 0.422035 0.322873
v 1.055464 0.406573 0.360566
v 1.017365 0.317926 0.331266
v 1.055464 0.406573 0.360566
v 1.028097 0.296192 0.368654
v 1.042825 0.422035 0.322873
v 1.076977 0.626149 0.271411
v 1.055464 0.406573 0.360566
v 1.042825 0.422035 0.322873
v 1.017365 0.317926 0.331266
v 1.047166 0.323541 0.230737
v -0.751585 -0.032861 0.696124
v -0.751245 0.139233 0.694076
v -0.521571 0.183131 0.783545
v -0.751585 -0.032861 0.696124
v -0.521571 0.183131 0.783545
v -0.581428 0.041102 0.772691
v -0.904806 -0.002730 0.614923
v -0.910571 0.160080 0.591298
v -0.751245 0.139233 0.694076
v -0.904806 -0.002730 0.614923
v -0.751245 0.139233 0.694076
v -0.751585 -0.032861 0.696124
v -0.751245 0.139233 0.694076
v -0.681920 0.426641 0.696977
v -0.502396 0.453429 0.948137
v -0.910571 0.160080 0.591298
v -0.831685 0.310642 0.617005
v -0.681920 0.426641 0.696977
v -0.910571 0.160080 0.591298
v -0.681920 0.426641 0.696977
v -0.751245 0.139233 0.694076
v -0.721963 0.044766 0.694568
v -0.410132 0.108700 0.485571
v -0.543213 -0.001898 0.575472
v -0.721963 0.044766 0.694568
v -0.543213 -0.001898 0.575472
v -0.733010 -0.033233 0.707623
v -0.733010 -0.033233 0.707623
v -0.834233 -0.032956 0.900422
v -0.770174 0.054591 0.792849
v -0.733010 -0.033233 0.707623
v -0.770174 0.054591 0.792849
v -0.721963 0.044766 0.694568
v -0.720365 0.104087 0.697583
v -0.552349 0.176116 0.579450
v -0.410132 0.108700 0.485571
v -0.720365 0.104087 0.697583
v -0.410132 0.108700 0.485571
v -0.721963 0.044766 0.694568
v -0.720365 0.104087 0.697583
v -0.517475 0.266350 0.776463
v -0.552349 0.176116 0.579450
v -0.721963 0.044766 0.694568
v -0.770174 0.054591 0.792849
v -0.861737 0.182678 0.709303
v -0.721963 0.044766 0.694568
v -0.861737 0.182678 0.709303
v -0.720365 0.104087 0.697583
v -0.770174 0.054591 0.792849
v -0.996834 0.072927 0.955531
v -0.861737 0.182678 0.709303
v -0.834233 -0.032956 0.900422
v -1.077732 0.033007 1.024626
v -0.996834 0.072927 0.955531
v -0.834233 -0.032956 0.900422
v -0.996834 0.072927 0.955531
v -0.770174 0.054591 0.792849
v -0.521571 0.183131 0.783545
v -0.751245 0.139233 0.694076
v -0.502396 0.453429 0.948137
v 0.121119 -0.030310 0.299834
v 0.097206 0.149260 0.304171
v 0.042962 0.136858 0.157005
v 0.121119 -0.030310 0.299834
v 0.042962 0.136858 0.157005
v 0.032966 -0.016445 0.114922
v 0.042479 0.196888 0.528725
v 0.097206 0.149260 0.304171
v 0.121119 -0.030310 0.299834
v 0.042479 0.196888 0.528725
v -0.035218 0.294213 0.334596
v 0.087788 0.301022 0.289342
v 0.042479 0.196888 0.528725
v 0.087788 0.301022 0.289342
v 0.097206 0.149260 0.304171
v -0.035218 0.294213 0.334596
v -0.071201 0.557922 0.326007
v 0.065924 0.536217 0.278823
v -0.035218 0.294213 0.334596
v 0.065924 0.536217 0.278823
v 0.087788 0.301022 0.289342
v 0.097206 0.149260 0.304171
v 0.087788 0.301022 0.289342
v 0.132974 0.330213 0.205977
v 0.097206 0.149260 0.304171
v 0.132974 0.330213 0.205977
v 0.042962 0.136858 0.157005
v 0.132974 0.330213 0.205977
v 0.087788 0.301022 0.289342
v 0.065924 0.536217 0.278823
v 0.132974 0.330213 0.205977
v 0.065924 0.536217 0.278823
v 0.095608 0.498455 0.235676
v 0.065924 0.536217 0.278823
v 0.071975 0.694392 0.331046
v 0.101576 0.672555 0.281902
v 0.065924 0.536217 0.278823
v 0.101576 0.672555 0.281902
v 0.095608 0.498455 0.235676
v 0.071975 0.694392 0.331046
v 0.061794 0.965086 0.524482
v 0.101576 0.672555 0.281902
v 0.071975 0.694392 0.331046
v 0.065924 0.536217 0.278823
v -0.071201 0.557922 0.326007
v 0.120752 -0.028689 0.302008
v 0.119775 0.097545 0.269421
v 0.224422 0.083284 0.230549
v 0.120752 -0.028689 0.302008
v 0.224422 0.083284 0.230549
v 0.252416 -0.027016 0.236369
v -0.040943 0.130260 0.228360
v 0.119775 0.097545 0.269421
v 0.120752 -0.028689 0.302008
v -0.040943 0.130260 0.228360
v 0.098547 0.191955 0.162829
v 0.132311 0.204762 0.249396
v -0.040943 0.130260 0.228360
v 0.132311 0.204762 0.249396
v 0.119775 0.097545 0.269421
v 0.098547 0.191955 0.162829
v 0.107818 0.377109 0.114215
v 0.142750 0.370565 0.213295
v 0.098547 0.191955 0.162829
v 0.142750 0.370565 0.213295
v 0.132311 0.204762 0.249396
v 0.119775 0.097545 0.269421
v 0.132311 0.204762 0.249396
v 0.192870 0.227691 0.278268
v 0.119775 0.097545 0.269421
v 0.192870 0.227691 0.278268
v 0.224422 0.083284 0.230549
v 0.192870 0.227691 0.278268
v 0.132311 0.204762 0.249396
v 0.142750 0.370565 0.213295
v 0.192870 0.227691 0.278268
v 0.142750 0.370565 0.213295
v 0.173440 0.345232 0.237318
v 0.142750 0.370565 0.213295
v 0.158470 0.491911 0.191516
v 0.190887 0.473888 0.214665
v 0.142750 0.370565 0.213295
v 0.190887 0.473888 0.214665
v 0.173440 0.345232 0.237318
v 0.158470 0.491911 0.191516
v 0.155919 0.729819 0.129685
v 0.190887 0.473888 0.214665
v 0.158470 0.491911 0.191516
v 0.142750 0.370565 0.213295
v 0.107818 0.377109 0.114215
v -0.206083 -0.025419 -0.108846
v -0.189785 0.125175 -0.091894
v -0.279358 0.114774 0.030615
v -0.206083 -0.025419 -0.108846
v -0.279358 0.114774 0.030615
v -0.307924 -0.013792 0.061203
v 0.020503 0.165117 -0.168008
v -0.189785 0.125175 -0.091894
v -0.206083 -0.025419 -0.108846
v 0.020503 0.165117 -0.168008
v -0.094365 0.246737 -0.001451
v -0.196695 0.252448 -0.076365
v 0.020503 0.165117 -0.168008
v -0.196695 0.252448 -0.076365
v -0.189785 0.125175 -0.091894
v -0.094365 0.246737 -0.001451
v -0.082023 0.467893 0.032149
v -0.193467 0.449691 -0.053111
v -0.094365 0.246737 -0.001451
v -0.193467 0.449691 -0.053111
v -0.196695 0.252448 -0.076365
v -0.189785 0.125175 -0.091894
v -0.196695 0.252448 -0.076365
v -0.288078 0.276929 -0.068152
v -0.189785 0.125175 -0.091894
v -0.288078 0.276929 -0.068152
v -0.279358 0.114774 0.030615
v -0.288078 0.276929 -0.068152
v -0.196695 0.252448 -0.076365
v -0.193467 0.449691 -0.053111
v -0.288078 0.276929 -0.068152
v -0.193467 0.449691 -0.053111
v -0.244136 0.418023 -0.053935
v -0.193467 0.449691 -0.053111
v -0.154617 0.582342 -0.085947
v -0.210074 0.564029 -0.083495
v -0.193467 0.449691 -0.053111
v -0.210074 0.564029 -0.083495
v -0.244136 0.418023 -0.053935
v -0.154617 0.582342 -0.085947
v 0.006741 0.809356 -0.181304
v -0.210074 0.564029 -0.083495
v -0.154617 0.582342 -0.085947
v -0.193467 0.449691 -0.053111
v -0.082023 0.467893 0.032149
v -0.204135 -0.024060 -0.109714
v -0.229876 0.081805 -0.091480
v -0.317232 0.069845 -0.155013
v -0.204135 -0.024060 -0.109714
v -0.317232 0.069845 -0.155013
v -0.327529 -0.022656 -0.180692
v -0.176925 0.109241 0.060040
v -0.229876 0.081805 -0.091480
v -0.204135 -0.024060 -0.109714
v -0.176925 0.109241 0.060040
v -0.304423 0.160980 -0.017303
v -0.252728 0.171721 -0.090864
v -0.176925 0.109241 0.060040
v -0.252728 0.171721 -0.090864
v -0.229876 0.081805 -0.091480
v -0.304423 0.160980 -0.017303
v -0.348569 0.316258 0.001251
v -0.287413 0.310769 -0.079949
v -0.304423 0.160980 -0.017303
v -0.287413 0.310769 -0.079949
v -0.252728 0.171721 -0.090864
v -0.229876 0.081805 -0.091480
v -0.252728 0.171721 -0.090864
v -0.261879 0.190950 -0.155131
v -0.229876 0.081805 -0.091480
v -0.261879 0.190950 -0.155131
v -0.317232 0.069845 -0.155013
v -0.261879 0.190950 -0.155131
v -0.252728 0.171721 -0.090864
v -0.287413 0.310769 -0.079949
v -0.261879 0.190950 -0.155131
v -0.287413 0.310769 -0.079949
v -0.284482 0.289524 -0.117546
v -0.287413 0.310769 -0.079949
v -0.313383 0.412534 -0.080959
v -0.312081 0.397420 -0.119480
v -0.287413 0.310769 -0.079949
v -0.312081 0.397420 -0.119480
v -0.284482 0.289524 -0.117546
v -0.313383 0.412534 -0.080959
v -0.361853 0.612053 -0.045800
v -0.312081 0.397420 -0.119480
v -0.313383 0.412534 -0.080959
v -0.287413 0.310769 -0.079949
v -0.348569 0.316258 0.001251
v -0.458877 -0.017223 0.469675
v -0.439765 0.084813 0.484625
v -0.513477 0.077766 0.622794
v -0.458877 -0.017223 0.469675
v -0.513477 0.077766 0.622794
v -0.538218 -0.009345 0.658192
v -0.235989 0.111877 0.376321
v -0.439765 0.084813 0.484625
v -0.458877 -0.017223 0.469675
v -0.235989 0.111877 0.376321
v -0.329145 0.167179 0.563162
v -0.444568 0.171048 0.501494
v -0.235989 0.111877 0.376321
v -0.444568 0.171048 0.501494
v -0.439765 0.084813 0.484625
v -0.329145 0.167179 0.563162
v -0.311656 0.317026 0.595696
v -0.437892 0.304693 0.524782
v -0.329145 0.167179 0.563162
v -0.437892 0.304693 0.524782
v -0.444568 0.171048 0.501494
v -0.439765 0.084813 0.484625
v -0.444568 0.171048 0.501494
v -0.536733 0.187636 0.523159
v -0.439765 0.084813 0.484625
v -0.536733 0.187636 0.523159
v -0.513477 0.077766 0.622794
v -0.536733 0.187636 0.523159
v -0.444568 0.171048 0.501494
v -0.437892 0.304693 0.524782
v -0.536733 0.187636 0.523159
v -0.437892 0.304693 0.524782
v -0.489776 0.283235 0.531299
v -0.437892 0.304693 0.524782
v -0.402972 0.394572 0.485592
v -0.459271 0.382164 0.496154
v -0.437892 0.304693 0.524782
v -0.459271 0.382164 0.496154
v -0.489776 0.283235 0.531299
v -0.402972 0.394572 0.485592
v -0.251979 0.548387 0.364737
v -0.459271 0.382164 0.496154
v -0.402972 0.394572 0.485592
v -0.437892 0.304693 0.524782
v -0.311656 0.317026 0.595696
v -0.457013 -0.016302 0.468505
v -0.480662 0.055428 0.490872
v -0.579135 0.047324 0.438656
v -0.457013 -0.016302 0.468505
v -0.579135 0.047324 0.438656
v -0.593384 -0.015351 0.413917
v -0.404557 0.074017 0.637975
v -0.480662 0.055428 0.490872
v -0.457013 -0.016302 0.468505
v -0.404557 0.074017 0.637975
v -0.546045 0.109074 0.577481
v -0.503918 0.116351 0.494821
v -0.404557 0.074017 0.637975
v -0.503918 0.116351 0.494821
v -0.480662 0.055428 0.490872
v -0.546045 0.109074 0.577481
v -0.588450 0.214284 0.602849
v -0.537767 0.210565 0.511010
v -0.546045 0.109074 0.577481
v -0.537767 0.210565 0.511010
v -0.503918 0.116351 0.494821
v -0.480662 0.055428 0.490872
v -0.503918 0.116351 0.494821
v -0.522602 0.129380 0.430495
v -0.480662 0.055428 0.490872
v -0.522602 0.129380 0.430495
v -0.579135 0.047324 0.438656
v -0.522602 0.129380 0.430495
v -0.503918 0.116351 0.494821
v -0.537767 0.210565 0.511010
v -0.522602 0.129380 0.430495
v -0.537767 0.210565 0.511010
v -0.540234 0.196170 0.472175
v -0.537767 0.210565 0.511010
v -0.564445 0.279517 0.513750
v -0.568710 0.269276 0.474208
v -0.537767 0.210565 0.511010
v -0.568710 0.269276 0.474208
v -0.540234 0.196170 0.472175
v -0.564445 0.279517 0.513750
v -0.608855 0.414703 0.556710
v -0.568710 0.269276 0.474208
v -0.564445 0.279517 0.513750
v -0.537767 0.210565 0.511010
v -0.588450 0.214284 0.602849
v 0.713957 -0.007023 -0.183864
v 0.713794 0.120486 -0.210769
v 0.828003 0.200382 -0.454719
v 0.713957 -0.007023 -0.183864
v 0.828003 0.200382 -0.454719
v 0.908881 0.066124 -0.392231
v 0.705762 0.022578 -0.006948
v 0.689569 0.171836 0.005305
v 0.713794 0.120486 -0.210769
v 0.705762 0.022578 -0.006948
v 0.713794 0.120486 -0.210769
v 0.713957 -0.007023 -0.183864
v 0.713794 0.120486 -0.210769
v 0.705545 0.485301 -0.240953
v 1.024968 0.490809 -0.361746
v 0.713794 0.120486 -0.210769
v 1.024968 0.490809 -0.361746
v 0.828003 0.200382 -0.454719
v 0.689569 0.171836 0.005305
v 0.670276 0.379048 -0.089308
v 0.705545 0.485301 -0.240953
v 0.689569 0.171836 0.005305
v 0.705545 0.485301 -0.240953
v 0.713794 0.120486 -0.210769
v 0.647507 0.141855 -0.395247
v 0.606408 -0.035205 -0.387839
v 0.486812 0.101678 -0.431245
v 0.647507 0.141855 -0.395247
v 0.486812 0.101678 -0.431245
v 0.470829 0.257687 -0.450761
v 0.606408 -0.035205 -0.387839
v 0.647507 0.141855 -0.395247
v 0.839062 0.215047 -0.354858
v 0.606408 -0.035205 -0.387839
v 0.839062 0.215047 -0.354858
v 0.970904 0.127806 -0.313347
v 0.602501 0.312177 -0.423414
v 0.647507 0.141855 -0.395247
v 0.470829 0.257687 -0.450761
v 0.602501 0.312177 -0.423414
v 0.470829 0.257687 -0.450761
v 0.565711 0.314570 -0.432803
v 0.622448 0.527268 -0.439867
v 0.602501 0.312177 -0.423414
v 0.565711 0.314570 -0.432803
v 0.622448 0.527268 -0.439867
v 0.565711 0.314570 -0.432803
v 0.585660 0.529661 -0.449265
v 0.750100 0.402676 -0.395690
v 0.839062 0.215047 -0.354858
v 0.647507 0.141855 -0.395247
v 0.750100 0.402676 -0.395690
v 0.647507 0.141855 -0.395247
v 0.602501 0.312177 -0.423414
v 0.602501 0.312177 -0.423414
v 0.622448 0.527268 -0.439867
v 0.651580 0.521158 -0.432014
v 0.602501 0.312177 -0.423414
v 0.651580 0.521158 -0.432014
v 0.750100 0.402676 -0.395690
v 0.622448 0.527268 -0.439867
v 0.639163 0.628628 -0.445807
v 0.651580 0.521158 -0.432014
v 0.622448 0.527268 -0.439867
v 0.585660 0.529661 -0.449265
v 0.639163 0.628628 -0.445807
v 0.391529 -0.001139 -0.398672
v 0.607023 -0.020406 -0.385101
v 0.592926 0.049095 -0.416801
v 0.391529 -0.001139 -0.398672
v 0.592926 0.049095 -0.416801
v 0.377923 0.051567 -0.439829
v 0.607023 -0.020406 -0.385101
v 0.803166 -0.101281 -0.566083
v 0.786214 0.006269 -0.621040
v 0.607023 -0.020406 -0.385101
v 0.786214 0.006269 -0.621040
v 0.783611 0.164027 -0.580951
v 0.607023 -0.020406 -0.385101
v 0.783611 0.164027 -0.580951
v 0.592926 0.049095 -0.416801
v 0.592926 0.049095 -0.416801
v 0.783611 0.164027 -0.580951
v 0.577564 0.124777 -0.451322
v 0.783611 0.164027 -0.580951
v 0.499654 0.299542 -0.665238
v 0.577564 0.124777 -0.451322
v 0.577564 0.124777 -0.451322
v 0.402817 0.176972 -0.430367
v 0.377923 0.051567 -0.439829
v 0.577564 0.124777 -0.451322
v 0.377923 0.051567 -0.439829
v 0.592926 0.049095 -0.416801
v 0.442098 0.261263 -0.739826
v 0.402817 0.176972 -0.430367
v 0.577564 0.124777 -0.451322
v -0.831783 0.043840 -0.350708
v -0.878714 0.133833 -0.395065
v -0.773169 0.136512 -0.569085
v -0.831783 0.043840 -0.350708
v -0.773169 0.136512 -0.569085
v -0.740146 -0.003472 -0.563720
v -0.740146 -0.003472 -0.563720
v -0.773169 0.136512 -0.569085
v -0.647618 0.133777 -0.695129
v -0.700367 0.182516 -0.555859
v -0.773169 0.136512 -0.569085
v -0.878714 0.133833 -0.395065
v -0.700367 0.182516 -0.555859
v -0.878714 0.133833 -0.395065
v -0.782536 0.207246 -0.325035
v -0.773169 0.136512 -0.569085
v -0.700367 0.182516 -0.555859
v -0.627537 0.176618 -0.630630
v -0.773169 0.136512 -0.569085
v -0.627537 0.176618 -0.630630
v -0.647618 0.133777 -0.695129
v -0.627558 0.228519 -0.542637
v -0.700367 0.182516 -0.555859
v -0.782536 0.207246 -0.325035
v -0.627558 0.228519 -0.542637
v -0.782536 0.207246 -0.325035
v -0.626887 0.245644 -0.409883
v -0.627558 0.228519 -0.542637
v -0.626887 0.245644 -0.409883
v -0.619473 0.290793 -0.443993
v -0.627558 0.228519 -0.542637
v -0.619473 0.290793 -0.443993
v -0.613213 0.264054 -0.540785
v -0.613213 0.264054 -0.540785
v -0.619473 0.290793 -0.443993
v -0.698655 0.455151 -0.427884
v -0.627558 0.228519 -0.542637
v -0.613213 0.264054 -0.540785
v -0.604810 0.246601 -0.619848
v -0.627558 0.228519 -0.542637
v -0.604810 0.246601 -0.619848
v -0.608238 0.229476 -0.629869
v -0.647061 0.367175 -0.616355
v -0.604810 0.246601 -0.619848
v -0.613213 0.264054 -0.540785
v -0.700367 0.182516 -0.555859
v -0.627558 0.228519 -0.542637
v -0.608238 0.229476 -0.629869
v -0.700367 0.182516 -0.555859
v -0.608238 0.229476 -0.629869
v -0.627537 0.176618 -0.630630
v -0.288835 -0.008999 -0.465933
v -0.265084 0.154383 -0.478195
v 0.002375 0.256757 -0.486932
v -0.288835 -0.008999 -0.465933
v 0.002375 0.256757 -0.486932
v -0.016533 0.084728 -0.387170
v -0.449187 0.028930 -0.393511
v -0.467331 0.220180 -0.402331
v -0.265084 0.154383 -0.478195
v -0.449187 0.028930 -0.393511
v -0.265084 0.154383 -0.478195
v -0.288835 -0.008999 -0.465933
v -0.265084 0.154383 -0.478195
v -0.242071 0.621835 -0.499094
v 0.008755 0.628892 -0.270644
v -0.265084 0.154383 -0.478195
v 0.008755 0.628892 -0.270644
v 0.002375 0.256757 -0.486932
v -0.467331 0.220180 -0.402331
v -0.392239 0.485689 -0.462027
v -0.242071 0.621835 -0.499094
v -0.467331 0.220180 -0.402331
v -0.242071 0.621835 -0.499094
v -0.265084 0.154383 -0.478195
v -1.013113 0.090906 -0.538877
v -0.944393 0.277515 -0.554008
v -0.852198 0.283070 -0.352306
v -1.013113 0.090906 -0.538877
v -0.852198 0.283070 -0.352306
v -0.877258 -0.007199 -0.325830
v -0.877258 -0.007199 -0.325830
v -0.852198 0.283070 -0.352306
v -0.815494 0.277398 -0.161957
v -0.908705 0.378461 -0.294793
v -0.852198 0.283070 -0.352306
v -0.944393 0.277515 -0.554008
v -0.908705 0.378461 -0.294793
v -0.944393 0.277515 -0.554008
v -1.066413 0.429742 -0.510217
v -0.852198 0.283070 -0.352306
v -0.908705 0.378461 -0.294793
v -0.885922 0.366232 -0.183362
v -0.852198 0.283070 -0.352306
v -0.885922 0.366232 -0.183362
v -0.815494 0.277398 -0.161957
v -0.965214 0.473853 -0.237272
v -0.908705 0.378461 -0.294793
v -1.066413 0.429742 -0.510217
v -0.965214 0.473853 -0.237272
v -1.066413 0.429742 -0.510217
v -1.085271 0.509363 -0.317972
v -0.965214 0.473853 -0.237272
v -1.085271 0.509363 -0.317972
v -1.059069 0.602983 -0.290400
v -0.965214 0.473853 -0.237272
v -1.059069 0.602983 -0.290400
v -0.975668 0.547539 -0.225477
v -0.975668 0.547539 -0.225477
v -1.059069 0.602983 -0.290400
v -1.025092 0.943794 -0.371629
v -0.965214 0.473853 -0.237272
v -0.975668 0.547539 -0.225477
v -0.909559 0.511347 -0.169482
v -0.965214 0.473853 -0.237272
v -0.909559 0.511347 -0.169482
v -0.898428 0.475837 -0.166434
v -0.886831 0.761369 -0.209701
v -0.909559 0.511347 -0.169482
v -0.975668 0.547539 -0.225477
v -0.908705 0.378461 -0.294793
v -0.965214 0.473853 -0.237272
v -0.898428 0.475837 -0.166434
v -0.908705 0.378461 -0.294793
v -0.898428 0.475837 -0.166434
v -0.885922 0.366232 -0.183362
v -0.430401 0.130053 0.039048
v -0.418758 -0.005746 0.002623
v -0.421679 0.099049 -0.124629
v -0.430401 0.130053 0.039048
v -0.421679 0.099049 -0.124629
v -0.423168 0.218675 -0.145246
v -0.418758 -0.005746 0.002623
v -0.430401 0.130053 0.039048
v -0.595160 0.185520 0.158783
v -0.418052 0.260693 -0.010083
v -0.430401 0.130053 0.039048
v -0.423168 0.218675 -0.145246
v -0.418052 0.260693 -0.010083
v -0.423168 0.218675 -0.145246
v -0.407806 0.262521 -0.046786
v -0.423839 0.425663 0.004325
v -0.418052 0.260693 -0.010083
v -0.407806 0.262521 -0.046786
v -0.423839 0.425663 0.004325
v -0.407806 0.262521 -0.046786
v -0.413593 0.427497 -0.032377
v -0.524773 0.329709 0.093894
v -0.595160 0.185520 0.158783
v -0.430401 0.130053 0.039048
v -0.524773 0.329709 0.093894
v -0.430401 0.130053 0.039048
v -0.418052 0.260693 -0.010083
v -0.418052 0.260693 -0.010083
v -0.423839 0.425663 0.004325
v -0.431945 0.420975 0.033495
v -0.418052 0.260693 -0.010083
v -0.431945 0.420975 0.033495
v -0.524773 0.329709 0.093894
v -0.423839 0.425663 0.004325
v -0.424844 0.682633 0.113904
v -0.431945 0.420975 0.033495
v -0.423839 0.425663 0.004325
v -0.413593 0.427497 -0.032377
v -0.424844 0.682633 0.113904
v -0.540218 0.119168 0.355322
v -0.418758 -0.005746 0.002623
v -0.595160 0.185520 0.158783
v -0.643086 -0.008780 -0.433693
v -0.666416 0.150628 -0.446341
v -0.822964 0.250513 -0.661002
v -0.643086 -0.008780 -0.433693
v -0.822964 0.250513 -0.661002
v -0.730516 0.082667 -0.701199
v -0.494082 0.028226 -0.342518
v -0.491189 0.214825 -0.322699
v -0.666416 0.150628 -0.446341
v -0.494082 0.028226 -0.342518
v -0.666416 0.150628 -0.446341
v -0.643086 -0.008780 -0.433693
v -0.666416 0.150628 -0.446341
v -0.696424 0.606710 -0.453559
v -0.648990 0.613595 -0.787036
v -0.666416 0.150628 -0.446341
v -0.648990 0.613595 -0.787036
v -0.822964 0.250513 -0.661002
v -0.491189 0.214825 -0.322699
v -0.582129 0.473876 -0.350997
v -0.696424 0.606710 -0.453559
v -0.491189 0.214825 -0.322699
v -0.696424 0.606710 -0.453559
v -0.666416 0.150628 -0.446341
v -0.852641 -0.040661 -0.476468
v -0.850848 0.172281 -0.477585
v -0.764718 0.226598 -0.242060
v -0.852641 -0.040661 -0.476468
v -0.764718 0.226598 -0.242060
v -0.796681 0.050858 -0.295060
v -0.893673 -0.003378 -0.648059
v -0.879511 0.198076 -0.668347
v -0.850848 0.172281 -0.477585
v -0.893673 -0.003378 -0.648059
v -0.850848 0.172281 -0.477585
v -0.852641 -0.040661 -0.476468
v -0.850848 0.172281 -0.477585
v -0.806446 0.527907 -0.422702
v -0.877495 0.561054 -0.116741
v -0.879511 0.198076 -0.668347
v -0.846093 0.384374 -0.590828
v -0.806446 0.527907 -0.422702
v -0.879511 0.198076 -0.668347
v -0.806446 0.527907 -0.422702
v -0.850848 0.172281 -0.477585
v -0.831533 0.055392 -0.454897
v -0.462271 0.134501 -0.357342
v -0.620401 -0.002348 -0.398500
v -0.831533 0.055392 -0.454897
v -0.620401 -0.002348 -0.398500
v -0.848930 -0.041122 -0.454553
v -0.848930 -0.041122 -0.454553
v -1.064203 -0.040778 -0.402193
v -0.938993 0.067549 -0.425619
v -0.848930 -0.041122 -0.454553
v -0.938993 0.067549 -0.425619
v -0.831533 0.055392 -0.454897
v -0.832761 0.128793 -0.451649
v -0.629582 0.217919 -0.402801
v -0.462271 0.134501 -0.357342
v -0.832761 0.128793 -0.451649
v -0.462271 0.134501 -0.357342
v -0.831533 0.055392 -0.454897
v -0.832761 0.128793 -0.451649
v -0.756557 0.329570 -0.243695
v -0.629582 0.217919 -0.402801
v -0.831533 0.055392 -0.454897
v -0.938993 0.067549 -0.425619
v -0.936773 0.226038 -0.551709
v -0.831533 0.055392 -0.454897
v -0.936773 0.226038 -0.551709
v -0.832761 0.128793 -0.451649
v -0.938993 0.067549 -0.425619
v -1.215620 0.090237 -0.489287
v -0.936773 0.226038 -0.551709
v -1.064203 -0.040778 -0.402193
v -1.322775 0.040842 -0.504592
v -1.215620 0.090237 -0.489287
v -1.064203 -0.040778 -0.402193
v -1.215620 0.090237 -0.489287
v -0.938993 0.067549 -0.425619
v -0.764718 0.226598 -0.242060
v -0.850848 0.172281 -0.477585
v -0.877495 0.561054 -0.116741
v 0.868097 -0.006574 0.366482
v 0.862467 0.112791 0.340435
v 0.923564 0.187586 0.080733
v 0.868097 -0.006574 0.366482
v 0.923564 0.187586 0.080733
v 1.014673 0.061902 0.124857
v 0.896132 0.021136 0.539644
v 0.882927 0.160863 0.554815
v 0.862467 0.112791 0.340435
v 0.896132 0.021136 0.539644
v 0.862467 0.112791 0.340435
v 0.868097 -0.006574 0.366482
v 0.862467 0.112791 0.340435
v 0.848332 0.454309 0.312854
v 1.133402 0.459465 0.130800
v 0.862467 0.112791 0.340435
v 1.133402 0.459465 0.130800
v 0.923564 0.187586 0.080733
v 0.882927 0.160863 0.554815
v 0.844984 0.354842 0.467025
v 0.848332 0.454309 0.312854
v 0.882927 0.160863 0.554815
v 0.848332 0.454309 0.312854
v 0.862467 0.112791 0.340435
v -0.234419 -0.008175 0.478260
v -0.247848 0.140252 0.455878
v -0.273015 0.233256 0.195775
v -0.234419 -0.008175 0.478260
v -0.273015 0.233256 0.195775
v -0.174616 0.076972 0.207989
v -0.153858 0.026282 0.630020
v -0.161324 0.200027 0.648250
v -0.247848 0.140252 0.455878
v -0.153858 0.026282 0.630020
v -0.247848 0.140252 0.455878
v -0.234419 -0.008175 0.478260
v -0.247848 0.140252 0.455878
v -0.269647 0.564917 0.434752
v -0.062632 0.571328 0.176090
v -0.247848 0.140252 0.455878
v -0.062632 0.571328 0.176090
v -0.273015 0.233256 0.195775
v -0.161324 0.200027 0.648250
v -0.224175 0.441233 0.578788
v -0.269647 0.564917 0.434752
v -0.161324 0.200027 0.648250
v -0.269647 0.564917 0.434752
v -0.247848 0.140252 0.455878
v -0.561791 0.129603 -0.007413
v -0.592574 -0.032165 -0.039882
v -0.623952 0.092897 -0.172532
v -0.561791 0.129603 -0.007413
v -0.623952 0.092897 -0.172532
v -0.615858 0.235432 -0.198318
v -0.592574 -0.032165 -0.039882
v -0.561791 0.129603 -0.007413
v -0.485434 0.196474 0.187935
v -0.592574 -0.032165 -0.039882
v -0.485434 0.196474 0.187935
v -0.445163 0.116768 0.330443
v -0.562999 0.285216 -0.064283
v -0.561791 0.129603 -0.007413
v -0.615858 0.235432 -0.198318
v -0.562999 0.285216 -0.064283
v -0.615858 0.235432 -0.198318
v -0.576201 0.287402 -0.102761
v -0.536538 0.481731 -0.056079
v -0.562999 0.285216 -0.064283
v -0.576201 0.287402 -0.102761
v -0.536538 0.481731 -0.056079
v -0.576201 0.287402 -0.102761
v -0.549732 0.483917 -0.094560
v -0.501119 0.367899 0.084242
v -0.485434 0.196474 0.187935
v -0.561791 0.129603 -0.007413
v -0.501119 0.367899 0.084242
v -0.561791 0.129603 -0.007413
v -0.562999 0.285216 -0.064283
v -0.562999 0.285216 -0.064283
v -0.536538 0.481731 -0.056079
v -0.526458 0.476148 -0.025366
v -0.562999 0.285216 -0.064283
v -0.526458 0.476148 -0.025366
v -0.501119 0.367899 0.084242
v -0.536538 0.481731 -0.056079
v -0.521396 0.574337 -0.044594
v -0.526458 0.476148 -0.025366
v -0.536538 0.481731 -0.056079
v -0.549732 0.483917 -0.094560
v -0.521396 0.574337 -0.044594
v -0.709116 -0.001041 -0.238761
v -0.594667 -0.018644 -0.037722
v -0.574548 0.044855 -0.068976
v -0.709116 -0.001041 -0.238761
v -0.574548 0.044855 -0.068976
v -0.680236 0.047114 -0.275131
v -0.594667 -0.018644 -0.037722
v -0.317282 -0.092533 0.031675
v -0.278006 0.005728 -0.015801
v -0.594667 -0.018644 -0.037722
v -0.278006 0.005728 -0.015801
v -0.315452 0.149861 0.005420
v -0.594667 -0.018644 -0.037722
v -0.315452 0.149861 0.005420
v -0.574548 0.044855 -0.068976
v -0.574548 0.044855 -0.068976
v -0.315452 0.149861 0.005420
v -0.552646 0.114001 -0.103022
v -0.315452 0.149861 0.005420
v -0.406769 0.273672 -0.298504
v -0.552646 0.114001 -0.103022
v -0.552646 0.114001 -0.103022
v -0.674088 0.161688 -0.247269
v -0.680236 0.047114 -0.275131
v -0.552646 0.114001 -0.103022
v -0.680236 0.047114 -0.275131
v -0.574548 0.044855 -0.068976
v -0.373760 0.238699 -0.393890
v -0.674088 0.161688 -0.247269
v -0.552646 0.114001 -0.103022
v 0.271900 0.123443 -0.658387
v 0.244764 -0.030636 -0.626979
v 0.125206 0.088481 -0.585792
v 0.271900 0.123443 -0.658387
v 0.125206 0.088481 -0.585792
v 0.100657 0.224241 -0.590887
v 0.244764 -0.030636 -0.626979
v 0.271900 0.123443 -0.658387
v 0.445190 0.187135 -0.746872
v 0.244764 -0.030636 -0.626979
v 0.445190 0.187135 -0.746872
v 0.573028 0.111218 -0.797176
v 0.219514 0.271659 -0.652032
v 0.271900 0.123443 -0.658387
v 0.100657 0.224241 -0.590887
v 0.219514 0.271659 -0.652032
v 0.100657 0.224241 -0.590887
v 0.185212 0.273741 -0.636299
v 0.224649 0.458832 -0.677213
v 0.219514 0.271659 -0.652032
v 0.185212 0.273741 -0.636299
v 0.224649 0.458832 -0.677213
v 0.185212 0.273741 -0.636299
v 0.190343 0.460914 -0.661489
v 0.350916 0.350411 -0.722839
v 0.445190 0.187135 -0.746872
v 0.271900 0.123443 -0.658387
v 0.350916 0.350411 -0.722839
v 0.271900 0.123443 -0.658387
v 0.219514 0.271659 -0.652032
v 0.219514 0.271659 -0.652032
v 0.224649 0.458832 -0.677213
v 0.252072 0.453515 -0.689349
v 0.219514 0.271659 -0.652032
v 0.252072 0.453515 -0.689349
v 0.350916 0.350411 -0.722839
v 0.224649 0.458832 -0.677213
v 0.233856 0.547036 -0.692250
v 0.252072 0.453515 -0.689349
v 0.224649 0.458832 -0.677213
v 0.190343 0.460914 -0.661489
v 0.233856 0.547036 -0.692250
v 0.071918 -0.000991 -0.501074
v 0.246951 -0.017758 -0.625247
v 0.216247 0.042723 -0.640938
v 0.071918 -0.000991 -0.501074
v 0.216247 0.042723 -0.640938
v 0.035683 0.044874 -0.524382
v 0.246951 -0.017758 -0.625247
v 0.285452 -0.088135 -0.887694
v 0.238008 0.005456 -0.919576
v 0.246951 -0.017758 -0.625247
v 0.238008 0.005456 -0.919576
v 0.261048 0.142737 -0.886965
v 0.246951 -0.017758 -0.625247
v 0.261048 0.142737 -0.886965
v 0.216247 0.042723 -0.640938
v 0.216247 0.042723 -0.640938
v 0.261048 0.142737 -0.886965
v 0.182801 0.108582 -0.658019
v 0.261048 0.142737 -0.886965
v -0.011090 0.260663 -0.774667
v 0.182801 0.108582 -0.658019
v 0.182801 0.108582 -0.658019
v 0.060836 0.154002 -0.532625
v 0.035683 0.044874 -0.524382
v 0.182801 0.108582 -0.658019
v 0.035683 0.044874 -0.524382
v 0.216247 0.042723 -0.640938
v -0.102183 0.227353 -0.796348
v 0.060836 0.154002 -0.532625
v 0.182801 0.108582 -0.658019
v 0.806641 0.082419 -0.292504
v 0.865290 0.251607 -0.327424
v 1.011781 0.256643 -0.169872
v 0.806641 0.082419 -0.292504
v 1.011781 0.256643 -0.169872
v 0.996794 -0.006527 -0.137842
v 0.996794 -0.006527 -0.137842
v 1.011781 0.256643 -0.169872
v 1.103712 0.251501 -0.005826
v 0.977319 0.343129 -0.099661
v 1.011781 0.256643 -0.169872
v 0.865290 0.251607 -0.327424
v 0.977319 0.343129 -0.099661
v 0.865290 0.251607 -0.327424
v 0.766320 0.389622 -0.249837
v 1.011781 0.256643 -0.169872
v 0.977319 0.343129 -0.099661
v 1.032330 0.332042 -0.004023
v 1.011781 0.256643 -0.169872
v 1.032330 0.332042 -0.004023
v 1.103712 0.251501 -0.005826
v 0.942860 0.429615 -0.029441
v 0.977319 0.343129 -0.099661
v 0.766320 0.389622 -0.249837
v 0.942860 0.429615 -0.029441
v 0.766320 0.389622 -0.249837
v 0.807674 0.461810 -0.067075
v 0.942860 0.429615 -0.029441
v 0.807674 0.461810 -0.067075
v 0.840220 0.546690 -0.049691
v 0.942860 0.429615 -0.029441
v 0.840220 0.546690 -0.049691
v 0.936836 0.496422 -0.015389
v 0.936836 0.496422 -0.015389
v 0.840220 0.546690 -0.049691
v 0.846693 0.855684 -0.134857
v 0.942860 0.429615 -0.029441
v 0.936836 0.496422 -0.015389
v 1.014806 0.463609 0.015975
v 0.942860 0.429615 -0.029441
v 1.014806 0.463609 0.015975
v 1.025986 0.431414 0.015382
v 1.023449 0.690289 -0.027996
v 1.014806 0.463609 0.015975
v 0.936836 0.496422 -0.015389
v 0.977319 0.343129 -0.099661
v 0.942860 0.429615 -0.029441
v 1.025986 0.431414 0.015382
v 0.977319 0.343129 -0.099661
v 1.025986 0.431414 0.015382
v 1.032330 0.332042 -0.004023
v 0.498960 -0.008585 0.084722
v 0.499506 0.147283 0.057157
v 0.622968 0.244949 -0.189701
v 0.498960 -0.008585 0.084722
v 0.622968 0.244949 -0.189701
v 0.704158 0.080831 -0.123546
v 0.485870 0.027599 0.265727
v 0.468958 0.210054 0.277849
v 0.499506 0.147283 0.057157
v 0.485870 0.027599 0.265727
v 0.499506 0.147283 0.057157
v 0.498960 -0.008585 0.084722
v 0.499506 0.147283 0.057157
v 0.491857 0.593236 0.026020
v 0.822261 0.599968 -0.089238
v 0.499506 0.147283 0.057157
v 0.822261 0.599968 -0.089238
v 0.622968 0.244949 -0.189701
v 0.468958 0.210054 0.277849
v 0.451706 0.463352 0.180420
v 0.491857 0.593236 0.026020
v 0.468958 0.210054 0.277849
v 0.491857 0.593236 0.026020
v 0.499506 0.147283 0.057157
v 0.020069 0.083212 -0.153958
v -0.040489 0.254025 -0.120211
v -0.184633 0.259110 -0.284420
v 0.020069 0.083212 -0.153958
v -0.184633 0.259110 -0.284420
v -0.168486 -0.006590 -0.316504
v -0.168486 -0.006590 -0.316504
v -0.184633 0.259110 -0.284420
v -0.273197 0.253918 -0.453638
v -0.147606 0.346427 -0.354700
v -0.184633 0.259110 -0.284420
v -0.040489 0.254025 -0.120211
v -0.147606 0.346427 -0.354700
v -0.040489 0.254025 -0.120211
v 0.062244 0.393367 -0.196103
v -0.184633 0.259110 -0.284420
v -0.147606 0.346427 -0.354700
v -0.200675 0.335233 -0.453394
v -0.184633 0.259110 -0.284420
v -0.200675 0.335233 -0.453394
v -0.273197 0.253918 -0.453638
v -0.110580 0.433744 -0.424988
v -0.147606 0.346427 -0.354700
v 0.062244 0.393367 -0.196103
v -0.110580 0.433744 -0.424988
v 0.062244 0.393367 -0.196103
v 0.025572 0.466249 -0.382852
v -0.110580 0.433744 -0.424988
v 0.025572 0.466249 -0.382852
v -0.006965 0.551945 -0.401446
v -0.110580 0.433744 -0.424988
v -0.006965 0.551945 -0.401446
v -0.104057 0.501194 -0.439079
v -0.104057 0.501194 -0.439079
v -0.006965 0.551945 -0.401446
v -0.016012 0.863909 -0.315171
v -0.110580 0.433744 -0.424988
v -0.104057 0.501194 -0.439079
v -0.182303 0.468066 -0.473188
v -0.110580 0.433744 -0.424988
v -0.182303 0.468066 -0.473188
v -0.193670 0.435561 -0.472910
v -0.192355 0.696924 -0.428797
v -0.182303 0.468066 -0.473188
v -0.104057 0.501194 -0.439079
v -0.147606 0.346427 -0.354700
v -0.110580 0.433744 -0.424988
v -0.193670 0.435561 -0.472910
v -0.147606 0.346427 -0.354700
v -0.193670 0.435561 -0.472910
v -0.200675 0.335233 -0.453394
v 0.411385 0.140655 0.626241
v 0.413492 -0.034908 0.585202
v 0.481868 0.100818 0.480329
v 0.411385 0.140655 0.626241
v 0.481868 0.100818 0.480329
v 0.504148 0.255508 0.469385
v 0.413492 -0.034908 0.585202
v 0.411385 0.140655 0.626241
v 0.329782 0.213228 0.800739
v 0.413492 -0.034908 0.585202
v 0.329782 0.213228 0.800739
v 0.260479 0.126725 0.917770
v 0.448454 0.309537 0.589425
v 0.411385 0.140655 0.626241
v 0.504148 0.255508 0.469385
v 0.448454 0.309537 0.589425
v 0.504148 0.255508 0.469385
v 0.465690 0.311910 0.556277
v 0.459751 0.522809 0.612223
v 0.448454 0.309537 0.589425
v 0.465690 0.311910 0.556277
v 0.459751 0.522809 0.612223
v 0.465690 0.311910 0.556277
v 0.476996 0.525182 0.579079
v 0.388831 0.399271 0.724642
v 0.329782 0.213228 0.800739
v 0.411385 0.140655 0.626241
v 0.388831 0.399271 0.724642
v 0.411385 0.140655 0.626241
v 0.448454 0.309537 0.589425
v 0.448454 0.309537 0.589425
v 0.459751 0.522809 0.612223
v 0.445702 0.516751 0.638378
v 0.448454 0.309537 0.589425
v 0.445702 0.516751 0.638378
v 0.388831 0.399271 0.724642
v 0.459751 0.522809 0.612223
v 0.461700 0.623312 0.629570
v 0.445702 0.516751 0.638378
v 0.459751 0.522809 0.612223
v 0.476996 0.525182 0.579079
v 0.461700 0.623312 0.629570
v 0.471998 -0.001129 0.381736
v 0.410730 -0.020234 0.585178
v 0.444262 0.048680 0.578770
v 0.471998 -0.001129 0.381736
v 0.444262 0.048680 0.578770
v 0.514482 0.051131 0.377917
v 0.410730 -0.020234 0.585178
v 0.540213 -0.100424 0.813652
v 0.596668 0.006216 0.809718
v 0.410730 -0.020234 0.585178
v 0.596668 0.006216 0.809718
v 0.558839 0.162640 0.798245
v 0.410730 -0.020234 0.585178
v 0.558839 0.162640 0.798245
v 0.444262 0.048680 0.578770
v 0.444262 0.048680 0.578770
v 0.558839 0.162640 0.798245
v 0.480780 0.123722 0.571782
v 0.558839 0.162640 0.798245
v 0.703199 0.297008 0.545041
v 0.480780 0.123722 0.571782
v 0.480780 0.123722 0.571782
v 0.499840 0.175475 0.399650
v 0.514482 0.051131 0.377917
v 0.480780 0.123722 0.571782
v 0.514482 0.051131 0.377917
v 0.444262 0.048680 0.578770
v 0.787558 0.259054 0.506598
v 0.499840 0.175475 0.399650
v 0.480780 0.123722 0.571782
v 0.358875 -0.026243 0.382471
v 0.356673 0.111192 0.382671
v 0.387242 0.146248 0.121876
v 0.358875 -0.026243 0.382471
v 0.387242 0.146248 0.121876
v 0.392123 0.032824 0.186497
v 0.316302 -0.002180 0.562229
v 0.293494 0.127840 0.574516
v 0.356673 0.111192 0.382671
v 0.316302 -0.002180 0.562229
v 0.356673 0.111192 0.382671
v 0.358875 -0.026243 0.382471
v 0.356673 0.111192 0.382671
v 0.341050 0.340715 0.310423
v 0.551773 0.362109 0.057917
v 0.293494 0.127840 0.574516
v 0.298817 0.248078 0.486289
v 0.341050 0.340715 0.310423
v 0.293494 0.127840 0.574516
v 0.341050 0.340715 0.310423
v 0.356673 0.111192 0.382671
v 0.349317 0.035750 0.352351
v 0.050138 0.086808 0.086995
v 0.178548 -0.001516 0.200052
v 0.349317 0.035750 0.352351
v 0.178548 -0.001516 0.200052
v 0.365742 -0.026540 0.360235
v 0.365742 -0.026540 0.360235
v 0.591677 -0.026319 0.412822
v 0.463580 0.043596 0.375665
v 0.365742 -0.026540 0.360235
v 0.463580 0.043596 0.375665
v 0.349317 0.035750 0.352351
v 0.351997 0.083124 0.349894
v 0.185102 0.140646 0.208402
v 0.050138 0.086808 0.086995
v 0.351997 0.083124 0.349894
v 0.050138 0.086808 0.086995
v 0.349317 0.035750 0.352351
v 0.351997 0.083124 0.349894
v 0.378842 0.212707 0.119555
v 0.185102 0.140646 0.208402
v 0.349317 0.035750 0.352351
v 0.463580 0.043596 0.375665
v 0.402035 0.145887 0.492489
v 0.349317 0.035750 0.352351
v 0.402035 0.145887 0.492489
v 0.351997 0.083124 0.349894
v 0.463580 0.043596 0.375665
v 0.692146 0.058239 0.565653
v 0.402035 0.145887 0.492489
v 0.591677 -0.026319 0.412822
v 0.785097 0.026360 0.630500
v 0.692146 0.058239 0.565653
v 0.591677 -0.026319 0.412822
v 0.692146 0.058239 0.565653
v 0.463580 0.043596 0.375665
v 0.387242 0.146248 0.121876
v 0.356673 0.111192 0.382671
v 0.551773 0.362109 0.057917
v -0.713357 -0.040690 -0.075965
v -0.711257 0.172405 -0.076252
v -0.729197 0.226761 0.174741
v -0.713357 -0.040690 -0.075965
v -0.729197 0.226761 0.174741
v -0.736676 0.050895 0.113090
v -0.680407 -0.003380 -0.249901
v -0.659106 0.198219 -0.262654
v -0.711257 0.172405 -0.076252
v -0.680407 -0.003380 -0.249901
v -0.711257 0.172405 -0.076252
v -0.713357 -0.040690 -0.075965
v -0.711257 0.172405 -0.076252
v -0.693164 0.528288 -0.007766
v -0.883929 0.561458 0.243116
v -0.659106 0.198219 -0.262654
v -0.660370 0.384651 -0.177961
v -0.693164 0.528288 -0.007766
v -0.659106 0.198219 -0.262654
v -0.693164 0.528288 -0.007766
v -0.711257 0.172405 -0.076252
v -0.702899 0.055432 -0.047546
v -0.404964 0.134598 0.193495
v -0.532804 -0.002350 0.090839
v -0.702899 0.055432 -0.047546
v -0.532804 -0.002350 0.090839
v -0.718965 -0.041151 -0.054379
v -0.718965 -0.041151 -0.054379
v -0.937543 -0.040808 -0.094911
v -0.813299 0.067597 -0.064903
v -0.718965 -0.041151 -0.054379
v -0.813299 0.067597 -0.064903
v -0.702899 0.055432 -0.047546
v -0.705358 0.128886 -0.045077
v -0.539441 0.218076 0.083130
v -0.404964 0.134598 0.193495
v -0.705358 0.128886 -0.045077
v -0.404964 0.134598 0.193495
v -0.702899 0.055432 -0.047546
v -0.705358 0.128886 -0.045077
v -0.721054 0.329807 0.176598
v -0.539441 0.218076 0.083130
v -0.702899 0.055432 -0.047546
v -0.813299 0.067597 -0.064903
v -0.759453 0.226201 -0.179414
v -0.702899 0.055432 -0.047546
v -0.759453 0.226201 -0.179414
v -0.705358 0.128886 -0.045077
v -0.813299 0.067597 -0.064903
v -1.040361 0.090301 -0.236857
v -0.759453 0.226201 -0.179414
v -0.937543 -0.040808 -0.094911
v -1.132162 0.040871 -0.294901
v -1.040361 0.090301 -0.236857
v -0.937543 -0.040808 -0.094911
v -1.040361 0.090301 -0.236857
v -0.813299 0.067597 -0.064903
v -0.729197 0.226761 0.174741
v -0.711257 0.172405 -0.076252
v -0.883929 0.561458 0.243116
v 0.463688 0.051038 -0.222714
v 0.425077 0.155808 -0.168724
v 0.233116 0.158927 -0.251885
v 0.463688 0.051038 -0.222714
v 0.233116 0.158927 -0.251885
v 0.233965 -0.004042 -0.286263
v 0.233965 -0.004042 -0.286263
v 0.233116 0.158927 -0.251885
v 0.087216 0.155742 -0.362123
v 0.236411 0.212483 -0.327869
v 0.233116 0.158927 -0.251885
v 0.425077 0.155808 -0.168724
v 0.236411 0.212483 -0.327869
v 0.425077 0.155808 -0.168724
v 0.482951 0.241274 -0.276451
v 0.233116 0.158927 -0.251885
v 0.236411 0.212483 -0.327869
v 0.150091 0.205617 -0.391585
v 0.233116 0.158927 -0.251885
v 0.150091 0.205617 -0.391585
v 0.087216 0.155742 -0.362123
v 0.239700 0.266039 -0.403861
v 0.236411 0.212483 -0.327869
v 0.482951 0.241274 -0.276451
v 0.239700 0.266039 -0.403861
v 0.482951 0.241274 -0.276451
v 0.374795 0.285976 -0.423097
v 0.239700 0.266039 -0.403861
v 0.374795 0.285976 -0.423097
v 0.339023 0.338539 -0.425880
v 0.239700 0.266039 -0.403861
v 0.339023 0.338539 -0.425880
v 0.239582 0.307410 -0.418728
v 0.239582 0.307410 -0.418728
v 0.339023 0.338539 -0.425880
v 0.366493 0.529883 -0.347497
v 0.239700 0.266039 -0.403861
v 0.239582 0.307410 -0.418728
v 0.157895 0.287091 -0.416236
v 0.239700 0.266039 -0.403861
v 0.157895 0.287091 -0.416236
v 0.148169 0.267154 -0.411345
v 0.167357 0.427462 -0.373698
v 0.157895 0.287091 -0.416236
v 0.239582 0.307410 -0.418728
v 0.236411 0.212483 -0.327869
v 0.239700 0.266039 -0.403861
v 0.148169 0.267154 -0.411345
v 0.236411 0.212483 -0.327869
v 0.148169 0.267154 -0.411345
v 0.150091 0.205617 -0.391585
vt 0.097916 0.012862
vt 0.102895 0.076629
vt 0.051291 0.075740
vt 0.097916 0.012862
vt 0.051291 0.075740
vt 0.033906 0.022616
vt 0.175947 0.091503
vt 0.102895 0.076629
vt 0.097916 0.012862
vt 0.175947 0.091503
vt 0.141199 0.130519
vt 0.100354 0.130519
vt 0.175947 0.091503
vt 0.100354 0.130519
vt 0.102895 0.076629
vt 0.141199 0.130519
vt 0.145466 0.224400
vt 0.100964 0.214036
vt 0.141199 0.130519
vt 0.100964 0.214036
vt 0.100354 0.130519
vt 0.102895 0.076629
vt 0.100354 0.130519
vt 0.070483 0.140882
vt 0.102895 0.076629
vt 0.070483 0.140882
vt 0.051291 0.075740
vt 0.070483 0.140882
vt 0.100354 0.130519
vt 0.100964 0.214036
vt 0.070483 0.140882
vt 0.100964 0.214036
vt 0.084504 0.200625
vt 0.100964 0.214036
vt 0.097306 0.274998
vt 0.080237 0.265244
vt 0.100964 0.214036
vt 0.080237 0.265244
vt 0.084504 0.200625
vt 0.097306 0.274998
vt 0.107060 0.320110
vt 0.080237 0.265244
vt 0.097306 0.274998
vt 0.100964 0.214036
vt 0.145466 0.224400
vt 0.097916 0.012862
vt 0.102895 0.076629
vt 0.051291 0.075740
vt 0.097916 0.012862
vt 0.051291 0.075740
vt 0.033906 0.022616
vt 0.175947 0.091503
vt 0.102895 0.076629
vt 0.097916 0.012862
vt 0.175947 0.091503
vt 0.141199 0.130519
vt 0.100354 0.130519
vt 0.175947 0.091503
vt 0.100354 0.130519
vt 0.102895 0.076629
vt 0.141199 0.130519
vt 0.145466 0.224400
vt 0.100964 0.214036
vt 0.141199 0.130519
vt 0.100964 0.214036
vt 0.100354 0.130519
vt 0.102895 0.076629
vt 0.100354 0.130519
vt 0.070483 0.140882
vt 0.102895 0.076629
vt 0.070483 0.140882
vt 0.051291 0.075740
vt 0.070483 0.140882
vt 0.100354 0.130519
vt 0.100964 0.214036
vt 0.070483 0.140882
vt 0.100964 0.214036
vt 0.084504 0.200625
vt 0.100964 0.214036
vt 0.097306 0.274998
vt 0.080237 0.265244
vt 0.100964 0.214036
vt 0.080237 0.265244
vt 0.084504 0.200625
vt 0.097306 0.274998
vt 0.107060 0.320110
vt 0.080237 0.265244
vt 0.097306 0.274998
vt 0.100964 0.214036
vt 0.145466 0.224400
vt 0.866447 0.071682
vt 0.856286 0.131120
vt 0.757731 0.114356
vt 0.866447 0.071682
vt 0.757731 0.114356
vt 0.777036 0.005640
vt 0.777036 0.005640
vt 0.757731 0.114356
vt 0.687625 0.098607
vt 0.745285 0.159315
vt 0.757731 0.114356
vt 0.856286 0.131120
vt 0.745285 0.159315
vt 0.856286 0.131120
vt 0.850952 0.214181
vt 0.757731 0.114356
vt 0.745285 0.159315
vt 0.703627 0.145344
vt 0.757731 0.114356
vt 0.703627 0.145344
vt 0.687625 0.098607
vt 0.732838 0.204274
vt 0.745285 0.159315
vt 0.850952 0.214181
vt 0.732838 0.204274
vt 0.850952 0.214181
vt 0.779068 0.234247
vt 0.732838 0.204274
vt 0.779068 0.234247
vt 0.766367 0.257108
vt 0.732838 0.204274
vt 0.766367 0.257108
vt 0.729790 0.232215
vt 0.729790 0.232215
vt 0.766367 0.257108
vt 0.773988 0.353123
vt 0.732838 0.204274
vt 0.729790 0.232215
vt 0.699309 0.215451
vt 0.732838 0.204274
vt 0.699309 0.215451
vt 0.697785 0.196146
vt 0.702357 0.312482
vt 0.699309 0.215451
vt 0.729790 0.232215
vt 0.745285 0.159315
vt 0.732838 0.204274
vt 0.697785 0.196146
vt 0.745285 0.159315
vt 0.697785 0.196146
vt 0.703627 0.145344
vt 0.655524 0.448157
vt 0.648818 0.507900
vt 0.547052 0.543086
vt 0.655524 0.448157
vt 0.547052 0.543086
vt 0.564121 0.481515
vt 0.713089 0.458850
vt 0.721014 0.528346
vt 0.648818 0.507900
vt 0.713089 0.458850
vt 0.648818 0.507900
vt 0.655524 0.448157
vt 0.648818 0.507900
vt 0.640893 0.645064
vt 0.531182 0.642540
vt 0.721014 0.528346
vt 0.696194 0.593716
vt 0.640893 0.645064
vt 0.721014 0.528346
vt 0.640893 0.645064
vt 0.648818 0.507900
vt 0.796720 0.796336
vt 0.674796 0.834861
vt 0.723693 0.783001
vt 0.796720 0.796336
vt 0.723693 0.783001
vt 0.799472 0.762680
vt 0.799472 0.762680
vt 0.871653 0.756753
vt 0.833340 0.797183
vt 0.799472 0.762680
vt 0.833340 0.797183
vt 0.796720 0.796336
vt 0.799472 0.821525
vt 0.733853 0.858356
vt 0.674796 0.834861
vt 0.799472 0.821525
vt 0.674796 0.834861
vt 0.796720 0.796336
vt 0.799472 0.821525
vt 0.797355 0.897093
vt 0.733853 0.858356
vt 0.796720 0.796336
vt 0.833340 0.797183
vt 0.827371 0.865384
vt 0.796720 0.796336
vt 0.827371 0.865384
vt 0.799472 0.821525
vt 0.833340 0.797183
vt 0.923301 0.796336
vt 0.827371 0.865384
vt 0.871653 0.756753
vt 0.956957 0.776651
vt 0.923301 0.796336
vt 0.871653 0.756753
vt 0.923301 0.796336
vt 0.833340 0.797183
vt 0.547052 0.543086
vt 0.648818 0.507900
vt 0.531182 0.642540
vt 0.877488 0.512704
vt 0.890227 0.449986
vt 0.932552 0.498475
vt 0.877488 0.512704
vt 0.932552 0.498475
vt 0.939316 0.553737
vt 0.890227 0.449986
vt 0.877488 0.512704
vt 0.812050 0.538632
vt 0.894371 0.573039
vt 0.877488 0.512704
vt 0.939316 0.553737
vt 0.894371 0.573039
vt 0.939316 0.553737
vt 0.907071 0.573886
vt 0.889226 0.649231
vt 0.894371 0.573039
vt 0.907071 0.573886
vt 0.889226 0.649231
vt 0.907071 0.573886
vt 0.901926 0.650078
vt 0.844224 0.605098
vt 0.812050 0.538632
vt 0.877488 0.512704
vt 0.844224 0.605098
vt 0.877488 0.512704
vt 0.894371 0.573039
vt 0.894371 0.573039
vt 0.889226 0.649231
vt 0.879134 0.647068
vt 0.894371 0.573039
vt 0.879134 0.647068
vt 0.844224 0.605098
vt 0.889226 0.649231
vt 0.884281 0.685135
vt 0.879134 0.647068
vt 0.889226 0.649231
vt 0.901926 0.650078
vt 0.884281 0.685135
vt 0.765905 0.507728
vt 0.890227 0.449986
vt 0.812050 0.538632
vt 0.655524 0.448157
vt 0.648818 0.507900
vt 0.547052 0.543086
vt 0.655524 0.448157
vt 0.547052 0.543086
vt 0.564121 0.481515
vt 0.713089 0.458850
vt 0.721014 0.528346
vt 0.648818 0.507900
vt 0.713089 0.458850
vt 0.648818 0.507900
vt 0.655524 0.448157
vt 0.648818 0.507900
vt 0.640893 0.645064
vt 0.531182 0.642540
vt 0.648818 0.507900
vt 0.531182 0.642540
vt 0.547052 0.543086
vt 0.721014 0.528346
vt 0.696194 0.593716
vt 0.640893 0.645064
vt 0.721014 0.528346
vt 0.640893 0.645064
vt 0.648818 0.507900
vt 0.877488 0.512704
vt 0.890227 0.449986
vt 0.932552 0.498475
vt 0.877488 0.512704
vt 0.932552 0.498475
vt 0.939316 0.553737
vt 0.890227 0.449986
vt 0.877488 0.512704
vt 0.812050 0.538632
vt 0.890227 0.449986
vt 0.812050 0.538632
vt 0.765905 0.507728
vt 0.894371 0.573039
vt 0.877488 0.512704
vt 0.939316 0.553737
vt 0.894371 0.573039
vt 0.939316 0.553737
vt 0.907071 0.573886
vt 0.889226 0.649231
vt 0.894371 0.573039
vt 0.907071 0.573886
vt 0.889226 0.649231
vt 0.907071 0.573886
vt 0.901926 0.650078
vt 0.844224 0.605098
vt 0.812050 0.538632
vt 0.877488 0.512704
vt 0.844224 0.605098
vt 0.877488 0.512704
vt 0.894371 0.573039
vt 0.894371 0.573039
vt 0.889226 0.649231
vt 0.879134 0.647068
vt 0.894371 0.573039
vt 0.879134 0.647068
vt 0.844224 0.605098
vt 0.889226 0.649231
vt 0.884281 0.685135
vt 0.879134 0.647068
vt 0.889226 0.649231
vt 0.901926 0.650078
vt 0.884281 0.685135
vt 0.283120 0.464733
vt 0.363516 0.459740
vt 0.353991 0.488316
vt 0.283120 0.464733
vt 0.353991 0.488316
vt 0.276770 0.490134
vt 0.363516 0.459740
vt 0.465957 0.478053
vt 0.453689 0.523665
vt 0.363516 0.459740
vt 0.453689 0.523665
vt 0.416858 0.564307
vt 0.363516 0.459740
vt 0.416858 0.564307
vt 0.353991 0.488316
vt 0.353991 0.488316
vt 0.416858 0.564307
vt 0.343619 0.519432
vt 0.416858 0.564307
vt 0.335999 0.605371
vt 0.343619 0.519432
vt 0.343619 0.519432
vt 0.283927 0.527899
vt 0.276770 0.490134
vt 0.343619 0.519432
vt 0.276770 0.490134
vt 0.353991 0.488316
vt 0.294088 0.608758
vt 0.283927 0.527899
vt 0.343619 0.519432
vt 0.655524 0.448157
vt 0.648818 0.507900
vt 0.547052 0.543086
vt 0.655524 0.448157
vt 0.547052 0.543086
vt 0.564121 0.481515
vt 0.713089 0.458850
vt 0.721014 0.528346
vt 0.648818 0.507900
vt 0.713089 0.458850
vt 0.648818 0.507900
vt 0.655524 0.448157
vt 0.648818 0.507900
vt 0.640893 0.645064
vt 0.531182 0.642540
vt 0.721014 0.528346
vt 0.696194 0.593716
vt 0.640893 0.645064
vt 0.721014 0.528346
vt 0.640893 0.645064
vt 0.648818 0.507900
vt 0.796720 0.796336
vt 0.674796 0.834861
vt 0.723693 0.783001
vt 0.796720 0.796336
vt 0.723693 0.783001
vt 0.799472 0.762680
vt 0.799472 0.762680
vt 0.871653 0.756753
vt 0.833340 0.797183
vt 0.799472 0.762680
vt 0.833340 0.797183
vt 0.796720 0.796336
vt 0.799472 0.821525
vt 0.733853 0.858356
vt 0.674796 0.834861
vt 0.799472 0.821525
vt 0.674796 0.834861
vt 0.796720 0.796336
vt 0.799472 0.821525
vt 0.797355 0.897093
vt 0.733853 0.858356
vt 0.796720 0.796336
vt 0.833340 0.797183
vt 0.827371 0.865384
vt 0.796720 0.796336
vt 0.827371 0.865384
vt 0.799472 0.821525
vt 0.833340 0.797183
vt 0.923301 0.796336
vt 0.827371 0.865384
vt 0.871653 0.756753
vt 0.956957 0.776651
vt 0.923301 0.796336
vt 0.871653 0.756753
vt 0.923301 0.796336
vt 0.833340 0.797183
vt 0.547052 0.543086
vt 0.648818 0.507900
vt 0.531182 0.642540
vt 0.877488 0.512704
vt 0.890227 0.449986
vt 0.932552 0.498475
vt 0.877488 0.512704
vt 0.932552 0.498475
vt 0.939316 0.553737
vt 0.890227 0.449986
vt 0.877488 0.512704
vt 0.812050 0.538632
vt 0.894371 0.573039
vt 0.877488 0.512704
vt 0.939316 0.553737
vt 0.894371 0.573039
vt 0.939316 0.553737
vt 0.907071 0.573886
vt 0.889226 0.649231
vt 0.894371 0.573039
vt 0.907071 0.573886
vt 0.889226 0.649231
vt 0.907071 0.573886
vt 0.901926 0.650078
vt 0.844224 0.605098
vt 0.812050 0.538632
vt 0.877488 0.512704
vt 0.844224 0.605098
vt 0.877488 0.512704
vt 0.894371 0.573039
vt 0.894371 0.573039
vt 0.889226 0.649231
vt 0.879134 0.647068
vt 0.894371 0.573039
vt 0.879134 0.647068
vt 0.844224 0.605098
vt 0.889226 0.649231
vt 0.884281 0.685135
vt 0.879134 0.647068
vt 0.889226 0.649231
vt 0.901926 0.650078
vt 0.884281 0.685135
vt 0.765905 0.507728
vt 0.890227 0.449986
vt 0.812050 0.538632
vt 0.655524 0.448157
vt 0.648818 0.507900
vt 0.547052 0.543086
vt 0.655524 0.448157
vt 0.547052 0.543086
vt 0.564121 0.481515
vt 0.713089 0.458850
vt 0.721014 0.528346
vt 0.648818 0.507900
vt 0.713089 0.458850
vt 0.648818 0.507900
vt 0.655524 0.448157
vt 0.648818 0.507900
vt 0.640893 0.645064
vt 0.531182 0.642540
vt 0.721014 0.528346
vt 0.696194 0.593716
vt 0.640893 0.645064
vt 0.721014 0.528346
vt 0.640893 0.645064
vt 0.648818 0.507900
vt 0.796720 0.796336
vt 0.674796 0.834861
vt 0.723693 0.783001
vt 0.796720 0.796336
vt 0.723693 0.783001
vt 0.799472 0.762680
vt 0.799472 0.762680
vt 0.871653 0.756753
vt 0.833340 0.797183
vt 0.799472 0.762680
vt 0.833340 0.797183
vt 0.796720 0.796336
vt 0.799472 0.821525
vt 0.733853 0.858356
vt 0.674796 0.834861
vt 0.799472 0.821525
vt 0.674796 0.834861
vt 0.796720 0.796336
vt 0.799472 0.821525
vt 0.797355 0.897093
vt 0.733853 0.858356
vt 0.796720 0.796336
vt 0.833340 0.797183
vt 0.827371 0.865384
vt 0.796720 0.796336
vt 0.827371 0.865384
vt 0.799472 0.821525
vt 0.833340 0.797183
vt 0.923301 0.796336
vt 0.827371 0.865384
vt 0.871653 0.756753
vt 0.956957 0.776651
vt 0.923301 0.796336
vt 0.871653 0.756753
vt 0.923301 0.796336
vt 0.833340 0.797183
vt 0.547052 0.543086
vt 0.648818 0.507900
vt 0.531182 0.642540
vt 0.655524 0.448157
vt 0.648818 0.507900
vt 0.547052 0.543086
vt 0.655524 0.448157
vt 0.547052 0.543086
vt 0.564121 0.481515
vt 0.713089 0.458850
vt 0.721014 0.528346
vt 0.648818 0.507900
vt 0.713089 0.458850
vt 0.648818 0.507900
vt 0.655524 0.448157
vt 0.648818 0.507900
vt 0.640893 0.645064
vt 0.531182 0.642540
vt 0.721014 0.528346
vt 0.696194 0.593716
vt 0.640893 0.645064
vt 0.721014 0.528346
vt 0.640893 0.645064
vt 0.648818 0.507900
vt 0.796720 0.796336
vt 0.674796 0.834861
vt 0.723693 0.783001
vt 0.796720 0.796336
vt 0.723693 0.783001
vt 0.799472 0.762680
vt 0.799472 0.762680
vt 0.871653 0.756753
vt 0.833340 0.797183
vt 0.799472 0.762680
vt 0.833340 0.797183
vt 0.796720 0.796336
vt 0.799472 0.821525
vt 0.733853 0.858356
vt 0.674796 0.834861
vt 0.799472 0.821525
vt 0.674796 0.834861
vt 0.796720 0.796336
vt 0.799472 0.821525
vt 0.797355 0.897093
vt 0.733853 0.858356
vt 0.796720 0.796336
vt 0.833340 0.797183
vt 0.827371 0.865384
vt 0.796720 0.796336
vt 0.827371 0.865384
vt 0.799472 0.821525
vt 0.833340 0.797183
vt 0.923301 0.796336
vt 0.827371 0.865384
vt 0.871653 0.756753
vt 0.956957 0.776651
vt 0.923301 0.796336
vt 0.871653 0.756753
vt 0.923301 0.796336
vt 0.833340 0.797183
vt 0.547052 0.543086
vt 0.648818 0.507900
vt 0.531182 0.642540
vt 0.655524 0.448157
vt 0.648818 0.507900
vt 0.547052 0.543086
vt 0.655524 0.448157
vt 0.547052 0.543086
vt 0.564121 0.481515
vt 0.713089 0.458850
vt 0.721014 0.528346
vt 0.648818 0.507900
vt 0.713089 0.458850
vt 0.648818 0.507900
vt 0.655524 0.448157
vt 0.648818 0.507900
vt 0.640893 0.645064
vt 0.531182 0.642540
vt 0.721014 0.528346
vt 0.696194 0.593716
vt 0.640893 0.645064
vt 0.721014 0.528346
vt 0.640893 0.645064
vt 0.648818 0.507900
vt 0.796720 0.796336
vt 0.674796 0.834861
vt 0.723693 0.783001
vt 0.796720 0.796336
vt 0.723693 0.783001
vt 0.799472 0.762680
vt 0.799472 0.762680
vt 0.871653 0.756753
vt 0.833340 0.797183
vt 0.799472 0.762680
vt 0.833340 0.797183
vt 0.796720 0.796336
vt 0.799472 0.821525
vt 0.733853 0.858356
vt 0.674796 0.834861
vt 0.799472 0.821525
vt 0.674796 0.834861
vt 0.796720 0.796336
vt 0.799472 0.821525
vt 0.797355 0.897093
vt 0.733853 0.858356
vt 0.796720 0.796336
vt 0.833340 0.797183
vt 0.827371 0.865384
vt 0.796720 0.796336
vt 0.827371 0.865384
vt 0.799472 0.821525
vt 0.833340 0.797183
vt 0.923301 0.796336
vt 0.827371 0.865384
vt 0.871653 0.756753
vt 0.956957 0.776651
vt 0.923301 0.796336
vt 0.871653 0.756753
vt 0.923301 0.796336
vt 0.833340 0.797183
vt 0.547052 0.543086
vt 0.648818 0.507900
vt 0.531182 0.642540
vt 0.655524 0.448157
vt 0.648818 0.507900
vt 0.547052 0.543086
vt 0.655524 0.448157
vt 0.547052 0.543086
vt 0.564121 0.481515
vt 0.713089 0.458850
vt 0.721014 0.528346
vt 0.648818 0.507900
vt 0.713089 0.458850
vt 0.648818 0.507900
vt 0.655524 0.448157
vt 0.648818 0.507900
vt 0.640893 0.645064
vt 0.531182 0.642540
vt 0.648818 0.507900
vt 0.531182 0.642540
vt 0.547052 0.543086
vt 0.721014 0.528346
vt 0.696194 0.593716
vt 0.640893 0.645064
vt 0.721014 0.528346
vt 0.640893 0.645064
vt 0.648818 0.507900
vt 0.655524 0.448157
vt 0.648818 0.507900
vt 0.547052 0.543086
vt 0.655524 0.448157
vt 0.547052 0.543086
vt 0.564121 0.481515
vt 0.713089 0.458850
vt 0.721014 0.528346
vt 0.648818 0.507900
vt 0.713089 0.458850
vt 0.648818 0.507900
vt 0.655524 0.448157
vt 0.648818 0.507900
vt 0.640893 0.645064
vt 0.531182 0.642540
vt 0.721014 0.528346
vt 0.696194 0.593716
vt 0.640893 0.645064
vt 0.721014 0.528346
vt 0.640893 0.645064
vt 0.648818 0.507900
vt 0.796720 0.796336
vt 0.674796 0.834861
vt 0.723693 0.783001
vt 0.796720 0.796336
vt 0.723693 0.783001
vt 0.799472 0.762680
vt 0.799472 0.762680
vt 0.871653 0.756753
vt 0.833340 0.797183
vt 0.799472 0.762680
vt 0.833340 0.797183
vt 0.796720 0.796336
vt 0.799472 0.821525
vt 0.733853 0.858356
vt 0.674796 0.834861
vt 0.799472 0.821525
vt 0.674796 0.834861
vt 0.796720 0.796336
vt 0.799472 0.821525
vt 0.797355 0.897093
vt 0.733853 0.858356
vt 0.796720 0.796336
vt 0.833340 0.797183
vt 0.827371 0.865384
vt 0.796720 0.796336
vt 0.827371 0.865384
vt 0.799472 0.821525
vt 0.833340 0.797183
vt 0.923301 0.796336
vt 0.827371 0.865384
vt 0.871653 0.756753
vt 0.956957 0.776651
vt 0.923301 0.796336
vt 0.871653 0.756753
vt 0.923301 0.796336
vt 0.833340 0.797183
vt 0.547052 0.543086
vt 0.648818 0.507900
vt 0.531182 0.642540
vt 0.655524 0.448157
vt 0.648818 0.507900
vt 0.547052 0.543086
vt 0.655524 0.448157
vt 0.547052 0.543086
vt 0.564121 0.481515
vt 0.713089 0.458850
vt 0.721014 0.528346
vt 0.648818 0.507900
vt 0.713089 0.458850
vt 0.648818 0.507900
vt 0.655524 0.448157
vt 0.648818 0.507900
vt 0.640893 0.645064
vt 0.531182 0.642540
vt 0.721014 0.528346
vt 0.696194 0.593716
vt 0.640893 0.645064
vt 0.721014 0.528346
vt 0.640893 0.645064
vt 0.648818 0.507900
vt 0.796720 0.796336
vt 0.674796 0.834861
vt 0.723693 0.783001
vt 0.796720 0.796336
vt 0.723693 0.783001
vt 0.799472 0.762680
vt 0.799472 0.762680
vt 0.871653 0.756753
vt 0.833340 0.797183
vt 0.799472 0.762680
vt 0.833340 0.797183
vt 0.796720 0.796336
vt 0.799472 0.821525
vt 0.733853 0.858356
vt 0.674796 0.834861
vt 0.799472 0.821525
vt 0.674796 0.834861
vt 0.796720 0.796336
vt 0.799472 0.821525
vt 0.797355 0.897093
vt 0.733853 0.858356
vt 0.796720 0.796336
vt 0.833340 0.797183
vt 0.827371 0.865384
vt 0.796720 0.796336
vt 0.827371 0.865384
vt 0.799472 0.821525
vt 0.833340 0.797183
vt 0.923301 0.796336
vt 0.827371 0.865384
vt 0.871653 0.756753
vt 0.956957 0.776651
vt 0.923301 0.796336
vt 0.871653 0.756753
vt 0.923301 0.796336
vt 0.833340 0.797183
vt 0.547052 0.543086
vt 0.648818 0.507900
vt 0.531182 0.642540
vt 0.655524 0.448157
vt 0.648818 0.507900
vt 0.547052 0.543086
vt 0.655524 0.448157
vt 0.547052 0.543086
vt 0.564121 0.481515
vt 0.713089 0.458850
vt 0.721014 0.528346
vt 0.648818 0.507900
vt 0.713089 0.458850
vt 0.648818 0.507900
vt 0.655524 0.448157
vt 0.648818 0.507900
vt 0.640893 0.645064
vt 0.531182 0.642540
vt 0.721014 0.528346
vt 0.696194 0.593716
vt 0.640893 0.645064
vt 0.721014 0.528346
vt 0.640893 0.645064
vt 0.648818 0.507900
vt 0.796720 0.796336
vt 0.674796 0.834861
vt 0.723693 0.783001
vt 0.796720 0.796336
vt 0.723693 0.783001
vt 0.799472 0.762680
vt 0.799472 0.762680
vt 0.871653 0.756753
vt 0.833340 0.797183
vt 0.799472 0.762680
vt 0.833340 0.797183
vt 0.796720 0.796336
vt 0.799472 0.821525
vt 0.733853 0.858356
vt 0.674796 0.834861
vt 0.799472 0.821525
vt 0.674796 0.834861
vt 0.796720 0.796336
vt 0.799472 0.821525
vt 0.797355 0.897093
vt 0.733853 0.858356
vt 0.796720 0.796336
vt 0.833340 0.797183
vt 0.827371 0.865384
vt 0.796720 0.796336
vt 0.827371 0.865384
vt 0.799472 0.821525
vt 0.833340 0.797183
vt 0.923301 0.796336
vt 0.827371 0.865384
vt 0.871653 0.756753
vt 0.956957 0.776651
vt 0.923301 0.796336
vt 0.871653 0.756753
vt 0.923301 0.796336
vt 0.833340 0.797183
vt 0.547052 0.543086
vt 0.648818 0.507900
vt 0.531182 0.642540
vt 0.655524 0.448157
vt 0.648818 0.507900
vt 0.547052 0.543086
vt 0.655524 0.448157
vt 0.547052 0.543086
vt 0.564121 0.481515
vt 0.713089 0.458850
vt 0.721014 0.528346
vt 0.648818 0.507900
vt 0.713089 0.458850
vt 0.648818 0.507900
vt 0.655524 0.448157
vt 0.648818 0.507900
vt 0.640893 0.645064
vt 0.531182 0.642540
vt 0.648818 0.507900
vt 0.531182 0.642540
vt 0.547052 0.543086
vt 0.721014 0.528346
vt 0.696194 0.593716
vt 0.640893 0.645064
vt 0.721014 0.528346
vt 0.640893 0.645064
vt 0.648818 0.507900
vt 0.877488 0.512704
vt 0.890227 0.449986
vt 0.932552 0.498475
vt 0.877488 0.512704
vt 0.932552 0.498475
vt 0.939316 0.553737
vt 0.890227 0.449986
vt 0.877488 0.512704
vt 0.812050 0.538632
vt 0.890227 0.449986
vt 0.812050 0.538632
vt 0.765905 0.507728
vt 0.894371 0.573039
vt 0.877488 0.512704
vt 0.939316 0.553737
vt 0.894371 0.573039
vt 0.939316 0.553737
vt 0.907071 0.573886
vt 0.889226 0.649231
vt 0.894371 0.573039
vt 0.907071 0.573886
vt 0.889226 0.649231
vt 0.907071 0.573886
vt 0.901926 0.650078
vt 0.844224 0.605098
vt 0.812050 0.538632
vt 0.877488 0.512704
vt 0.844224 0.605098
vt 0.877488 0.512704
vt 0.894371 0.573039
vt 0.894371 0.573039
vt 0.889226 0.649231
vt 0.879134 0.647068
vt 0.894371 0.573039
vt 0.879134 0.647068
vt 0.844224 0.605098
vt 0.889226 0.649231
vt 0.884281 0.685135
vt 0.879134 0.647068
vt 0.889226 0.649231
vt 0.901926 0.650078
vt 0.884281 0.685135
vt 0.283120 0.464733
vt 0.363516 0.459740
vt 0.353991 0.488316
vt 0.283120 0.464733
vt 0.353991 0.488316
vt 0.276770 0.490134
vt 0.363516 0.459740
vt 0.465957 0.478053
vt 0.453689 0.523665
vt 0.363516 0.459740
vt 0.453689 0.523665
vt 0.416858 0.564307
vt 0.363516 0.459740
vt 0.416858 0.564307
vt 0.353991 0.488316
vt 0.353991 0.488316
vt 0.416858 0.564307
vt 0.343619 0.519432
vt 0.416858 0.564307
vt 0.335999 0.605371
vt 0.343619 0.519432
vt 0.343619 0.519432
vt 0.283927 0.527899
vt 0.276770 0.490134
vt 0.343619 0.519432
vt 0.276770 0.490134
vt 0.353991 0.488316
vt 0.294088 0.608758
vt 0.283927 0.527899
vt 0.343619 0.519432
vt 0.866447 0.071682
vt 0.856286 0.131120
vt 0.757731 0.114356
vt 0.866447 0.071682
vt 0.757731 0.114356
vt 0.777036 0.005640
vt 0.777036 0.005640
vt 0.757731 0.114356
vt 0.687625 0.098607
vt 0.745285 0.159315
vt 0.757731 0.114356
vt 0.856286 0.131120
vt 0.745285 0.159315
vt 0.856286 0.131120
vt 0.850952 0.214181
vt 0.757731 0.114356
vt 0.745285 0.159315
vt 0.703627 0.145344
vt 0.757731 0.114356
vt 0.703627 0.145344
vt 0.687625 0.098607
vt 0.732838 0.204274
vt 0.745285 0.159315
vt 0.850952 0.214181
vt 0.732838 0.204274
vt 0.850952 0.214181
vt 0.779068 0.234247
vt 0.732838 0.204274
vt 0.779068 0.234247
vt 0.766367 0.257108
vt 0.732838 0.204274
vt 0.766367 0.257108
vt 0.729790 0.232215
vt 0.729790 0.232215
vt 0.766367 0.257108
vt 0.773988 0.353123
vt 0.732838 0.204274
vt 0.729790 0.232215
vt 0.699309 0.215451
vt 0.732838 0.204274
vt 0.699309 0.215451
vt 0.697785 0.196146
vt 0.702357 0.312482
vt 0.699309 0.215451
vt 0.729790 0.232215
vt 0.745285 0.159315
vt 0.732838 0.204274
vt 0.697785 0.196146
vt 0.745285 0.159315
vt 0.697785 0.196146
vt 0.703627 0.145344
vt 0.655524 0.448157
vt 0.648818 0.507900
vt 0.547052 0.543086
vt 0.655524 0.448157
vt 0.547052 0.543086
vt 0.564121 0.481515
vt 0.713089 0.458850
vt 0.721014 0.528346
vt 0.648818 0.507900
vt 0.713089 0.458850
vt 0.648818 0.507900
vt 0.655524 0.448157
vt 0.648818 0.507900
vt 0.640893 0.645064
vt 0.531182 0.642540
vt 0.721014 0.528346
vt 0.696194 0.593716
vt 0.640893 0.645064
vt 0.721014 0.528346
vt 0.640893 0.645064
vt 0.648818 0.507900
vt 0.796720 0.796336
vt 0.674796 0.834861
vt 0.723693 0.783001
vt 0.796720 0.796336
vt 0.723693 0.783001
vt 0.799472 0.762680
vt 0.799472 0.762680
vt 0.871653 0.756753
vt 0.833340 0.797183
vt 0.799472 0.762680
vt 0.833340 0.797183
vt 0.796720 0.796336
vt 0.799472 0.821525
vt 0.733853 0.858356
vt 0.674796 0.834861
vt 0.799472 0.821525
vt 0.674796 0.834861
vt 0.796720 0.796336
vt 0.799472 0.821525
vt 0.797355 0.897093
vt 0.733853 0.858356
vt 0.796720 0.796336
vt 0.833340 0.797183
vt 0.827371 0.865384
vt 0.796720 0.796336
vt 0.827371 0.865384
vt 0.799472 0.821525
vt 0.833340 0.797183
vt 0.923301 0.796336
vt 0.827371 0.865384
vt 0.871653 0.756753
vt 0.956957 0.776651
vt 0.923301 0.796336
vt 0.871653 0.756753
vt 0.923301 0.796336
vt 0.833340 0.797183
vt 0.547052 0.543086
vt 0.648818 0.507900
vt 0.531182 0.642540
vt 0.097916 0.012862
vt 0.102895 0.076629
vt 0.051291 0.075740
vt 0.097916 0.012862
vt 0.051291 0.075740
vt 0.033906 0.022616
vt 0.175947 0.091503
vt 0.102895 0.076629
vt 0.097916 0.012862
vt 0.175947 0.091503
vt 0.141199 0.130519
vt 0.100354 0.130519
vt 0.175947 0.091503
vt 0.100354 0.130519
vt 0.102895 0.076629
vt 0.141199 0.130519
vt 0.145466 0.224400
vt 0.100964 0.214036
vt 0.141199 0.130519
vt 0.100964 0.214036
vt 0.100354 0.130519
vt 0.102895 0.076629
vt 0.100354 0.130519
vt 0.070483 0.140882
vt 0.102895 0.076629
vt 0.070483 0.140882
vt 0.051291 0.075740
vt 0.070483 0.140882
vt 0.100354 0.130519
vt 0.100964 0.214036
vt 0.070483 0.140882
vt 0.100964 0.214036
vt 0.084504 0.200625
vt 0.100964 0.214036
vt 0.097306 0.274998
vt 0.080237 0.265244
vt 0.100964 0.214036
vt 0.080237 0.265244
vt 0.084504 0.200625
vt 0.097306 0.274998
vt 0.107060 0.320110
vt 0.080237 0.265244
vt 0.097306 0.274998
vt 0.100964 0.214036
vt 0.145466 0.224400
vt 0.097916 0.012862
vt 0.102895 0.076629
vt 0.051291 0.075740
vt 0.097916 0.012862
vt 0.051291 0.075740
vt 0.033906 0.022616
vt 0.175947 0.091503
vt 0.102895 0.076629
vt 0.097916 0.012862
vt 0.175947 0.091503
vt 0.141199 0.130519
vt 0.100354 0.130519
vt 0.175947 0.091503
vt 0.100354 0.130519
vt 0.102895 0.076629
vt 0.141199 0.130519
vt 0.145466 0.224400
vt 0.100964 0.214036
vt 0.141199 0.130519
vt 0.100964 0.214036
vt 0.100354 0.130519
vt 0.102895 0.076629
vt 0.100354 0.130519
vt 0.070483 0.140882
vt 0.102895 0.076629
vt 0.070483 0.140882
vt 0.051291 0.075740
vt 0.070483 0.140882
vt 0.100354 0.130519
vt 0.100964 0.214036
vt 0.070483 0.140882
vt 0.100964 0.214036
vt 0.084504 0.200625
vt 0.100964 0.214036
vt 0.097306 0.274998
vt 0.080237 0.265244
vt 0.100964 0.214036
vt 0.080237 0.265244
vt 0.084504 0.200625
vt 0.097306 0.274998
vt 0.107060 0.320110
vt 0.080237 0.265244
vt 0.097306 0.274998
vt 0.100964 0.214036
vt 0.145466 0.224400
vt 0.866447 0.071682
vt 0.856286 0.131120
vt 0.757731 0.114356
vt 0.866447 0.071682
vt 0.757731 0.114356
vt 0.777036 0.005640
vt 0.777036 0.005640
vt 0.757731 0.114356
vt 0.687625 0.098607
vt 0.745285 0.159315
vt 0.757731 0.114356
vt 0.856286 0.131120
vt 0.745285 0.159315
vt 0.856286 0.131120
vt 0.850952 0.214181
vt 0.757731 0.114356
vt 0.745285 0.159315
vt 0.703627 0.145344
vt 0.757731 0.114356
vt 0.703627 0.145344
vt 0.687625 0.098607
vt 0.732838 0.204274
vt 0.745285 0.159315
vt 0.850952 0.214181
vt 0.732838 0.204274
vt 0.850952 0.214181
vt 0.779068 0.234247
vt 0.732838 0.204274
vt 0.779068 0.234247
vt 0.766367 0.257108
vt 0.732838 0.204274
vt 0.766367 0.257108
vt 0.729790 0.232215
vt 0.729790 0.232215
vt 0.766367 0.257108
vt 0.773988 0.353123
vt 0.732838 0.204274
vt 0.729790 0.232215
vt 0.699309 0.215451
vt 0.732838 0.204274
vt 0.699309 0.215451
vt 0.697785 0.196146
vt 0.702357 0.312482
vt 0.699309 0.215451
vt 0.729790 0.232215
vt 0.745285 0.159315
vt 0.732838 0.204274
vt 0.697785 0.196146
vt 0.745285 0.159315
vt 0.697785 0.196146
vt 0.703627 0.145344
vt 0.877488 0.512704
vt 0.890227 0.449986
vt 0.932552 0.498475
vt 0.877488 0.512704
vt 0.932552 0.498475
vt 0.939316 0.553737
vt 0.890227 0.449986
vt 0.877488 0.512704
vt 0.812050 0.538632
vt 0.894371 0.573039
vt 0.877488 0.512704
vt 0.939316 0.553737
vt 0.894371 0.573039
vt 0.939316 0.553737
vt 0.907071 0.573886
vt 0.889226 0.649231
vt 0.894371 0.573039
vt 0.907071 0.573886
vt 0.889226 0.649231
vt 0.907071 0.573886
vt 0.901926 0.650078
vt 0.844224 0.605098
vt 0.812050 0.538632
vt 0.877488 0.512704
vt 0.844224 0.605098
vt 0.877488 0.512704
vt 0.894371 0.573039
vt 0.894371 0.573039
vt 0.889226 0.649231
vt 0.879134 0.647068
vt 0.894371 0.573039
vt 0.879134 0.647068
vt 0.844224 0.605098
vt 0.889226 0.649231
vt 0.884281 0.685135
vt 0.879134 0.647068
vt 0.889226 0.649231
vt 0.901926 0.650078
vt 0.884281 0.685135
vt 0.765905 0.507728
vt 0.890227 0.449986
vt 0.812050 0.538632
vt 0.655524 0.448157
vt 0.648818 0.507900
vt 0.547052 0.543086
vt 0.655524 0.448157
vt 0.547052 0.543086
vt 0.564121 0.481515
vt 0.713089 0.458850
vt 0.721014 0.528346
vt 0.648818 0.507900
vt 0.713089 0.458850
vt 0.648818 0.507900
vt 0.655524 0.448157
vt 0.648818 0.507900
vt 0.640893 0.645064
vt 0.531182 0.642540
vt 0.721014 0.528346
vt 0.696194 0.593716
vt 0.640893 0.645064
vt 0.721014 0.528346
vt 0.640893 0.645064
vt 0.648818 0.507900
vt 0.796720 0.796336
vt 0.674796 0.834861
vt 0.723693 0.783001
vt 0.796720 0.796336
vt 0.723693 0.783001
vt 0.799472 0.762680
vt 0.799472 0.762680
vt 0.871653 0.756753
vt 0.833340 0.797183
vt 0.799472 0.762680
vt 0.833340 0.797183
vt 0.796720 0.796336
vt 0.799472 0.821525
vt 0.733853 0.858356
vt 0.674796 0.834861
vt 0.799472 0.821525
vt 0.674796 0.834861
vt 0.796720 0.796336
vt 0.799472 0.821525
vt 0.797355 0.897093
vt 0.733853 0.858356
vt 0.796720 0.796336
vt 0.833340 0.797183
vt 0.827371 0.865384
vt 0.796720 0.796336
vt 0.827371 0.865384
vt 0.799472 0.821525
vt 0.833340 0.797183
vt 0.923301 0.796336
vt 0.827371 0.865384
vt 0.871653 0.756753
vt 0.956957 0.776651
vt 0.923301 0.796336
vt 0.871653 0.756753
vt 0.923301 0.796336
vt 0.833340 0.797183
vt 0.547052 0.543086
vt 0.648818 0.507900
vt 0.531182 0.642540
vt 0.866447 0.071682
vt 0.856286 0.131120
vt 0.757731 0.114356
vt 0.866447 0.071682
vt 0.757731 0.114356
vt 0.777036 0.005640
vt 0.777036 0.005640
vt 0.757731 0.114356
vt 0.687625 0.098607
vt 0.745285 0.159315
vt 0.757731 0.114356
vt 0.856286 0.131120
vt 0.745285 0.159315
vt 0.856286 0.131120
vt 0.850952 0.214181
vt 0.757731 0.114356
vt 0.745285 0.159315
vt 0.703627 0.145344
vt 0.757731 0.114356
vt 0.703627 0.145344
vt 0.687625 0.098607
vt 0.732838 0.204274
vt 0.745285 0.159315
vt 0.850952 0.214181
vt 0.732838 0.204274
vt 0.850952 0.214181
vt 0.779068 0.234247
vt 0.732838 0.204274
vt 0.779068 0.234247
vt 0.766367 0.257108
vt 0.732838 0.204274
vt 0.766367 0.257108
vt 0.729790 0.232215
vt 0.729790 0.232215
vt 0.766367 0.257108
vt 0.773988 0.353123
vt 0.732838 0.204274
vt 0.729790 0.232215
vt 0.699309 0.215451
vt 0.732838 0.204274
vt 0.699309 0.215451
vt 0.697785 0.196146
vt 0.702357 0.312482
vt 0.699309 0.215451
vt 0.729790 0.232215
vt 0.745285 0.159315
vt 0.732838 0.204274
vt 0.697785 0.196146
vt 0.745285 0.159315
vt 0.697785 0.196146
vt 0.703627 0.145344
vt 0.655524 0.448157
vt 0.648818 0.507900
vt 0.547052 0.543086
vt 0.655524 0.448157
vt 0.547052 0.543086
vt 0.564121 0.481515
vt 0.713089 0.458850
vt 0.721014 0.528346
vt 0.648818 0.507900
vt 0.713089 0.458850
vt 0.648818 0.507900
vt 0.655524 0.448157
vt 0.648818 0.507900
vt 0.640893 0.645064
vt 0.531182 0.642540
vt 0.721014 0.528346
vt 0.696194 0.593716
vt 0.640893 0.645064
vt 0.721014 0.528346
vt 0.640893 0.645064
vt 0.648818 0.507900
vt 0.796720 0.796336
vt 0.674796 0.834861
vt 0.723693 0.783001
vt 0.796720 0.796336
vt 0.723693 0.783001
vt 0.799472 0.762680
vt 0.799472 0.762680
vt 0.871653 0.756753
vt 0.833340 0.797183
vt 0.799472 0.762680
vt 0.833340 0.797183
vt 0.796720 0.796336
vt 0.799472 0.821525
vt 0.733853 0.858356
vt 0.674796 0.834861
vt 0.799472 0.821525
vt 0.674796 0.834861
vt 0.796720 0.796336
vt 0.799472 0.821525
vt 0.797355 0.897093
vt 0.733853 0.858356
vt 0.796720 0.796336
vt 0.833340 0.797183
vt 0.827371 0.865384
vt 0.796720 0.796336
vt 0.827371 0.865384
vt 0.799472 0.821525
vt 0.833340 0.797183
vt 0.923301 0.796336
vt 0.827371 0.865384
vt 0.871653 0.756753
vt 0.956957 0.776651
vt 0.923301 0.796336
vt 0.871653 0.756753
vt 0.923301 0.796336
vt 0.833340 0.797183
vt 0.547052 0.543086
vt 0.648818 0.507900
vt 0.531182 0.642540
vt 0.877488 0.512704
vt 0.890227 0.449986
vt 0.932552 0.498475
vt 0.877488 0.512704
vt 0.932552 0.498475
vt 0.939316 0.553737
vt 0.890227 0.449986
vt 0.877488 0.512704
vt 0.812050 0.538632
vt 0.890227 0.449986
vt 0.812050 0.538632
vt 0.765905 0.507728
vt 0.894371 0.573039
vt 0.877488 0.512704
vt 0.939316 0.553737
vt 0.894371 0.573039
vt 0.939316 0.553737
vt 0.907071 0.573886
vt 0.889226 0.649231
vt 0.894371 0.573039
vt 0.907071 0.573886
vt 0.889226 0.649231
vt 0.907071 0.573886
vt 0.901926 0.650078
vt 0.844224 0.605098
vt 0.812050 0.538632
vt 0.877488 0.512704
vt 0.844224 0.605098
vt 0.877488 0.512704
vt 0.894371 0.573039
vt 0.894371 0.573039
vt 0.889226 0.649231
vt 0.879134 0.647068
vt 0.894371 0.573039
vt 0.879134 0.647068
vt 0.844224 0.605098
vt 0.889226 0.649231
vt 0.884281 0.685135
vt 0.879134 0.647068
vt 0.889226 0.649231
vt 0.901926 0.650078
vt 0.884281 0.685135
vt 0.283120 0.464733
vt 0.363516 0.459740
vt 0.353991 0.488316
vt 0.283120 0.464733
vt 0.353991 0.488316
vt 0.276770 0.490134
vt 0.363516 0.459740
vt 0.465957 0.478053
vt 0.453689 0.523665
vt 0.363516 0.459740
vt 0.453689 0.523665
vt 0.416858 0.564307
vt 0.363516 0.459740
vt 0.416858 0.564307
vt 0.353991 0.488316
vt 0.353991 0.488316
vt 0.416858 0.564307
vt 0.343619 0.519432
vt 0.416858 0.564307
vt 0.335999 0.605371
vt 0.343619 0.519432
vt 0.343619 0.519432
vt 0.283927 0.527899
vt 0.276770 0.490134
vt 0.343619 0.519432
vt 0.276770 0.490134
vt 0.353991 0.488316
vt 0.294088 0.608758
vt 0.283927 0.527899
vt 0.343619 0.519432
vt 0.877488 0.512704
vt 0.890227 0.449986
vt 0.932552 0.498475
vt 0.877488 0.512704
vt 0.932552 0.498475
vt 0.939316 0.553737
vt 0.890227 0.449986
vt 0.877488 0.512704
vt 0.812050 0.538632
vt 0.894371 0.573039
vt 0.877488 0.512704
vt 0.939316 0.553737
vt 0.894371 0.573039
vt 0.939316 0.553737
vt 0.907071 0.573886
vt 0.889226 0.649231
vt 0.894371 0.573039
vt 0.907071 0.573886
vt 0.889226 0.649231
vt 0.907071 0.573886
vt 0.901926 0.650078
vt 0.844224 0.605098
vt 0.812050 0.538632
vt 0.877488 0.512704
vt 0.844224 0.605098
vt 0.877488 0.512704
vt 0.894371 0.573039
vt 0.894371 0.573039
vt 0.889226 0.649231
vt 0.879134 0.647068
vt 0.894371 0.573039
vt 0.879134 0.647068
vt 0.844224 0.605098
vt 0.889226 0.649231
vt 0.884281 0.685135
vt 0.879134 0.647068
vt 0.889226 0.649231
vt 0.901926 0.650078
vt 0.884281 0.685135
vt 0.765905 0.507728
vt 0.890227 0.449986
vt 0.812050 0.538632
vt 0.655524 0.448157
vt 0.648818 0.507900
vt 0.547052 0.543086
vt 0.655524 0.448157
vt 0.547052 0.543086
vt 0.564121 0.481515
vt 0.713089 0.458850
vt 0.721014 0.528346
vt 0.648818 0.507900
vt 0.713089 0.458850
vt 0.648818 0.507900
vt 0.655524 0.448157
vt 0.648818 0.507900
vt 0.640893 0.645064
vt 0.531182 0.642540
vt 0.648818 0.507900
vt 0.531182 0.642540
vt 0.547052 0.543086
vt 0.721014 0.528346
vt 0.696194 0.593716
vt 0.640893 0.645064
vt 0.721014 0.528346
vt 0.640893 0.645064
vt 0.648818 0.507900
vt 0.877488 0.512704
vt 0.890227 0.449986
vt 0.932552 0.498475
vt 0.877488 0.512704
vt 0.932552 0.498475
vt 0.939316 0.553737
vt 0.890227 0.449986
vt 0.877488 0.512704
vt 0.812050 0.538632
vt 0.894371 0.573039
vt 0.877488 0.512704
vt 0.939316 0.553737
vt 0.894371 0.573039
vt 0.939316 0.553737
vt 0.907071 0.573886
vt 0.889226 0.649231
vt 0.894371 0.573039
vt 0.907071 0.573886
vt 0.889226 0.649231
vt 0.907071 0.573886
vt 0.901926 0.650078
vt 0.844224 0.605098
vt 0.812050 0.538632
vt 0.877488 0.512704
vt 0.844224 0.605098
vt 0.877488 0.512704
vt 0.894371 0.573039
vt 0.894371 0.573039
vt 0.889226 0.649231
vt 0.879134 0.647068
vt 0.894371 0.573039
vt 0.879134 0.647068
vt 0.844224 0.605098
vt 0.889226 0.649231
vt 0.884281 0.685135
vt 0.879134 0.647068
vt 0.889226 0.649231
vt 0.901926 0.650078
vt 0.884281 0.685135
vt 0.765905 0.507728
vt 0.890227 0.449986
vt 0.812050 0.538632
vt 0.877488 0.512704
vt 0.890227 0.449986
vt 0.932552 0.498475
vt 0.877488 0.512704
vt 0.932552 0.498475
vt 0.939316 0.553737
vt 0.890227 0.449986
vt 0.877488 0.512704
vt 0.812050 0.538632
vt 0.890227 0.449986
vt 0.812050 0.538632
vt 0.765905 0.507728
vt 0.894371 0.573039
vt 0.877488 0.512704
vt 0.939316 0.553737
vt 0.894371 0.573039
vt 0.939316 0.553737
vt 0.907071 0.573886
vt 0.889226 0.649231
vt 0.894371 0.573039
vt 0.907071 0.573886
vt 0.889226 0.649231
vt 0.907071 0.573886
vt 0.901926 0.650078
vt 0.844224 0.605098
vt 0.812050 0.538632
vt 0.877488 0.512704
vt 0.844224 0.605098
vt 0.877488 0.512704
vt 0.894371 0.573039
vt 0.894371 0.573039
vt 0.889226 0.649231
vt 0.879134 0.647068
vt 0.894371 0.573039
vt 0.879134 0.647068
vt 0.844224 0.605098
vt 0.889226 0.649231
vt 0.884281 0.685135
vt 0.879134 0.647068
vt 0.889226 0.649231
vt 0.901926 0.650078
vt 0.884281 0.685135
vt 0.283120 0.464733
vt 0.363516 0.459740
vt 0.353991 0.488316
vt 0.283120 0.464733
vt 0.353991 0.488316
vt 0.276770 0.490134
vt 0.363516 0.459740
vt 0.465957 0.478053
vt 0.453689 0.523665
vt 0.363516 0.459740
vt 0.453689 0.523665
vt 0.416858 0.564307
vt 0.363516 0.459740
vt 0.416858 0.564307
vt 0.353991 0.488316
vt 0.353991 0.488316
vt 0.416858 0.564307
vt 0.343619 0.519432
vt 0.416858 0.564307
vt 0.335999 0.605371
vt 0.343619 0.519432
vt 0.343619 0.519432
vt 0.283927 0.527899
vt 0.276770 0.490134
vt 0.343619 0.519432
vt 0.276770 0.490134
vt 0.353991 0.488316
vt 0.294088 0.608758
vt 0.283927 0.527899
vt 0.343619 0.519432
vt 0.877488 0.512704
vt 0.890227 0.449986
vt 0.932552 0.498475
vt 0.877488 0.512704
vt 0.932552 0.498475
vt 0.939316 0.553737
vt 0.890227 0.449986
vt 0.877488 0.512704
vt 0.812050 0.538632
vt 0.890227 0.449986
vt 0.812050 0.538632
vt 0.765905 0.507728
vt 0.894371 0.573039
vt 0.877488 0.512704
vt 0.939316 0.553737
vt 0.894371 0.573039
vt 0.939316 0.553737
vt 0.907071 0.573886
vt 0.889226 0.649231
vt 0.894371 0.573039
vt 0.907071 0.573886
vt 0.889226 0.649231
vt 0.907071 0.573886
vt 0.901926 0.650078
vt 0.844224 0.605098
vt 0.812050 0.538632
vt 0.877488 0.512704
vt 0.844224 0.605098
vt 0.877488 0.512704
vt 0.894371 0.573039
vt 0.894371 0.573039
vt 0.889226 0.649231
vt 0.879134 0.647068
vt 0.894371 0.573039
vt 0.879134 0.647068
vt 0.844224 0.605098
vt 0.889226 0.649231
vt 0.884281 0.685135
vt 0.879134 0.647068
vt 0.889226 0.649231
vt 0.901926 0.650078
vt 0.884281 0.685135
vt 0.283120 0.464733
vt 0.363516 0.459740
vt 0.353991 0.488316
vt 0.283120 0.464733
vt 0.353991 0.488316
vt 0.276770 0.490134
vt 0.363516 0.459740
vt 0.465957 0.478053
vt 0.453689 0.523665
vt 0.363516 0.459740
vt 0.453689 0.523665
vt 0.416858 0.564307
vt 0.363516 0.459740
vt 0.416858 0.564307
vt 0.353991 0.488316
vt 0.353991 0.488316
vt 0.416858 0.564307
vt 0.343619 0.519432
vt 0.416858 0.564307
vt 0.335999 0.605371
vt 0.343619 0.519432
vt 0.343619 0.519432
vt 0.283927 0.527899
vt 0.276770 0.490134
vt 0.343619 0.519432
vt 0.276770 0.490134
vt 0.353991 0.488316
vt 0.294088 0.608758
vt 0.283927 0.527899
vt 0.343619 0.519432
vt 0.655524 0.448157
vt 0.648818 0.507900
vt 0.547052 0.543086
vt 0.655524 0.448157
vt 0.547052 0.543086
vt 0.564121 0.481515
vt 0.713089 0.458850
vt 0.721014 0.528346
vt 0.648818 0.507900
vt 0.713089 0.458850
vt 0.648818 0.507900
vt 0.655524 0.448157
vt 0.648818 0.507900
vt 0.640893 0.645064
vt 0.531182 0.642540
vt 0.721014 0.528346
vt 0.696194 0.593716
vt 0.640893 0.645064
vt 0.721014 0.528346
vt 0.640893 0.645064
vt 0.648818 0.507900
vt 0.796720 0.796336
vt 0.674796 0.834861
vt 0.723693 0.783001
vt 0.796720 0.796336
vt 0.723693 0.783001
vt 0.799472 0.762680
vt 0.799472 0.762680
vt 0.871653 0.756753
vt 0.833340 0.797183
vt 0.799472 0.762680
vt 0.833340 0.797183
vt 0.796720 0.796336
vt 0.799472 0.821525
vt 0.733853 0.858356
vt 0.674796 0.834861
vt 0.799472 0.821525
vt 0.674796 0.834861
vt 0.796720 0.796336
vt 0.799472 0.821525
vt 0.797355 0.897093
vt 0.733853 0.858356
vt 0.796720 0.796336
vt 0.833340 0.797183
vt 0.827371 0.865384
vt 0.796720 0.796336
vt 0.827371 0.865384
vt 0.799472 0.821525
vt 0.833340 0.797183
vt 0.923301 0.796336
vt 0.827371 0.865384
vt 0.871653 0.756753
vt 0.956957 0.776651
vt 0.923301 0.796336
vt 0.871653 0.756753
vt 0.923301 0.796336
vt 0.833340 0.797183
vt 0.547052 0.543086
vt 0.648818 0.507900
vt 0.531182 0.642540
vt 0.097916 0.012862
vt 0.102895 0.076629
vt 0.051291 0.075740
vt 0.097916 0.012862
vt 0.051291 0.075740
vt 0.033906 0.022616
vt 0.175947 0.091503
vt 0.102895 0.076629
vt 0.097916 0.012862
vt 0.175947 0.091503
vt 0.141199 0.130519
vt 0.100354 0.130519
vt 0.175947 0.091503
vt 0.100354 0.130519
vt 0.102895 0.076629
vt 0.141199 0.130519
vt 0.145466 0.224400
vt 0.100964 0.214036
vt 0.141199 0.130519
vt 0.100964 0.214036
vt 0.100354 0.130519
vt 0.102895 0.076629
vt 0.100354 0.130519
vt 0.070483 0.140882
vt 0.102895 0.076629
vt 0.070483 0.140882
vt 0.051291 0.075740
vt 0.070483 0.140882
vt 0.100354 0.130519
vt 0.100964 0.214036
vt 0.070483 0.140882
vt 0.100964 0.214036
vt 0.084504 0.200625
vt 0.100964 0.214036
vt 0.097306 0.274998
vt 0.080237 0.265244
vt 0.100964 0.214036
vt 0.080237 0.265244
vt 0.084504 0.200625
vt 0.097306 0.274998
vt 0.107060 0.320110
vt 0.080237 0.265244
vt 0.097306 0.274998
vt 0.100964 0.214036
vt 0.145466 0.224400
vt 0.097916 0.012862
vt 0.102895 0.076629
vt 0.051291 0.075740
vt 0.097916 0.012862
vt 0.051291 0.075740
vt 0.033906 0.022616
vt 0.175947 0.091503
vt 0.102895 0.076629
vt 0.097916 0.012862
vt 0.175947 0.091503
vt 0.141199 0.130519
vt 0.100354 0.130519
vt 0.175947 0.091503
vt 0.100354 0.130519
vt 0.102895 0.076629
vt 0.141199 0.130519
vt 0.145466 0.224400
vt 0.100964 0.214036
vt 0.141199 0.130519
vt 0.100964 0.214036
vt 0.100354 0.130519
vt 0.102895 0.076629
vt 0.100354 0.130519
vt 0.070483 0.140882
vt 0.102895 0.076629
vt 0.070483 0.140882
vt 0.051291 0.075740
vt 0.070483 0.140882
vt 0.100354 0.130519
vt 0.100964 0.214036
vt 0.070483 0.140882
vt 0.100964 0.214036
vt 0.084504 0.200625
vt 0.100964 0.214036
vt 0.097306 0.274998
vt 0.080237 0.265244
vt 0.100964 0.214036
vt 0.080237 0.265244
vt 0.084504 0.200625
vt 0.097306 0.274998
vt 0.107060 0.320110
vt 0.080237 0.265244
vt 0.097306 0.274998
vt 0.100964 0.214036
vt 0.145466 0.224400
vt 0.866447 0.071682
vt 0.856286 0.131120
vt 0.757731 0.114356
vt 0.866447 0.071682
vt 0.757731 0.114356
vt 0.777036 0.005640
vt 0.777036 0.005640
vt 0.757731 0.114356
vt 0.687625 0.098607
vt 0.745285 0.159315
vt 0.757731 0.114356
vt 0.856286 0.131120
vt 0.745285 0.159315
vt 0.856286 0.131120
vt 0.850952 0.214181
vt 0.757731 0.114356
vt 0.745285 0.159315
vt 0.703627 0.145344
vt 0.757731 0.114356
vt 0.703627 0.145344
vt 0.687625 0.098607
vt 0.732838 0.204274
vt 0.745285 0.159315
vt 0.850952 0.214181
vt 0.732838 0.204274
vt 0.850952 0.214181
vt 0.779068 0.234247
vt 0.732838 0.204274
vt 0.779068 0.234247
vt 0.766367 0.257108
vt 0.732838 0.204274
vt 0.766367 0.257108
vt 0.729790 0.232215
vt 0.729790 0.232215
vt 0.766367 0.257108
vt 0.773988 0.353123
vt 0.732838 0.204274
vt 0.729790 0.232215
vt 0.699309 0.215451
vt 0.732838 0.204274
vt 0.699309 0.215451
vt 0.697785 0.196146
vt 0.702357 0.312482
vt 0.699309 0.215451
vt 0.729790 0.232215
vt 0.745285 0.159315
vt 0.732838 0.204274
vt 0.697785 0.196146
vt 0.745285 0.159315
vt 0.697785 0.196146
vt 0.703627 0.145344
vt 0.655524 0.448157
vt 0.648818 0.507900
vt 0.547052 0.543086
vt 0.655524 0.448157
vt 0.547052 0.543086
vt 0.564121 0.481515
vt 0.713089 0.458850
vt 0.721014 0.528346
vt 0.648818 0.507900
vt 0.713089 0.458850
vt 0.648818 0.507900
vt 0.655524 0.448157
vt 0.648818 0.507900
vt 0.640893 0.645064
vt 0.531182 0.642540
vt 0.648818 0.507900
vt 0.531182 0.642540
vt 0.547052 0.543086
vt 0.721014 0.528346
vt 0.696194 0.593716
vt 0.640893 0.645064
vt 0.721014 0.528346
vt 0.640893 0.645064
vt 0.648818 0.507900
vt 0.866447 0.071682
vt 0.856286 0.131120
vt 0.757731 0.114356
vt 0.866447 0.071682
vt 0.757731 0.114356
vt 0.777036 0.005640
vt 0.777036 0.005640
vt 0.757731 0.114356
vt 0.687625 0.098607
vt 0.745285 0.159315
vt 0.757731 0.114356
vt 0.856286 0.131120
vt 0.745285 0.159315
vt 0.856286 0.131120
vt 0.850952 0.214181
vt 0.757731 0.114356
vt 0.745285 0.159315
vt 0.703627 0.145344
vt 0.757731 0.114356
vt 0.703627 0.145344
vt 0.687625 0.098607
vt 0.732838 0.204274
vt 0.745285 0.159315
vt 0.850952 0.214181
vt 0.732838 0.204274
vt 0.850952 0.214181
vt 0.779068 0.234247
vt 0.732838 0.204274
vt 0.779068 0.234247
vt 0.766367 0.257108
vt 0.732838 0.204274
vt 0.766367 0.257108
vt 0.729790 0.232215
vt 0.729790 0.232215
vt 0.766367 0.257108
vt 0.773988 0.353123
vt 0.732838 0.204274
vt 0.729790 0.232215
vt 0.699309 0.215451
vt 0.732838 0.204274
vt 0.699309 0.215451
vt 0.697785 0.196146
vt 0.702357 0.312482
vt 0.699309 0.215451
vt 0.729790 0.232215
vt 0.745285 0.159315
vt 0.732838 0.204274
vt 0.697785 0.196146
vt 0.745285 0.159315
vt 0.697785 0.196146
vt 0.703627 0.145344
vt 0.877488 0.512704
vt 0.890227 0.449986
vt 0.932552 0.498475
vt 0.877488 0.512704
vt 0.932552 0.498475
vt 0.939316 0.553737
vt 0.890227 0.449986
vt 0.877488 0.512704
vt 0.812050 0.538632
vt 0.890227 0.449986
vt 0.812050 0.538632
vt 0.765905 0.507728
vt 0.894371 0.573039
vt 0.877488 0.512704
vt 0.939316 0.553737
vt 0.894371 0.573039
vt 0.939316 0.553737
vt 0.907071 0.573886
vt 0.889226 0.649231
vt 0.894371 0.573039
vt 0.907071 0.573886
vt 0.889226 0.649231
vt 0.907071 0.573886
vt 0.901926 0.650078
vt 0.844224 0.605098
vt 0.812050 0.538632
vt 0.877488 0.512704
vt 0.844224 0.605098
vt 0.877488 0.512704
vt 0.894371 0.573039
vt 0.894371 0.573039
vt 0.889226 0.649231
vt 0.879134 0.647068
vt 0.894371 0.573039
vt 0.879134 0.647068
vt 0.844224 0.605098
vt 0.889226 0.649231
vt 0.884281 0.685135
vt 0.879134 0.647068
vt 0.889226 0.649231
vt 0.901926 0.650078
vt 0.884281 0.685135
vt 0.283120 0.464733
vt 0.363516 0.459740
vt 0.353991 0.488316
vt 0.283120 0.464733
vt 0.353991 0.488316
vt 0.276770 0.490134
vt 0.363516 0.459740
vt 0.465957 0.478053
vt 0.453689 0.523665
vt 0.363516 0.459740
vt 0.453689 0.523665
vt 0.416858 0.564307
vt 0.363516 0.459740
vt 0.416858 0.564307
vt 0.353991 0.488316
vt 0.353991 0.488316
vt 0.416858 0.564307
vt 0.343619 0.519432
vt 0.416858 0.564307
vt 0.335999 0.605371
vt 0.343619 0.519432
vt 0.343619 0.519432
vt 0.283927 0.527899
vt 0.276770 0.490134
vt 0.343619 0.519432
vt 0.276770 0.490134
vt 0.353991 0.488316
vt 0.294088 0.608758
vt 0.283927 0.527899
vt 0.343619 0.519432
vt 0.097916 0.012862
vt 0.102895 0.076629
vt 0.051291 0.075740
vt 0.097916 0.012862
vt 0.051291 0.075740
vt 0.033906 0.022616
vt 0.175947 0.091503
vt 0.102895 0.076629
vt 0.097916 0.012862
vt 0.175947 0.091503
vt 0.141199 0.130519
vt 0.100354 0.130519
vt 0.175947 0.091503
vt 0.100354 0.130519
vt 0.102895 0.076629
vt 0.141199 0.130519
vt 0.145466 0.224400
vt 0.100964 0.214036
vt 0.141199 0.130519
vt 0.100964 0.214036
vt 0.100354 0.130519
vt 0.102895 0.076629
vt 0.100354 0.130519
vt 0.070483 0.140882
vt 0.102895 0.076629
vt 0.070483 0.140882
vt 0.051291 0.075740
vt 0.070483 0.140882
vt 0.100354 0.130519
vt 0.100964 0.214036
vt 0.070483 0.140882
vt 0.100964 0.214036
vt 0.084504 0.200625
vt 0.100964 0.214036
vt 0.097306 0.274998
vt 0.080237 0.265244
vt 0.100964 0.214036
vt 0.080237 0.265244
vt 0.084504 0.200625
vt 0.097306 0.274998
vt 0.107060 0.320110
vt 0.080237 0.265244
vt 0.097306 0.274998
vt 0.100964 0.214036
vt 0.145466 0.224400
vt 0.097916 0.012862
vt 0.102895 0.076629
vt 0.051291 0.075740
vt 0.097916 0.012862
vt 0.051291 0.075740
vt 0.033906 0.022616
vt 0.175947 0.091503
vt 0.102895 0.076629
vt 0.097916 0.012862
vt 0.175947 0.091503
vt 0.141199 0.130519
vt 0.100354 0.130519
vt 0.175947 0.091503
vt 0.100354 0.130519
vt 0.102895 0.076629
vt 0.141199 0.130519
vt 0.145466 0.224400
vt 0.100964 0.214036
vt 0.141199 0.130519
vt 0.100964 0.214036
vt 0.100354 0.130519
vt 0.102895 0.076629
vt 0.100354 0.130519
vt 0.070483 0.140882
vt 0.102895 0.076629
vt 0.070483 0.140882
vt 0.051291 0.075740
vt 0.070483 0.140882
vt 0.100354 0.130519
vt 0.100964 0.214036
vt 0.070483 0.140882
vt 0.100964 0.214036
vt 0.084504 0.200625
vt 0.100964 0.214036
vt 0.097306 0.274998
vt 0.080237 0.265244
vt 0.100964 0.214036
vt 0.080237 0.265244
vt 0.084504 0.200625
vt 0.097306 0.274998
vt 0.107060 0.320110
vt 0.080237 0.265244
vt 0.097306 0.274998
vt 0.100964 0.214036
vt 0.145466 0.224400
vt 0.655524 0.448157
vt 0.648818 0.507900
vt 0.547052 0.543086
vt 0.655524 0.448157
vt 0.547052 0.543086
vt 0.564121 0.481515
vt 0.713089 0.458850
vt 0.721014 0.528346
vt 0.648818 0.507900
vt 0.713089 0.458850
vt 0.648818 0.507900
vt 0.655524 0.448157
vt 0.648818 0.507900
vt 0.640893 0.645064
vt 0.531182 0.642540
vt 0.721014 0.528346
vt 0.696194 0.593716
vt 0.640893 0.645064
vt 0.721014 0.528346
vt 0.640893 0.645064
vt 0.648818 0.507900
vt 0.796720 0.796336
vt 0.674796 0.834861
vt 0.723693 0.783001
vt 0.796720 0.796336
vt 0.723693 0.783001
vt 0.799472 0.762680
vt 0.799472 0.762680
vt 0.871653 0.756753
vt 0.833340 0.797183
vt 0.799472 0.762680
vt 0.833340 0.797183
vt 0.796720 0.796336
vt 0.799472 0.821525
vt 0.733853 0.858356
vt 0.674796 0.834861
vt 0.799472 0.821525
vt 0.674796 0.834861
vt 0.796720 0.796336
vt 0.799472 0.821525
vt 0.797355 0.897093
vt 0.733853 0.858356
vt 0.796720 0.796336
vt 0.833340 0.797183
vt 0.827371 0.865384
vt 0.796720 0.796336
vt 0.827371 0.865384
vt 0.799472 0.821525
vt 0.833340 0.797183
vt 0.923301 0.796336
vt 0.827371 0.865384
vt 0.871653 0.756753
vt 0.956957 0.776651
vt 0.923301 0.796336
vt 0.871653 0.756753
vt 0.923301 0.796336
vt 0.833340 0.797183
vt 0.547052 0.543086
vt 0.648818 0.507900
vt 0.531182 0.642540
vt 0.877488 0.512704
vt 0.890227 0.449986
vt 0.932552 0.498475
vt 0.877488 0.512704
vt 0.932552 0.498475
vt 0.939316 0.553737
vt 0.890227 0.449986
vt 0.877488 0.512704
vt 0.812050 0.538632
vt 0.890227 0.449986
vt 0.812050 0.538632
vt 0.765905 0.507728
vt 0.894371 0.573039
vt 0.877488 0.512704
vt 0.939316 0.553737
vt 0.894371 0.573039
vt 0.939316 0.553737
vt 0.907071 0.573886
vt 0.889226 0.649231
vt 0.894371 0.573039
vt 0.907071 0.573886
vt 0.889226 0.649231
vt 0.907071 0.573886
vt 0.901926 0.650078
vt 0.844224 0.605098
vt 0.812050 0.538632
vt 0.877488 0.512704
vt 0.844224 0.605098
vt 0.877488 0.512704
vt 0.894371 0.573039
vt 0.894371 0.573039
vt 0.889226 0.649231
vt 0.879134 0.647068
vt 0.894371 0.573039
vt 0.879134 0.647068
vt 0.844224 0.605098
vt 0.889226 0.649231
vt 0.884281 0.685135
vt 0.879134 0.647068
vt 0.889226 0.649231
vt 0.901926 0.650078
vt 0.884281 0.685135
vt 0.283120 0.464733
vt 0.363516 0.459740
vt 0.353991 0.488316
vt 0.283120 0.464733
vt 0.353991 0.488316
vt 0.276770 0.490134
vt 0.363516 0.459740
vt 0.465957 0.478053
vt 0.453689 0.523665
vt 0.363516 0.459740
vt 0.453689 0.523665
vt 0.416858 0.564307
vt 0.363516 0.459740
vt 0.416858 0.564307
vt 0.353991 0.488316
vt 0.353991 0.488316
vt 0.416858 0.564307
vt 0.343619 0.519432
vt 0.416858 0.564307
vt 0.335999 0.605371
vt 0.343619 0.519432
vt 0.343619 0.519432
vt 0.283927 0.527899
vt 0.276770 0.490134
vt 0.343619 0.519432
vt 0.276770 0.490134
vt 0.353991 0.488316
vt 0.294088 0.608758
vt 0.283927 0.527899
vt 0.343619 0.519432
vt 0.866447 0.071682
vt 0.856286 0.131120
vt 0.757731 0.114356
vt 0.866447 0.071682
vt 0.757731 0.114356
vt 0.777036 0.005640
vt 0.777036 0.005640
vt 0.757731 0.114356
vt 0.687625 0.098607
vt 0.745285 0.159315
vt 0.757731 0.114356
vt 0.856286 0.131120
vt 0.745285 0.159315
vt 0.856286 0.131120
vt 0.850952 0.214181
vt 0.757731 0.114356
vt 0.745285 0.159315
vt 0.703627 0.145344
vt 0.757731 0.114356
vt 0.703627 0.145344
vt 0.687625 0.098607
vt 0.732838 0.204274
vt 0.745285 0.159315
vt 0.850952 0.214181
vt 0.732838 0.204274
vt 0.850952 0.214181
vt 0.779068 0.234247
vt 0.732838 0.204274
vt 0.779068 0.234247
vt 0.766367 0.257108
vt 0.732838 0.204274
vt 0.766367 0.257108
vt 0.729790 0.232215
vt 0.729790 0.232215
vt 0.766367 0.257108
vt 0.773988 0.353123
vt 0.732838 0.204274
vt 0.729790 0.232215
vt 0.699309 0.215451
vt 0.732838 0.204274
vt 0.699309 0.215451
vt 0.697785 0.196146
vt 0.702357 0.312482
vt 0.699309 0.215451
vt 0.729790 0.232215
vt 0.745285 0.159315
vt 0.732838 0.204274
vt 0.697785 0.196146
vt 0.745285 0.159315
vt 0.697785 0.196146
vt 0.703627 0.145344
vt 0.097916 0.012862
vt 0.102895 0.076629
vt 0.051291 0.075740
vt 0.097916 0.012862
vt 0.051291 0.075740
vt 0.033906 0.022616
vt 0.175947 0.091503
vt 0.102895 0.076629
vt 0.097916 0.012862
vt 0.175947 0.091503
vt 0.141199 0.130519
vt 0.100354 0.130519
vt 0.175947 0.091503
vt 0.100354 0.130519
vt 0.102895 0.076629
vt 0.141199 0.130519
vt 0.145466 0.224400
vt 0.100964 0.214036
vt 0.141199 0.130519
vt 0.100964 0.214036
vt 0.100354 0.130519
vt 0.102895 0.076629
vt 0.100354 0.130519
vt 0.070483 0.140882
vt 0.102895 0.076629
vt 0.070483 0.140882
vt 0.051291 0.075740
vt 0.070483 0.140882
vt 0.100354 0.130519
vt 0.100964 0.214036
vt 0.070483 0.140882
vt 0.100964 0.214036
vt 0.084504 0.200625
vt 0.100964 0.214036
vt 0.097306 0.274998
vt 0.080237 0.265244
vt 0.100964 0.214036
vt 0.080237 0.265244
vt 0.084504 0.200625
vt 0.097306 0.274998
vt 0.107060 0.320110
vt 0.080237 0.265244
vt 0.097306 0.274998
vt 0.100964 0.214036
vt 0.145466 0.224400
vt 0.097916 0.012862
vt 0.102895 0.076629
vt 0.051291 0.075740
vt 0.097916 0.012862
vt 0.051291 0.075740
vt 0.033906 0.022616
vt 0.175947 0.091503
vt 0.102895 0.076629
vt 0.097916 0.012862
vt 0.175947 0.091503
vt 0.141199 0.130519
vt 0.100354 0.130519
vt 0.175947 0.091503
vt 0.100354 0.130519
vt 0.102895 0.076629
vt 0.141199 0.130519
vt 0.145466 0.224400
vt 0.100964 0.214036
vt 0.141199 0.130519
vt 0.100964 0.214036
vt 0.100354 0.130519
vt 0.102895 0.076629
vt 0.100354 0.130519
vt 0.070483 0.140882
vt 0.102895 0.076629
vt 0.070483 0.140882
vt 0.051291 0.075740
vt 0.070483 0.140882
vt 0.100354 0.130519
vt 0.100964 0.214036
vt 0.070483 0.140882
vt 0.100964 0.214036
vt 0.084504 0.200625
vt 0.100964 0.214036
vt 0.097306 0.274998
vt 0.080237 0.265244
vt 0.100964 0.214036
vt 0.080237 0.265244
vt 0.084504 0.200625
vt 0.097306 0.274998
vt 0.107060 0.320110
vt 0.080237 0.265244
vt 0.097306 0.274998
vt 0.100964 0.214036
vt 0.145466 0.224400
vt 0.655524 0.448157
vt 0.648818 0.507900
vt 0.547052 0.543086
vt 0.655524 0.448157
vt 0.547052 0.543086
vt 0.564121 0.481515
vt 0.713089 0.458850
vt 0.721014 0.528346
vt 0.648818 0.507900
vt 0.713089 0.458850
vt 0.648818 0.507900
vt 0.655524 0.448157
vt 0.648818 0.507900
vt 0.640893 0.645064
vt 0.531182 0.642540
vt 0.721014 0.528346
vt 0.696194 0.593716
vt 0.640893 0.645064
vt 0.721014 0.528346
vt 0.640893 0.645064
vt 0.648818 0.507900
vt 0.796720 0.796336
vt 0.674796 0.834861
vt 0.723693 0.783001
vt 0.796720 0.796336
vt 0.723693 0.783001
vt 0.799472 0.762680
vt 0.799472 0.762680
vt 0.871653 0.756753
vt 0.833340 0.797183
vt 0.799472 0.762680
vt 0.833340 0.797183
vt 0.796720 0.796336
vt 0.799472 0.821525
vt 0.733853 0.858356
vt 0.674796 0.834861
vt 0.799472 0.821525
vt 0.674796 0.834861
vt 0.796720 0.796336
vt 0.799472 0.821525
vt 0.797355 0.897093
vt 0.733853 0.858356
vt 0.796720 0.796336
vt 0.833340 0.797183
vt 0.827371 0.865384
vt 0.796720 0.796336
vt 0.827371 0.865384
vt 0.799472 0.821525
vt 0.833340 0.797183
vt 0.923301 0.796336
vt 0.827371 0.865384
vt 0.871653 0.756753
vt 0.956957 0.776651
vt 0.923301 0.796336
vt 0.871653 0.756753
vt 0.923301 0.796336
vt 0.833340 0.797183
vt 0.547052 0.543086
vt 0.648818 0.507900
vt 0.531182 0.642540
vt 0.866447 0.071682
vt 0.856286 0.131120
vt 0.757731 0.114356
vt 0.866447 0.071682
vt 0.757731 0.114356
vt 0.777036 0.005640
vt 0.777036 0.005640
vt 0.757731 0.114356
vt 0.687625 0.098607
vt 0.745285 0.159315
vt 0.757731 0.114356
vt 0.856286 0.131120
vt 0.745285 0.159315
vt 0.856286 0.131120
vt 0.850952 0.214181
vt 0.757731 0.114356
vt 0.745285 0.159315
vt 0.703627 0.145344
vt 0.757731 0.114356
vt 0.703627 0.145344
vt 0.687625 0.098607
vt 0.732838 0.204274
vt 0.745285 0.159315
vt 0.850952 0.214181
vt 0.732838 0.204274
vt 0.850952 0.214181
vt 0.779068 0.234247
vt 0.732838 0.204274
vt 0.779068 0.234247
vt 0.766367 0.257108
vt 0.732838 0.204274
vt 0.766367 0.257108
vt 0.729790 0.232215
vt 0.729790 0.232215
vt 0.766367 0.257108
vt 0.773988 0.353123
vt 0.732838 0.204274
vt 0.729790 0.232215
vt 0.699309 0.215451
vt 0.732838 0.204274
vt 0.699309 0.215451
vt 0.697785 0.196146
vt 0.702357 0.312482
vt 0.699309 0.215451
vt 0.729790 0.232215
vt 0.745285 0.159315
vt 0.732838 0.204274
vt 0.697785 0.196146
vt 0.745285 0.159315
vt 0.697785 0.196146
vt 0.703627 0.145344
vt 0.097916 0.012862
vt 0.102895 0.076629
vt 0.051291 0.075740
vt 0.097916 0.012862
vt 0.051291 0.075740
vt 0.033906 0.022616
vt 0.175947 0.091503
vt 0.102895 0.076629
vt 0.097916 0.012862
vt 0.175947 0.091503
vt 0.141199 0.130519
vt 0.100354 0.130519
vt 0.175947 0.091503
vt 0.100354 0.130519
vt 0.102895 0.076629
vt 0.141199 0.130519
vt 0.145466 0.224400
vt 0.100964 0.214036
vt 0.141199 0.130519
vt 0.100964 0.214036
vt 0.100354 0.130519
vt 0.102895 0.076629
vt 0.100354 0.130519
vt 0.070483 0.140882
vt 0.102895 0.076629
vt 0.070483 0.140882
vt 0.051291 0.075740
vt 0.070483 0.140882
vt 0.100354 0.130519
vt 0.100964 0.214036
vt 0.070483 0.140882
vt 0.100964 0.214036
vt 0.084504 0.200625
vt 0.100964 0.214036
vt 0.097306 0.274998
vt 0.080237 0.265244
vt 0.100964 0.214036
vt 0.080237 0.265244
vt 0.084504 0.200625
vt 0.097306 0.274998
vt 0.107060 0.320110
vt 0.080237 0.265244
vt 0.097306 0.274998
vt 0.100964 0.214036
vt 0.145466 0.224400
vt 0.097916 0.012862
vt 0.102895 0.076629
vt 0.051291 0.075740
vt 0.097916 0.012862
vt 0.051291 0.075740
vt 0.033906 0.022616
vt 0.175947 0.091503
vt 0.102895 0.076629
vt 0.097916 0.012862
vt 0.175947 0.091503
vt 0.141199 0.130519
vt 0.100354 0.130519
vt 0.175947 0.091503
vt 0.100354 0.130519
vt 0.102895 0.076629
vt 0.141199 0.130519
vt 0.145466 0.224400
vt 0.100964 0.214036
vt 0.141199 0.130519
vt 0.100964 0.214036
vt 0.100354 0.130519
vt 0.102895 0.076629
vt 0.100354 0.130519
vt 0.070483 0.140882
vt 0.102895 0.076629
vt 0.070483 0.140882
vt 0.051291 0.075740
vt 0.070483 0.140882
vt 0.100354 0.130519
vt 0.100964 0.214036
vt 0.070483 0.140882
vt 0.100964 0.214036
vt 0.084504 0.200625
vt 0.100964 0.214036
vt 0.097306 0.274998
vt 0.080237 0.265244
vt 0.100964 0.214036
vt 0.080237 0.265244
vt 0.084504 0.200625
vt 0.097306 0.274998
vt 0.107060 0.320110
vt 0.080237 0.265244
vt 0.097306 0.274998
vt 0.100964 0.214036
vt 0.145466 0.224400
vt 0.866447 0.071682
vt 0.856286 0.131120
vt 0.757731 0.114356
vt 0.866447 0.071682
vt 0.757731 0.114356
vt 0.777036 0.005640
vt 0.777036 0.005640
vt 0.757731 0.114356
vt 0.687625 0.098607
vt 0.745285 0.159315
vt 0.757731 0.114356
vt 0.856286 0.131120
vt 0.745285 0.159315
vt 0.856286 0.131120
vt 0.850952 0.214181
vt 0.757731 0.114356
vt 0.745285 0.159315
vt 0.703627 0.145344
vt 0.757731 0.114356
vt 0.703627 0.145344
vt 0.687625 0.098607
vt 0.732838 0.204274
vt 0.745285 0.159315
vt 0.850952 0.214181
vt 0.732838 0.204274
vt 0.850952 0.214181
vt 0.779068 0.234247
vt 0.732838 0.204274
vt 0.779068 0.234247
vt 0.766367 0.257108
vt 0.732838 0.204274
vt 0.766367 0.257108
vt 0.729790 0.232215
vt 0.729790 0.232215
vt 0.766367 0.257108
vt 0.773988 0.353123
vt 0.732838 0.204274
vt 0.729790 0.232215
vt 0.699309 0.215451
vt 0.732838 0.204274
vt 0.699309 0.215451
vt 0.697785 0.196146
vt 0.702357 0.312482
vt 0.699309 0.215451
vt 0.729790 0.232215
vt 0.745285 0.159315
vt 0.732838 0.204274
vt 0.697785 0.196146
vt 0.745285 0.159315
vt 0.697785 0.196146
vt 0.703627 0.145344
vt 0.655524 0.448157
vt 0.648818 0.507900
vt 0.547052 0.543086
vt 0.655524 0.448157
vt 0.547052 0.543086
vt 0.564121 0.481515
vt 0.713089 0.458850
vt 0.721014 0.528346
vt 0.648818 0.507900
vt 0.713089 0.458850
vt 0.648818 0.507900
vt 0.655524 0.448157
vt 0.648818 0.507900
vt 0.640893 0.645064
vt 0.531182 0.642540
vt 0.648818 0.507900
vt 0.531182 0.642540
vt 0.547052 0.543086
vt 0.721014 0.528346
vt 0.696194 0.593716
vt 0.640893 0.645064
vt 0.721014 0.528346
vt 0.640893 0.645064
vt 0.648818 0.507900
vt 0.655524 0.448157
vt 0.648818 0.507900
vt 0.547052 0.543086
vt 0.655524 0.448157
vt 0.547052 0.543086
vt 0.564121 0.481515
vt 0.713089 0.458850
vt 0.721014 0.528346
vt 0.648818 0.507900
vt 0.713089 0.458850
vt 0.648818 0.507900
vt 0.655524 0.448157
vt 0.648818 0.507900
vt 0.640893 0.645064
vt 0.531182 0.642540
vt 0.721014 0.528346
vt 0.696194 0.593716
vt 0.640893 0.645064
vt 0.721014 0.528346
vt 0.640893 0.645064
vt 0.648818 0.507900
vt 0.796720 0.796336
vt 0.674796 0.834861
vt 0.723693 0.783001
vt 0.796720 0.796336
vt 0.723693 0.783001
vt 0.799472 0.762680
vt 0.799472 0.762680
vt 0.871653 0.756753
vt 0.833340 0.797183
vt 0.799472 0.762680
vt 0.833340 0.797183
vt 0.796720 0.796336
vt 0.799472 0.821525
vt 0.733853 0.858356
vt 0.674796 0.834861
vt 0.799472 0.821525
vt 0.674796 0.834861
vt 0.796720 0.796336
vt 0.799472 0.821525
vt 0.797355 0.897093
vt 0.733853 0.858356
vt 0.796720 0.796336
vt 0.833340 0.797183
vt 0.827371 0.865384
vt 0.796720 0.796336
vt 0.827371 0.865384
vt 0.799472 0.821525
vt 0.833340 0.797183
vt 0.923301 0.796336
vt 0.827371 0.865384
vt 0.871653 0.756753
vt 0.956957 0.776651
vt 0.923301 0.796336
vt 0.871653 0.756753
vt 0.923301 0.796336
vt 0.833340 0.797183
vt 0.547052 0.543086
vt 0.648818 0.507900
vt 0.531182 0.642540
vt 0.655524 0.448157
vt 0.648818 0.507900
vt 0.547052 0.543086
vt 0.655524 0.448157
vt 0.547052 0.543086
vt 0.564121 0.481515
vt 0.713089 0.458850
vt 0.721014 0.528346
vt 0.648818 0.507900
vt 0.713089 0.458850
vt 0.648818 0.507900
vt 0.655524 0.448157
vt 0.648818 0.507900
vt 0.640893 0.645064
vt 0.531182 0.642540
vt 0.648818 0.507900
vt 0.531182 0.642540
vt 0.547052 0.543086
vt 0.721014 0.528346
vt 0.696194 0.593716
vt 0.640893 0.645064
vt 0.721014 0.528346
vt 0.640893 0.645064
vt 0.648818 0.507900
vt 0.877488 0.512704
vt 0.890227 0.449986
vt 0.932552 0.498475
vt 0.877488 0.512704
vt 0.932552 0.498475
vt 0.939316 0.553737
vt 0.890227 0.449986
vt 0.877488 0.512704
vt 0.812050 0.538632
vt 0.890227 0.449986
vt 0.812050 0.538632
vt 0.765905 0.507728
vt 0.894371 0.573039
vt 0.877488 0.512704
vt 0.939316 0.553737
vt 0.894371 0.573039
vt 0.939316 0.553737
vt 0.907071 0.573886
vt 0.889226 0.649231
vt 0.894371 0.573039
vt 0.907071 0.573886
vt 0.889226 0.649231
vt 0.907071 0.573886
vt 0.901926 0.650078
vt 0.844224 0.605098
vt 0.812050 0.538632
vt 0.877488 0.512704
vt 0.844224 0.605098
vt 0.877488 0.512704
vt 0.894371 0.573039
vt 0.894371 0.573039
vt 0.889226 0.649231
vt 0.879134 0.647068
vt 0.894371 0.573039
vt 0.879134 0.647068
vt 0.844224 0.605098
vt 0.889226 0.649231
vt 0.884281 0.685135
vt 0.879134 0.647068
vt 0.889226 0.649231
vt 0.901926 0.650078
vt 0.884281 0.685135
vt 0.283120 0.464733
vt 0.363516 0.459740
vt 0.353991 0.488316
vt 0.283120 0.464733
vt 0.353991 0.488316
vt 0.276770 0.490134
vt 0.363516 0.459740
vt 0.465957 0.478053
vt 0.453689 0.523665
vt 0.363516 0.459740
vt 0.453689 0.523665
vt 0.416858 0.564307
vt 0.363516 0.459740
vt 0.416858 0.564307
vt 0.353991 0.488316
vt 0.353991 0.488316
vt 0.416858 0.564307
vt 0.343619 0.519432
vt 0.416858 0.564307
vt 0.335999 0.605371
vt 0.343619 0.519432
vt 0.343619 0.519432
vt 0.283927 0.527899
vt 0.276770 0.490134
vt 0.343619 0.519432
vt 0.276770 0.490134
vt 0.353991 0.488316
vt 0.294088 0.608758
vt 0.283927 0.527899
vt 0.343619 0.519432
vt 0.655524 0.448157
vt 0.648818 0.507900
vt 0.547052 0.543086
vt 0.655524 0.448157
vt 0.547052 0.543086
vt 0.564121 0.481515
vt 0.713089 0.458850
vt 0.721014 0.528346
vt 0.648818 0.507900
vt 0.713089 0.458850
vt 0.648818 0.507900
vt 0.655524 0.448157
vt 0.648818 0.507900
vt 0.640893 0.645064
vt 0.531182 0.642540
vt 0.648818 0.507900
vt 0.531182 0.642540
vt 0.547052 0.543086
vt 0.721014 0.528346
vt 0.696194 0.593716
vt 0.640893 0.645064
vt 0.721014 0.528346
vt 0.640893 0.645064
vt 0.648818 0.507900
vt 0.866447 0.071682
vt 0.856286 0.131120
vt 0.757731 0.114356
vt 0.866447 0.071682
vt 0.757731 0.114356
vt 0.777036 0.005640
vt 0.777036 0.005640
vt 0.757731 0.114356
vt 0.687625 0.098607
vt 0.745285 0.159315
vt 0.757731 0.114356
vt 0.856286 0.131120
vt 0.745285 0.159315
vt 0.856286 0.131120
vt 0.850952 0.214181
vt 0.757731 0.114356
vt 0.745285 0.159315
vt 0.703627 0.145344
vt 0.757731 0.114356
vt 0.703627 0.145344
vt 0.687625 0.098607
vt 0.732838 0.204274
vt 0.745285 0.159315
vt 0.850952 0.214181
vt 0.732838 0.204274
vt 0.850952 0.214181
vt 0.779068 0.234247
vt 0.732838 0.204274
vt 0.779068 0.234247
vt 0.766367 0.257108
vt 0.732838 0.204274
vt 0.766367 0.257108
vt 0.729790 0.232215
vt 0.729790 0.232215
vt 0.766367 0.257108
vt 0.773988 0.353123
vt 0.732838 0.204274
vt 0.729790 0.232215
vt 0.699309 0.215451
vt 0.732838 0.204274
vt 0.699309 0.215451
vt 0.697785 0.196146
vt 0.702357 0.312482
vt 0.699309 0.215451
vt 0.729790 0.232215
vt 0.745285 0.159315
vt 0.732838 0.204274
vt 0.697785 0.196146
vt 0.745285 0.159315
vt 0.697785 0.196146
vt 0.703627 0.145344
vt 0.877488 0.512704
vt 0.890227 0.449986
vt 0.932552 0.498475
vt 0.877488 0.512704
vt 0.932552 0.498475
vt 0.939316 0.553737
vt 0.890227 0.449986
vt 0.877488 0.512704
vt 0.812050 0.538632
vt 0.890227 0.449986
vt 0.812050 0.538632
vt 0.765905 0.507728
vt 0.894371 0.573039
vt 0.877488 0.512704
vt 0.939316 0.553737
vt 0.894371 0.573039
vt 0.939316 0.553737
vt 0.907071 0.573886
vt 0.889226 0.649231
vt 0.894371 0.573039
vt 0.907071 0.573886
vt 0.889226 0.649231
vt 0.907071 0.573886
vt 0.901926 0.650078
vt 0.844224 0.605098
vt 0.812050 0.538632
vt 0.877488 0.512704
vt 0.844224 0.605098
vt 0.877488 0.512704
vt 0.894371 0.573039
vt 0.894371 0.573039
vt 0.889226 0.649231
vt 0.879134 0.647068
vt 0.894371 0.573039
vt 0.879134 0.647068
vt 0.844224 0.605098
vt 0.889226 0.649231
vt 0.884281 0.685135
vt 0.879134 0.647068
vt 0.889226 0.649231
vt 0.901926 0.650078
vt 0.884281 0.685135
vt 0.283120 0.464733
vt 0.363516 0.459740
vt 0.353991 0.488316
vt 0.283120 0.464733
vt 0.353991 0.488316
vt 0.276770 0.490134
vt 0.363516 0.459740
vt 0.465957 0.478053
vt 0.453689 0.523665
vt 0.363516 0.459740
vt 0.453689 0.523665
vt 0.416858 0.564307
vt 0.363516 0.459740
vt 0.416858 0.564307
vt 0.353991 0.488316
vt 0.353991 0.488316
vt 0.416858 0.564307
vt 0.343619 0.519432
vt 0.416858 0.564307
vt 0.335999 0.605371
vt 0.343619 0.519432
vt 0.343619 0.519432
vt 0.283927 0.527899
vt 0.276770 0.490134
vt 0.343619 0.519432
vt 0.276770 0.490134
vt 0.353991 0.488316
vt 0.294088 0.608758
vt 0.283927 0.527899
vt 0.343619 0.519432
vt 0.866447 0.071682
vt 0.856286 0.131120
vt 0.757731 0.114356
vt 0.866447 0.071682
vt 0.757731 0.114356
vt 0.777036 0.005640
vt 0.777036 0.005640
vt 0.757731 0.114356
vt 0.687625 0.098607
vt 0.745285 0.159315
vt 0.757731 0.114356
vt 0.856286 0.131120
vt 0.745285 0.159315
vt 0.856286 0.131120
vt 0.850952 0.214181
vt 0.757731 0.114356
vt 0.745285 0.159315
vt 0.703627 0.145344
vt 0.757731 0.114356
vt 0.703627 0.145344
vt 0.687625 0.098607
vt 0.732838 0.204274
vt 0.745285 0.159315
vt 0.850952 0.214181
vt 0.732838 0.204274
vt 0.850952 0.214181
vt 0.779068 0.234247
vt 0.732838 0.204274
vt 0.779068 0.234247
vt 0.766367 0.257108
vt 0.732838 0.204274
vt 0.766367 0.257108
vt 0.729790 0.232215
vt 0.729790 0.232215
vt 0.766367 0.257108
vt 0.773988 0.353123
vt 0.732838 0.204274
vt 0.729790 0.232215
vt 0.699309 0.215451
vt 0.732838 0.204274
vt 0.699309 0.215451
vt 0.697785 0.196146
vt 0.702357 0.312482
vt 0.699309 0.215451
vt 0.729790 0.232215
vt 0.745285 0.159315
vt 0.732838 0.204274
vt 0.697785 0.196146
vt 0.745285 0.159315
vt 0.697785 0.196146
vt 0.703627 0.145344
vt 0.877488 0.512704
vt 0.890227 0.449986
vt 0.932552 0.498475
vt 0.877488 0.512704
vt 0.932552 0.498475
vt 0.939316 0.553737
vt 0.890227 0.449986
vt 0.877488 0.512704
vt 0.812050 0.538632
vt 0.894371 0.573039
vt 0.877488 0.512704
vt 0.939316 0.553737
vt 0.894371 0.573039
vt 0.939316 0.553737
vt 0.907071 0.573886
vt 0.889226 0.649231
vt 0.894371 0.573039
vt 0.907071 0.573886
vt 0.889226 0.649231
vt 0.907071 0.573886
vt 0.901926 0.650078
vt 0.844224 0.605098
vt 0.812050 0.538632
vt 0.877488 0.512704
vt 0.844224 0.605098
vt 0.877488 0.512704
vt 0.894371 0.573039
vt 0.894371 0.573039
vt 0.889226 0.649231
vt 0.879134 0.647068
vt 0.894371 0.573039
vt 0.879134 0.647068
vt 0.844224 0.605098
vt 0.889226 0.649231
vt 0.884281 0.685135
vt 0.879134 0.647068
vt 0.889226 0.649231
vt 0.901926 0.650078
vt 0.884281 0.685135
vt 0.765905 0.507728
vt 0.890227 0.449986
vt 0.812050 0.538632
vt 0.877488 0.512704
vt 0.890227 0.449986
vt 0.932552 0.498475
vt 0.877488 0.512704
vt 0.932552 0.498475
vt 0.939316 0.553737
vt 0.890227 0.449986
vt 0.877488 0.512704
vt 0.812050 0.538632
vt 0.890227 0.449986
vt 0.812050 0.538632
vt 0.765905 0.507728
vt 0.894371 0.573039
vt 0.877488 0.512704
vt 0.939316 0.553737
vt 0.894371 0.573039
vt 0.939316 0.553737
vt 0.907071 0.573886
vt 0.889226 0.649231
vt 0.894371 0.573039
vt 0.907071 0.573886
vt 0.889226 0.649231
vt 0.907071 0.573886
vt 0.901926 0.650078
vt 0.844224 0.605098
vt 0.812050 0.538632
vt 0.877488 0.512704
vt 0.844224 0.605098
vt 0.877488 0.512704
vt 0.894371 0.573039
vt 0.894371 0.573039
vt 0.889226 0.649231
vt 0.879134 0.647068
vt 0.894371 0.573039
vt 0.879134 0.647068
vt 0.844224 0.605098
vt 0.889226 0.649231
vt 0.884281 0.685135
vt 0.879134 0.647068
vt 0.889226 0.649231
vt 0.901926 0.650078
vt 0.884281 0.685135
vt 0.283120 0.464733
vt 0.363516 0.459740
vt 0.353991 0.488316
vt 0.283120 0.464733
vt 0.353991 0.488316
vt 0.276770 0.490134
vt 0.363516 0.459740
vt 0.465957 0.478053
vt 0.453689 0.523665
vt 0.363516 0.459740
vt 0.453689 0.523665
vt 0.416858 0.564307
vt 0.363516 0.459740
vt 0.416858 0.564307
vt 0.353991 0.488316
vt 0.353991 0.488316
vt 0.416858 0.564307
vt 0.343619 0.519432
vt 0.416858 0.564307
vt 0.335999 0.605371
vt 0.343619 0.519432
vt 0.343619 0.519432
vt 0.283927 0.527899
vt 0.276770 0.490134
vt 0.343619 0.519432
vt 0.276770 0.490134
vt 0.353991 0.488316
vt 0.294088 0.608758
vt 0.283927 0.527899
vt 0.343619 0.519432
vt 0.877488 0.512704
vt 0.890227 0.449986
vt 0.932552 0.498475
vt 0.877488 0.512704
vt 0.932552 0.498475
vt 0.939316 0.553737
vt 0.890227 0.449986
vt 0.877488 0.512704
vt 0.812050 0.538632
vt 0.890227 0.449986
vt 0.812050 0.538632
vt 0.765905 0.507728
vt 0.894371 0.573039
vt 0.877488 0.512704
vt 0.939316 0.553737
vt 0.894371 0.573039
vt 0.939316 0.553737
vt 0.907071 0.573886
vt 0.889226 0.649231
vt 0.894371 0.573039
vt 0.907071 0.573886
vt 0.889226 0.649231
vt 0.907071 0.573886
vt 0.901926 0.650078
vt 0.844224 0.605098
vt 0.812050 0.538632
vt 0.877488 0.512704
vt 0.844224 0.605098
vt 0.877488 0.512704
vt 0.894371 0.573039
vt 0.894371 0.573039
vt 0.889226 0.649231
vt 0.879134 0.647068
vt 0.894371 0.573039
vt 0.879134 0.647068
vt 0.844224 0.605098
vt 0.889226 0.649231
vt 0.884281 0.685135
vt 0.879134 0.647068
vt 0.889226 0.649231
vt 0.901926 0.650078
vt 0.884281 0.685135
vt 0.283120 0.464733
vt 0.363516 0.459740
vt 0.353991 0.488316
vt 0.283120 0.464733
vt 0.353991 0.488316
vt 0.276770 0.490134
vt 0.363516 0.459740
vt 0.465957 0.478053
vt 0.453689 0.523665
vt 0.363516 0.459740
vt 0.453689 0.523665
vt 0.416858 0.564307
vt 0.363516 0.459740
vt 0.416858 0.564307
vt 0.353991 0.488316
vt 0.353991 0.488316
vt 0.416858 0.564307
vt 0.343619 0.519432
vt 0.416858 0.564307
vt 0.335999 0.605371
vt 0.343619 0.519432
vt 0.343619 0.519432
vt 0.283927 0.527899
vt 0.276770 0.490134
vt 0.343619 0.519432
vt 0.276770 0.490134
vt 0.353991 0.488316
vt 0.294088 0.608758
vt 0.283927 0.527899
vt 0.343619 0.519432
vt 0.866447 0.071682
vt 0.856286 0.131120
vt 0.757731 0.114356
vt 0.866447 0.071682
vt 0.757731 0.114356
vt 0.777036 0.005640
vt 0.777036 0.005640
vt 0.757731 0.114356
vt 0.687625 0.098607
vt 0.745285 0.159315
vt 0.757731 0.114356
vt 0.856286 0.131120
vt 0.745285 0.159315
vt 0.856286 0.131120
vt 0.850952 0.214181
vt 0.757731 0.114356
vt 0.745285 0.159315
vt 0.703627 0.145344
vt 0.757731 0.114356
vt 0.703627 0.145344
vt 0.687625 0.098607
vt 0.732838 0.204274
vt 0.745285 0.159315
vt 0.850952 0.214181
vt 0.732838 0.204274
vt 0.850952 0.214181
vt 0.779068 0.234247
vt 0.732838 0.204274
vt 0.779068 0.234247
vt 0.766367 0.257108
vt 0.732838 0.204274
vt 0.766367 0.257108
vt 0.729790 0.232215
vt 0.729790 0.232215
vt 0.766367 0.257108
vt 0.773988 0.353123
vt 0.732838 0.204274
vt 0.729790 0.232215
vt 0.699309 0.215451
vt 0.732838 0.204274
vt 0.699309 0.215451
vt 0.697785 0.196146
vt 0.702357 0.312482
vt 0.699309 0.215451
vt 0.729790 0.232215
vt 0.745285 0.159315
vt 0.732838 0.204274
vt 0.697785 0.196146
vt 0.745285 0.159315
vt 0.697785 0.196146
vt 0.703627 0.145344
vt 0.877488 0.512704
vt 0.890227 0.449986
vt 0.932552 0.498475
vt 0.877488 0.512704
vt 0.932552 0.498475
vt 0.939316 0.553737
vt 0.890227 0.449986
vt 0.877488 0.512704
vt 0.812050 0.538632
vt 0.890227 0.449986
vt 0.812050 0.538632
vt 0.765905 0.507728
vt 0.894371 0.573039
vt 0.877488 0.512704
vt 0.939316 0.553737
vt 0.894371 0.573039
vt 0.939316 0.553737
vt 0.907071 0.573886
vt 0.889226 0.649231
vt 0.894371 0.573039
vt 0.907071 0.573886
vt 0.889226 0.649231
vt 0.907071 0.573886
vt 0.901926 0.650078
vt 0.844224 0.605098
vt 0.812050 0.538632
vt 0.877488 0.512704
vt 0.844224 0.605098
vt 0.877488 0.512704
vt 0.894371 0.573039
vt 0.894371 0.573039
vt 0.889226 0.649231
vt 0.879134 0.647068
vt 0.894371 0.573039
vt 0.879134 0.647068
vt 0.844224 0.605098
vt 0.889226 0.649231
vt 0.884281 0.685135
vt 0.879134 0.647068
vt 0.889226 0.649231
vt 0.901926 0.650078
vt 0.884281 0.685135
vt 0.283120 0.464733
vt 0.363516 0.459740
vt 0.353991 0.488316
vt 0.283120 0.464733
vt 0.353991 0.488316
vt 0.276770 0.490134
vt 0.363516 0.459740
vt 0.465957 0.478053
vt 0.453689 0.523665
vt 0.363516 0.459740
vt 0.453689 0.523665
vt 0.416858 0.564307
vt 0.363516 0.459740
vt 0.416858 0.564307
vt 0.353991 0.488316
vt 0.353991 0.488316
vt 0.416858 0.564307
vt 0.343619 0.519432
vt 0.416858 0.564307
vt 0.335999 0.605371
vt 0.343619 0.519432
vt 0.343619 0.519432
vt 0.283927 0.527899
vt 0.276770 0.490134
vt 0.343619 0.519432
vt 0.276770 0.490134
vt 0.353991 0.488316
vt 0.294088 0.608758
vt 0.283927 0.527899
vt 0.343619 0.519432
vt 0.866447 0.071682
vt 0.856286 0.131120
vt 0.757731 0.114356
vt 0.866447 0.071682
vt 0.757731 0.114356
vt 0.777036 0.005640
vt 0.777036 0.005640
vt 0.757731 0.114356
vt 0.687625 0.098607
vt 0.745285 0.159315
vt 0.757731 0.114356
vt 0.856286 0.131120
vt 0.745285 0.159315
vt 0.856286 0.131120
vt 0.850952 0.214181
vt 0.757731 0.114356
vt 0.745285 0.159315
vt 0.703627 0.145344
vt 0.757731 0.114356
vt 0.703627 0.145344
vt 0.687625 0.098607
vt 0.732838 0.204274
vt 0.745285 0.159315
vt 0.850952 0.214181
vt 0.732838 0.204274
vt 0.850952 0.214181
vt 0.779068 0.234247
vt 0.732838 0.204274
vt 0.779068 0.234247
vt 0.766367 0.257108
vt 0.732838 0.204274
vt 0.766367 0.257108
vt 0.729790 0.232215
vt 0.729790 0.232215
vt 0.766367 0.257108
vt 0.773988 0.353123
vt 0.732838 0.204274
vt 0.729790 0.232215
vt 0.699309 0.215451
vt 0.732838 0.204274
vt 0.699309 0.215451
vt 0.697785 0.196146
vt 0.702357 0.312482
vt 0.699309 0.215451
vt 0.729790 0.232215
vt 0.745285 0.159315
vt 0.732838 0.204274
vt 0.697785 0.196146
vt 0.745285 0.159315
vt 0.697785 0.196146
vt 0.703627 0.145344
vt 0.877488 0.512704
vt 0.890227 0.449986
vt 0.932552 0.498475
vt 0.877488 0.512704
vt 0.932552 0.498475
vt 0.939316 0.553737
vt 0.890227 0.449986
vt 0.877488 0.512704
vt 0.812050 0.538632
vt 0.890227 0.449986
vt 0.812050 0.538632
vt 0.765905 0.507728
vt 0.894371 0.573039
vt 0.877488 0.512704
vt 0.939316 0.553737
vt 0.894371 0.573039
vt 0.939316 0.553737
vt 0.907071 0.573886
vt 0.889226 0.649231
vt 0.894371 0.573039
vt 0.907071 0.573886
vt 0.889226 0.649231
vt 0.907071 0.573886
vt 0.901926 0.650078
vt 0.844224 0.605098
vt 0.812050 0.538632
vt 0.877488 0.512704
vt 0.844224 0.605098
vt 0.877488 0.512704
vt 0.894371 0.573039
vt 0.894371 0.573039
vt 0.889226 0.649231
vt 0.879134 0.647068
vt 0.894371 0.573039
vt 0.879134 0.647068
vt 0.844224 0.605098
vt 0.889226 0.649231
vt 0.884281 0.685135
vt 0.879134 0.647068
vt 0.889226 0.649231
vt 0.901926 0.650078
vt 0.884281 0.685135
vt 0.283120 0.464733
vt 0.363516 0.459740
vt 0.353991 0.488316
vt 0.283120 0.464733
vt 0.353991 0.488316
vt 0.276770 0.490134
vt 0.363516 0.459740
vt 0.465957 0.478053
vt 0.453689 0.523665
vt 0.363516 0.459740
vt 0.453689 0.523665
vt 0.416858 0.564307
vt 0.363516 0.459740
vt 0.416858 0.564307
vt 0.353991 0.488316
vt 0.353991 0.488316
vt 0.416858 0.564307
vt 0.343619 0.519432
vt 0.416858 0.564307
vt 0.335999 0.605371
vt 0.343619 0.519432
vt 0.343619 0.519432
vt 0.283927 0.527899
vt 0.276770 0.490134
vt 0.343619 0.519432
vt 0.276770 0.490134
vt 0.353991 0.488316
vt 0.294088 0.608758
vt 0.283927 0.527899
vt 0.343619 0.519432
vt 0.097916 0.012862
vt 0.102895 0.076629
vt 0.051291 0.075740
vt 0.097916 0.012862
vt 0.051291 0.075740
vt 0.033906 0.022616
vt 0.175947 0.091503
vt 0.102895 0.076629
vt 0.097916 0.012862
vt 0.175947 0.091503
vt 0.141199 0.130519
vt 0.100354 0.130519
vt 0.175947 0.091503
vt 0.100354 0.130519
vt 0.102895 0.076629
vt 0.141199 0.130519
vt 0.145466 0.224400
vt 0.100964 0.214036
vt 0.141199 0.130519
vt 0.100964 0.214036
vt 0.100354 0.130519
vt 0.102895 0.076629
vt 0.100354 0.130519
vt 0.070483 0.140882
vt 0.102895 0.076629
vt 0.070483 0.140882
vt 0.051291 0.075740
vt 0.070483 0.140882
vt 0.100354 0.130519
vt 0.100964 0.214036
vt 0.070483 0.140882
vt 0.100964 0.214036
vt 0.084504 0.200625
vt 0.100964 0.214036
vt 0.097306 0.274998
vt 0.080237 0.265244
vt 0.100964 0.214036
vt 0.080237 0.265244
vt 0.084504 0.200625
vt 0.097306 0.274998
vt 0.107060 0.320110
vt 0.080237 0.265244
vt 0.097306 0.274998
vt 0.100964 0.214036
vt 0.145466 0.224400
vt 0.097916 0.012862
vt 0.102895 0.076629
vt 0.051291 0.075740
vt 0.097916 0.012862
vt 0.051291 0.075740
vt 0.033906 0.022616
vt 0.175947 0.091503
vt 0.102895 0.076629
vt 0.097916 0.012862
vt 0.175947 0.091503
vt 0.141199 0.130519
vt 0.100354 0.130519
vt 0.175947 0.091503
vt 0.100354 0.130519
vt 0.102895 0.076629
vt 0.141199 0.130519
vt 0.145466 0.224400
vt 0.100964 0.214036
vt 0.141199 0.130519
vt 0.100964 0.214036
vt 0.100354 0.130519
vt 0.102895 0.076629
vt 0.100354 0.130519
vt 0.070483 0.140882
vt 0.102895 0.076629
vt 0.070483 0.140882
vt 0.051291 0.075740
vt 0.070483 0.140882
vt 0.100354 0.130519
vt 0.100964 0.214036
vt 0.070483 0.140882
vt 0.100964 0.214036
vt 0.084504 0.200625
vt 0.100964 0.214036
vt 0.097306 0.274998
vt 0.080237 0.265244
vt 0.100964 0.214036
vt 0.080237 0.265244
vt 0.084504 0.200625
vt 0.097306 0.274998
vt 0.107060 0.320110
vt 0.080237 0.265244
vt 0.097306 0.274998
vt 0.100964 0.214036
vt 0.145466 0.224400
vt 0.655524 0.448157
vt 0.648818 0.507900
vt 0.547052 0.543086
vt 0.655524 0.448157
vt 0.547052 0.543086
vt 0.564121 0.481515
vt 0.713089 0.458850
vt 0.721014 0.528346
vt 0.648818 0.507900
vt 0.713089 0.458850
vt 0.648818 0.507900
vt 0.655524 0.448157
vt 0.648818 0.507900
vt 0.640893 0.645064
vt 0.531182 0.642540
vt 0.721014 0.528346
vt 0.696194 0.593716
vt 0.640893 0.645064
vt 0.721014 0.528346
vt 0.640893 0.645064
vt 0.648818 0.507900
vt 0.796720 0.796336
vt 0.674796 0.834861
vt 0.723693 0.783001
vt 0.796720 0.796336
vt 0.723693 0.783001
vt 0.799472 0.762680
vt 0.799472 0.762680
vt 0.871653 0.756753
vt 0.833340 0.797183
vt 0.799472 0.762680
vt 0.833340 0.797183
vt 0.796720 0.796336
vt 0.799472 0.821525
vt 0.733853 0.858356
vt 0.674796 0.834861
vt 0.799472 0.821525
vt 0.674796 0.834861
vt 0.796720 0.796336
vt 0.799472 0.821525
vt 0.797355 0.897093
vt 0.733853 0.858356
vt 0.796720 0.796336
vt 0.833340 0.797183
vt 0.827371 0.865384
vt 0.796720 0.796336
vt 0.827371 0.865384
vt 0.799472 0.821525
vt 0.833340 0.797183
vt 0.923301 0.796336
vt 0.827371 0.865384
vt 0.871653 0.756753
vt 0.956957 0.776651
vt 0.923301 0.796336
vt 0.871653 0.756753
vt 0.923301 0.796336
vt 0.833340 0.797183
vt 0.547052 0.543086
vt 0.648818 0.507900
vt 0.531182 0.642540
vt 0.655524 0.448157
vt 0.648818 0.507900
vt 0.547052 0.543086
vt 0.655524 0.448157
vt 0.547052 0.543086
vt 0.564121 0.481515
vt 0.713089 0.458850
vt 0.721014 0.528346
vt 0.648818 0.507900
vt 0.713089 0.458850
vt 0.648818 0.507900
vt 0.655524 0.448157
vt 0.648818 0.507900
vt 0.640893 0.645064
vt 0.531182 0.642540
vt 0.721014 0.528346
vt 0.696194 0.593716
vt 0.640893 0.645064
vt 0.721014 0.528346
vt 0.640893 0.645064
vt 0.648818 0.507900
vt 0.796720 0.796336
vt 0.674796 0.834861
vt 0.723693 0.783001
vt 0.796720 0.796336
vt 0.723693 0.783001
vt 0.799472 0.762680
vt 0.799472 0.762680
vt 0.871653 0.756753
vt 0.833340 0.797183
vt 0.799472 0.762680
vt 0.833340 0.797183
vt 0.796720 0.796336
vt 0.799472 0.821525
vt 0.733853 0.858356
vt 0.674796 0.834861
vt 0.799472 0.821525
vt 0.674796 0.834861
vt 0.796720 0.796336
vt 0.799472 0.821525
vt 0.797355 0.897093
vt 0.733853 0.858356
vt 0.796720 0.796336
vt 0.833340 0.797183
vt 0.827371 0.865384
vt 0.796720 0.796336
vt 0.827371 0.865384
vt 0.799472 0.821525
vt 0.833340 0.797183
vt 0.923301 0.796336
vt 0.827371 0.865384
vt 0.871653 0.756753
vt 0.956957 0.776651
vt 0.923301 0.796336
vt 0.871653 0.756753
vt 0.923301 0.796336
vt 0.833340 0.797183
vt 0.547052 0.543086
vt 0.648818 0.507900
vt 0.531182 0.642540
vt 0.655524 0.448157
vt 0.648818 0.507900
vt 0.547052 0.543086
vt 0.655524 0.448157
vt 0.547052 0.543086
vt 0.564121 0.481515
vt 0.713089 0.458850
vt 0.721014 0.528346
vt 0.648818 0.507900
vt 0.713089 0.458850
vt 0.648818 0.507900
vt 0.655524 0.448157
vt 0.648818 0.507900
vt 0.640893 0.645064
vt 0.531182 0.642540
vt 0.721014 0.528346
vt 0.696194 0.593716
vt 0.640893 0.645064
vt 0.721014 0.528346
vt 0.640893 0.645064
vt 0.648818 0.507900
vt 0.796720 0.796336
vt 0.674796 0.834861
vt 0.723693 0.783001
vt 0.796720 0.796336
vt 0.723693 0.783001
vt 0.799472 0.762680
vt 0.799472 0.762680
vt 0.871653 0.756753
vt 0.833340 0.797183
vt 0.799472 0.762680
vt 0.833340 0.797183
vt 0.796720 0.796336
vt 0.799472 0.821525
vt 0.733853 0.858356
vt 0.674796 0.834861
vt 0.799472 0.821525
vt 0.674796 0.834861
vt 0.796720 0.796336
vt 0.799472 0.821525
vt 0.797355 0.897093
vt 0.733853 0.858356
vt 0.796720 0.796336
vt 0.833340 0.797183
vt 0.827371 0.865384
vt 0.796720 0.796336
vt 0.827371 0.865384
vt 0.799472 0.821525
vt 0.833340 0.797183
vt 0.923301 0.796336
vt 0.827371 0.865384
vt 0.871653 0.756753
vt 0.956957 0.776651
vt 0.923301 0.796336
vt 0.871653 0.756753
vt 0.923301 0.796336
vt 0.833340 0.797183
vt 0.547052 0.543086
vt 0.648818 0.507900
vt 0.531182 0.642540
vt 0.877488 0.512704
vt 0.890227 0.449986
vt 0.932552 0.498475
vt 0.877488 0.512704
vt 0.932552 0.498475
vt 0.939316 0.553737
vt 0.890227 0.449986
vt 0.877488 0.512704
vt 0.812050 0.538632
vt 0.894371 0.573039
vt 0.877488 0.512704
vt 0.939316 0.553737
vt 0.894371 0.573039
vt 0.939316 0.553737
vt 0.907071 0.573886
vt 0.889226 0.649231
vt 0.894371 0.573039
vt 0.907071 0.573886
vt 0.889226 0.649231
vt 0.907071 0.573886
vt 0.901926 0.650078
vt 0.844224 0.605098
vt 0.812050 0.538632
vt 0.877488 0.512704
vt 0.844224 0.605098
vt 0.877488 0.512704
vt 0.894371 0.573039
vt 0.894371 0.573039
vt 0.889226 0.649231
vt 0.879134 0.647068
vt 0.894371 0.573039
vt 0.879134 0.647068
vt 0.844224 0.605098
vt 0.889226 0.649231
vt 0.884281 0.685135
vt 0.879134 0.647068
vt 0.889226 0.649231
vt 0.901926 0.650078
vt 0.884281 0.685135
vt 0.765905 0.507728
vt 0.890227 0.449986
vt 0.812050 0.538632
vt 0.877488 0.512704
vt 0.890227 0.449986
vt 0.932552 0.498475
vt 0.877488 0.512704
vt 0.932552 0.498475
vt 0.939316 0.553737
vt 0.890227 0.449986
vt 0.877488 0.512704
vt 0.812050 0.538632
vt 0.890227 0.449986
vt 0.812050 0.538632
vt 0.765905 0.507728
vt 0.894371 0.573039
vt 0.877488 0.512704
vt 0.939316 0.553737
vt 0.894371 0.573039
vt 0.939316 0.553737
vt 0.907071 0.573886
vt 0.889226 0.649231
vt 0.894371 0.573039
vt 0.907071 0.573886
vt 0.889226 0.649231
vt 0.907071 0.573886
vt 0.901926 0.650078
vt 0.844224 0.605098
vt 0.812050 0.538632
vt 0.877488 0.512704
vt 0.844224 0.605098
vt 0.877488 0.512704
vt 0.894371 0.573039
vt 0.894371 0.573039
vt 0.889226 0.649231
vt 0.879134 0.647068
vt 0.894371 0.573039
vt 0.879134 0.647068
vt 0.844224 0.605098
vt 0.889226 0.649231
vt 0.884281 0.685135
vt 0.879134 0.647068
vt 0.889226 0.649231
vt 0.901926 0.650078
vt 0.884281 0.685135
vt 0.283120 0.464733
vt 0.363516 0.459740
vt 0.353991 0.488316
vt 0.283120 0.464733
vt 0.353991 0.488316
vt 0.276770 0.490134
vt 0.363516 0.459740
vt 0.465957 0.478053
vt 0.453689 0.523665
vt 0.363516 0.459740
vt 0.453689 0.523665
vt 0.416858 0.564307
vt 0.363516 0.459740
vt 0.416858 0.564307
vt 0.353991 0.488316
vt 0.353991 0.488316
vt 0.416858 0.564307
vt 0.343619 0.519432
vt 0.416858 0.564307
vt 0.335999 0.605371
vt 0.343619 0.519432
vt 0.343619 0.519432
vt 0.283927 0.527899
vt 0.276770 0.490134
vt 0.343619 0.519432
vt 0.276770 0.490134
vt 0.353991 0.488316
vt 0.294088 0.608758
vt 0.283927 0.527899
vt 0.343619 0.519432
vt 0.877488 0.512704
vt 0.890227 0.449986
vt 0.932552 0.498475
vt 0.877488 0.512704
vt 0.932552 0.498475
vt 0.939316 0.553737
vt 0.890227 0.449986
vt 0.877488 0.512704
vt 0.812050 0.538632
vt 0.894371 0.573039
vt 0.877488 0.512704
vt 0.939316 0.553737
vt 0.894371 0.573039
vt 0.939316 0.553737
vt 0.907071 0.573886
vt 0.889226 0.649231
vt 0.894371 0.573039
vt 0.907071 0.573886
vt 0.889226 0.649231
vt 0.907071 0.573886
vt 0.901926 0.650078
vt 0.844224 0.605098
vt 0.812050 0.538632
vt 0.877488 0.512704
vt 0.844224 0.605098
vt 0.877488 0.512704
vt 0.894371 0.573039
vt 0.894371 0.573039
vt 0.889226 0.649231
vt 0.879134 0.647068
vt 0.894371 0.573039
vt 0.879134 0.647068
vt 0.844224 0.605098
vt 0.889226 0.649231
vt 0.884281 0.685135
vt 0.879134 0.647068
vt 0.889226 0.649231
vt 0.901926 0.650078
vt 0.884281 0.685135
vt 0.765905 0.507728
vt 0.890227 0.449986
vt 0.812050 0.538632
vt 0.866447 0.071682
vt 0.856286 0.131120
vt 0.757731 0.114356
vt 0.866447 0.071682
vt 0.757731 0.114356
vt 0.777036 0.005640
vt 0.777036 0.005640
vt 0.757731 0.114356
vt 0.687625 0.098607
vt 0.745285 0.159315
vt 0.757731 0.114356
vt 0.856286 0.131120
vt 0.745285 0.159315
vt 0.856286 0.131120
vt 0.850952 0.214181
vt 0.757731 0.114356
vt 0.745285 0.159315
vt 0.703627 0.145344
vt 0.757731 0.114356
vt 0.703627 0.145344
vt 0.687625 0.098607
vt 0.732838 0.204274
vt 0.745285 0.159315
vt 0.850952 0.214181
vt 0.732838 0.204274
vt 0.850952 0.214181
vt 0.779068 0.234247
vt 0.732838 0.204274
vt 0.779068 0.234247
vt 0.766367 0.257108
vt 0.732838 0.204274
vt 0.766367 0.257108
vt 0.729790 0.232215
vt 0.729790 0.232215
vt 0.766367 0.257108
vt 0.773988 0.353123
vt 0.732838 0.204274
vt 0.729790 0.232215
vt 0.699309 0.215451
vt 0.732838 0.204274
vt 0.699309 0.215451
vt 0.697785 0.196146
vt 0.702357 0.312482
vt 0.699309 0.215451
vt 0.729790 0.232215
vt 0.745285 0.159315
vt 0.732838 0.204274
vt 0.697785 0.196146
vt 0.745285 0.159315
vt 0.697785 0.196146
vt 0.703627 0.145344
vt 0.866447 0.071682
vt 0.856286 0.131120
vt 0.757731 0.114356
vt 0.866447 0.071682
vt 0.757731 0.114356
vt 0.777036 0.005640
vt 0.777036 0.005640
vt 0.757731 0.114356
vt 0.687625 0.098607
vt 0.745285 0.159315
vt 0.757731 0.114356
vt 0.856286 0.131120
vt 0.745285 0.159315
vt 0.856286 0.131120
vt 0.850952 0.214181
vt 0.757731 0.114356
vt 0.745285 0.159315
vt 0.703627 0.145344
vt 0.757731 0.114356
vt 0.703627 0.145344
vt 0.687625 0.098607
vt 0.732838 0.204274
vt 0.745285 0.159315
vt 0.850952 0.214181
vt 0.732838 0.204274
vt 0.850952 0.214181
vt 0.779068 0.234247
vt 0.732838 0.204274
vt 0.779068 0.234247
vt 0.766367 0.257108
vt 0.732838 0.204274
vt 0.766367 0.257108
vt 0.729790 0.232215
vt 0.729790 0.232215
vt 0.766367 0.257108
vt 0.773988 0.353123
vt 0.732838 0.204274
vt 0.729790 0.232215
vt 0.699309 0.215451
vt 0.732838 0.204274
vt 0.699309 0.215451
vt 0.697785 0.196146
vt 0.702357 0.312482
vt 0.699309 0.215451
vt 0.729790 0.232215
vt 0.745285 0.159315
vt 0.732838 0.204274
vt 0.697785 0.196146
vt 0.745285 0.159315
vt 0.697785 0.196146
vt 0.703627 0.145344
vt 0.655524 0.448157
vt 0.648818 0.507900
vt 0.547052 0.543086
vt 0.655524 0.448157
vt 0.547052 0.543086
vt 0.564121 0.481515
vt 0.713089 0.458850
vt 0.721014 0.528346
vt 0.648818 0.507900
vt 0.713089 0.458850
vt 0.648818 0.507900
vt 0.655524 0.448157
vt 0.648818 0.507900
vt 0.640893 0.645064
vt 0.531182 0.642540
vt 0.721014 0.528346
vt 0.696194 0.593716
vt 0.640893 0.645064
vt 0.721014 0.528346
vt 0.640893 0.645064
vt 0.648818 0.507900
vt 0.796720 0.796336
vt 0.674796 0.834861
vt 0.723693 0.783001
vt 0.796720 0.796336
vt 0.723693 0.783001
vt 0.799472 0.762680
vt 0.799472 0.762680
vt 0.871653 0.756753
vt 0.833340 0.797183
vt 0.799472 0.762680
vt 0.833340 0.797183
vt 0.796720 0.796336
vt 0.799472 0.821525
vt 0.733853 0.858356
vt 0.674796 0.834861
vt 0.799472 0.821525
vt 0.674796 0.834861
vt 0.796720 0.796336
vt 0.799472 0.821525
vt 0.797355 0.897093
vt 0.733853 0.858356
vt 0.796720 0.796336
vt 0.833340 0.797183
vt 0.827371 0.865384
vt 0.796720 0.796336
vt 0.827371 0.865384
vt 0.799472 0.821525
vt 0.833340 0.797183
vt 0.923301 0.796336
vt 0.827371 0.865384
vt 0.871653 0.756753
vt 0.956957 0.776651
vt 0.923301 0.796336
vt 0.871653 0.756753
vt 0.923301 0.796336
vt 0.833340 0.797183
vt 0.547052 0.543086
vt 0.648818 0.507900
vt 0.531182 0.642540
vt 0.097916 0.012862
vt 0.102895 0.076629
vt 0.051291 0.075740
vt 0.097916 0.012862
vt 0.051291 0.075740
vt 0.033906 0.022616
vt 0.175947 0.091503
vt 0.102895 0.076629
vt 0.097916 0.012862
vt 0.175947 0.091503
vt 0.141199 0.130519
vt 0.100354 0.130519
vt 0.175947 0.091503
vt 0.100354 0.130519
vt 0.102895 0.076629
vt 0.141199 0.130519
vt 0.145466 0.224400
vt 0.100964 0.214036
vt 0.141199 0.130519
vt 0.100964 0.214036
vt 0.100354 0.130519
vt 0.102895 0.076629
vt 0.100354 0.130519
vt 0.070483 0.140882
vt 0.102895 0.076629
vt 0.070483 0.140882
vt 0.051291 0.075740
vt 0.070483 0.140882
vt 0.100354 0.130519
vt 0.100964 0.214036
vt 0.070483 0.140882
vt 0.100964 0.214036
vt 0.084504 0.200625
vt 0.100964 0.214036
vt 0.097306 0.274998
vt 0.080237 0.265244
vt 0.100964 0.214036
vt 0.080237 0.265244
vt 0.084504 0.200625
vt 0.097306 0.274998
vt 0.107060 0.320110
vt 0.080237 0.265244
vt 0.097306 0.274998
vt 0.100964 0.214036
vt 0.145466 0.224400
vt 0.097916 0.012862
vt 0.102895 0.076629
vt 0.051291 0.075740
vt 0.097916 0.012862
vt 0.051291 0.075740
vt 0.033906 0.022616
vt 0.175947 0.091503
vt 0.102895 0.076629
vt 0.097916 0.012862
vt 0.175947 0.091503
vt 0.141199 0.130519
vt 0.100354 0.130519
vt 0.175947 0.091503
vt 0.100354 0.130519
vt 0.102895 0.076629
vt 0.141199 0.130519
vt 0.145466 0.224400
vt 0.100964 0.214036
vt 0.141199 0.130519
vt 0.100964 0.214036
vt 0.100354 0.130519
vt 0.102895 0.076629
vt 0.100354 0.130519
vt 0.070483 0.140882
vt 0.102895 0.076629
vt 0.070483 0.140882
vt 0.051291 0.075740
vt 0.070483 0.140882
vt 0.100354 0.130519
vt 0.100964 0.214036
vt 0.070483 0.140882
vt 0.100964 0.214036
vt 0.084504 0.200625
vt 0.100964 0.214036
vt 0.097306 0.274998
vt 0.080237 0.265244
vt 0.100964 0.214036
vt 0.080237 0.265244
vt 0.084504 0.200625
vt 0.097306 0.274998
vt 0.107060 0.320110
vt 0.080237 0.265244
vt 0.097306 0.274998
vt 0.100964 0.214036
vt 0.145466 0.224400
vt 0.866447 0.071682
vt 0.856286 0.131120
vt 0.757731 0.114356
vt 0.866447 0.071682
vt 0.757731 0.114356
vt 0.777036 0.005640
vt 0.777036 0.005640
vt 0.757731 0.114356
vt 0.687625 0.098607
vt 0.745285 0.159315
vt 0.757731 0.114356
vt 0.856286 0.131120
vt 0.745285 0.159315
vt 0.856286 0.131120
vt 0.850952 0.214181
vt 0.757731 0.114356
vt 0.745285 0.159315
vt 0.703627 0.145344
vt 0.757731 0.114356
vt 0.703627 0.145344
vt 0.687625 0.098607
vt 0.732838 0.204274
vt 0.745285 0.159315
vt 0.850952 0.214181
vt 0.732838 0.204274
vt 0.850952 0.214181
vt 0.779068 0.234247
vt 0.732838 0.204274
vt 0.779068 0.234247
vt 0.766367 0.257108
vt 0.732838 0.204274
vt 0.766367 0.257108
vt 0.729790 0.232215
vt 0.729790 0.232215
vt 0.766367 0.257108
vt 0.773988 0.353123
vt 0.732838 0.204274
vt 0.729790 0.232215
vt 0.699309 0.215451
vt 0.732838 0.204274
vt 0.699309 0.215451
vt 0.697785 0.196146
vt 0.702357 0.312482
vt 0.699309 0.215451
vt 0.729790 0.232215
vt 0.745285 0.159315
vt 0.732838 0.204274
vt 0.697785 0.196146
vt 0.745285 0.159315
vt 0.697785 0.196146
vt 0.703627 0.145344
vt 0.877488 0.512704
vt 0.890227 0.449986
vt 0.932552 0.498475
vt 0.877488 0.512704
vt 0.932552 0.498475
vt 0.939316 0.553737
vt 0.890227 0.449986
vt 0.877488 0.512704
vt 0.812050 0.538632
vt 0.894371 0.573039
vt 0.877488 0.512704
vt 0.939316 0.553737
vt 0.894371 0.573039
vt 0.939316 0.553737
vt 0.907071 0.573886
vt 0.889226 0.649231
vt 0.894371 0.573039
vt 0.907071 0.573886
vt 0.889226 0.649231
vt 0.907071 0.573886
vt 0.901926 0.650078
vt 0.844224 0.605098
vt 0.812050 0.538632
vt 0.877488 0.512704
vt 0.844224 0.605098
vt 0.877488 0.512704
vt 0.894371 0.573039
vt 0.894371 0.573039
vt 0.889226 0.649231
vt 0.879134 0.647068
vt 0.894371 0.573039
vt 0.879134 0.647068
vt 0.844224 0.605098
vt 0.889226 0.649231
vt 0.884281 0.685135
vt 0.879134 0.647068
vt 0.889226 0.649231
vt 0.901926 0.650078
vt 0.884281 0.685135
vt 0.765905 0.507728
vt 0.890227 0.449986
vt 0.812050 0.538632
vt 0.866447 0.071682
vt 0.856286 0.131120
vt 0.757731 0.114356
vt 0.866447 0.071682
vt 0.757731 0.114356
vt 0.777036 0.005640
vt 0.777036 0.005640
vt 0.757731 0.114356
vt 0.687625 0.098607
vt 0.745285 0.159315
vt 0.757731 0.114356
vt 0.856286 0.131120
vt 0.745285 0.159315
vt 0.856286 0.131120
vt 0.850952 0.214181
vt 0.757731 0.114356
vt 0.745285 0.159315
vt 0.703627 0.145344
vt 0.757731 0.114356
vt 0.703627 0.145344
vt 0.687625 0.098607
vt 0.732838 0.204274
vt 0.745285 0.159315
vt 0.850952 0.214181
vt 0.732838 0.204274
vt 0.850952 0.214181
vt 0.779068 0.234247
vt 0.732838 0.204274
vt 0.779068 0.234247
vt 0.766367 0.257108
vt 0.732838 0.204274
vt 0.766367 0.257108
vt 0.729790 0.232215
vt 0.729790 0.232215
vt 0.766367 0.257108
vt 0.773988 0.353123
vt 0.732838 0.204274
vt 0.729790 0.232215
vt 0.699309 0.215451
vt 0.732838 0.204274
vt 0.699309 0.215451
vt 0.697785 0.196146
vt 0.702357 0.312482
vt 0.699309 0.215451
vt 0.729790 0.232215
vt 0.745285 0.159315
vt 0.732838 0.204274
vt 0.697785 0.196146
vt 0.745285 0.159315
vt 0.697785 0.196146
vt 0.703627 0.145344
vt 0.655524 0.448157
vt 0.648818 0.507900
vt 0.547052 0.543086
vt 0.655524 0.448157
vt 0.547052 0.543086
vt 0.564121 0.481515
vt 0.713089 0.458850
vt 0.721014 0.528346
vt 0.648818 0.507900
vt 0.713089 0.458850
vt 0.648818 0.507900
vt 0.655524 0.448157
vt 0.648818 0.507900
vt 0.640893 0.645064
vt 0.531182 0.642540
vt 0.721014 0.528346
vt 0.696194 0.593716
vt 0.640893 0.645064
vt 0.721014 0.528346
vt 0.640893 0.645064
vt 0.648818 0.507900
vt 0.796720 0.796336
vt 0.674796 0.834861
vt 0.723693 0.783001
vt 0.796720 0.796336
vt 0.723693 0.783001
vt 0.799472 0.762680
vt 0.799472 0.762680
vt 0.871653 0.756753
vt 0.833340 0.797183
vt 0.799472 0.762680
vt 0.833340 0.797183
vt 0.796720 0.796336
vt 0.799472 0.821525
vt 0.733853 0.858356
vt 0.674796 0.834861
vt 0.799472 0.821525
vt 0.674796 0.834861
vt 0.796720 0.796336
vt 0.799472 0.821525
vt 0.797355 0.897093
vt 0.733853 0.858356
vt 0.796720 0.796336
vt 0.833340 0.797183
vt 0.827371 0.865384
vt 0.796720 0.796336
vt 0.827371 0.865384
vt 0.799472 0.821525
vt 0.833340 0.797183
vt 0.923301 0.796336
vt 0.827371 0.865384
vt 0.871653 0.756753
vt 0.956957 0.776651
vt 0.923301 0.796336
vt 0.871653 0.756753
vt 0.923301 0.796336
vt 0.833340 0.797183
vt 0.547052 0.543086
vt 0.648818 0.507900
vt 0.531182 0.642540
vt 0.097916 0.012862
vt 0.102895 0.076629
vt 0.051291 0.075740
vt 0.097916 0.012862
vt 0.051291 0.075740
vt 0.033906 0.022616
vt 0.175947 0.091503
vt 0.102895 0.076629
vt 0.097916 0.012862
vt 0.175947 0.091503
vt 0.141199 0.130519
vt 0.100354 0.130519
vt 0.175947 0.091503
vt 0.100354 0.130519
vt 0.102895 0.076629
vt 0.141199 0.130519
vt 0.145466 0.224400
vt 0.100964 0.214036
vt 0.141199 0.130519
vt 0.100964 0.214036
vt 0.100354 0.130519
vt 0.102895 0.076629
vt 0.100354 0.130519
vt 0.070483 0.140882
vt 0.102895 0.076629
vt 0.070483 0.140882
vt 0.051291 0.075740
vt 0.070483 0.140882
vt 0.100354 0.130519
vt 0.100964 0.214036
vt 0.070483 0.140882
vt 0.100964 0.214036
vt 0.084504 0.200625
vt 0.100964 0.214036
vt 0.097306 0.274998
vt 0.080237 0.265244
vt 0.100964 0.214036
vt 0.080237 0.265244
vt 0.084504 0.200625
vt 0.097306 0.274998
vt 0.107060 0.320110
vt 0.080237 0.265244
vt 0.097306 0.274998
vt 0.100964 0.214036
vt 0.145466 0.224400
vt 0.097916 0.012862
vt 0.102895 0.076629
vt 0.051291 0.075740
vt 0.097916 0.012862
vt 0.051291 0.075740
vt 0.033906 0.022616
vt 0.175947 0.091503
vt 0.102895 0.076629
vt 0.097916 0.012862
vt 0.175947 0.091503
vt 0.141199 0.130519
vt 0.100354 0.130519
vt 0.175947 0.091503
vt 0.100354 0.130519
vt 0.102895 0.076629
vt 0.141199 0.130519
vt 0.145466 0.224400
vt 0.100964 0.214036
vt 0.141199 0.130519
vt 0.100964 0.214036
vt 0.100354 0.130519
vt 0.102895 0.076629
vt 0.100354 0.130519
vt 0.070483 0.140882
vt 0.102895 0.076629
vt 0.070483 0.140882
vt 0.051291 0.075740
vt 0.070483 0.140882
vt 0.100354 0.130519
vt 0.100964 0.214036
vt 0.070483 0.140882
vt 0.100964 0.214036
vt 0.084504 0.200625
vt 0.100964 0.214036
vt 0.097306 0.274998
vt 0.080237 0.265244
vt 0.100964 0.214036
vt 0.080237 0.265244
vt 0.084504 0.200625
vt 0.097306 0.274998
vt 0.107060 0.320110
vt 0.080237 0.265244
vt 0.097306 0.274998
vt 0.100964 0.214036
vt 0.145466 0.224400
vt 0.655524 0.448157
vt 0.648818 0.507900
vt 0.547052 0.543086
vt 0.655524 0.448157
vt 0.547052 0.543086
vt 0.564121 0.481515
vt 0.713089 0.458850
vt 0.721014 0.528346
vt 0.648818 0.507900
vt 0.713089 0.458850
vt 0.648818 0.507900
vt 0.655524 0.448157
vt 0.648818 0.507900
vt 0.640893 0.645064
vt 0.531182 0.642540
vt 0.721014 0.528346
vt 0.696194 0.593716
vt 0.640893 0.645064
vt 0.721014 0.528346
vt 0.640893 0.645064
vt 0.648818 0.507900
vt 0.796720 0.796336
vt 0.674796 0.834861
vt 0.723693 0.783001
vt 0.796720 0.796336
vt 0.723693 0.783001
vt 0.799472 0.762680
vt 0.799472 0.762680
vt 0.871653 0.756753
vt 0.833340 0.797183
vt 0.799472 0.762680
vt 0.833340 0.797183
vt 0.796720 0.796336
vt 0.799472 0.821525
vt 0.733853 0.858356
vt 0.674796 0.834861
vt 0.799472 0.821525
vt 0.674796 0.834861
vt 0.796720 0.796336
vt 0.799472 0.821525
vt 0.797355 0.897093
vt 0.733853 0.858356
vt 0.796720 0.796336
vt 0.833340 0.797183
vt 0.827371 0.865384
vt 0.796720 0.796336
vt 0.827371 0.865384
vt 0.799472 0.821525
vt 0.833340 0.797183
vt 0.923301 0.796336
vt 0.827371 0.865384
vt 0.871653 0.756753
vt 0.956957 0.776651
vt 0.923301 0.796336
vt 0.871653 0.756753
vt 0.923301 0.796336
vt 0.833340 0.797183
vt 0.547052 0.543086
vt 0.648818 0.507900
vt 0.531182 0.642540
vt 0.097916 0.012862
vt 0.102895 0.076629
vt 0.051291 0.075740
vt 0.097916 0.012862
vt 0.051291 0.075740
vt 0.033906 0.022616
vt 0.175947 0.091503
vt 0.102895 0.076629
vt 0.097916 0.012862
vt 0.175947 0.091503
vt 0.141199 0.130519
vt 0.100354 0.130519
vt 0.175947 0.091503
vt 0.100354 0.130519
vt 0.102895 0.076629
vt 0.141199 0.130519
vt 0.145466 0.224400
vt 0.100964 0.214036
vt 0.141199 0.130519
vt 0.100964 0.214036
vt 0.100354 0.130519
vt 0.102895 0.076629
vt 0.100354 0.130519
vt 0.070483 0.140882
vt 0.102895 0.076629
vt 0.070483 0.140882
vt 0.051291 0.075740
vt 0.070483 0.140882
vt 0.100354 0.130519
vt 0.100964 0.214036
vt 0.070483 0.140882
vt 0.100964 0.214036
vt 0.084504 0.200625
vt 0.100964 0.214036
vt 0.097306 0.274998
vt 0.080237 0.265244
vt 0.100964 0.214036
vt 0.080237 0.265244
vt 0.084504 0.200625
vt 0.097306 0.274998
vt 0.107060 0.320110
vt 0.080237 0.265244
vt 0.097306 0.274998
vt 0.100964 0.214036
vt 0.145466 0.224400
vt 0.097916 0.012862
vt 0.102895 0.076629
vt 0.051291 0.075740
vt 0.097916 0.012862
vt 0.051291 0.075740
vt 0.033906 0.022616
vt 0.175947 0.091503
vt 0.102895 0.076629
vt 0.097916 0.012862
vt 0.175947 0.091503
vt 0.141199 0.130519
vt 0.100354 0.130519
vt 0.175947 0.091503
vt 0.100354 0.130519
vt 0.102895 0.076629
vt 0.141199 0.130519
vt 0.145466 0.224400
vt 0.100964 0.214036
vt 0.141199 0.130519
vt 0.100964 0.214036
vt 0.100354 0.130519
vt 0.102895 0.076629
vt 0.100354 0.130519
vt 0.070483 0.140882
vt 0.102895 0.076629
vt 0.070483 0.140882
vt 0.051291 0.075740
vt 0.070483 0.140882
vt 0.100354 0.130519
vt 0.100964 0.214036
vt 0.070483 0.140882
vt 0.100964 0.214036
vt 0.084504 0.200625
vt 0.100964 0.214036
vt 0.097306 0.274998
vt 0.080237 0.265244
vt 0.100964 0.214036
vt 0.080237 0.265244
vt 0.084504 0.200625
vt 0.097306 0.274998
vt 0.107060 0.320110
vt 0.080237 0.265244
vt 0.097306 0.274998
vt 0.100964 0.214036
vt 0.145466 0.224400
vt 0.097916 0.012862
vt 0.102895 0.076629
vt 0.051291 0.075740
vt 0.097916 0.012862
vt 0.051291 0.075740
vt 0.033906 0.022616
vt 0.175947 0.091503
vt 0.102895 0.076629
vt 0.097916 0.012862
vt 0.175947 0.091503
vt 0.141199 0.130519
vt 0.100354 0.130519
vt 0.175947 0.091503
vt 0.100354 0.130519
vt 0.102895 0.076629
vt 0.141199 0.130519
vt 0.145466 0.224400
vt 0.100964 0.214036
vt 0.141199 0.130519
vt 0.100964 0.214036
vt 0.100354 0.130519
vt 0.102895 0.076629
vt 0.100354 0.130519
vt 0.070483 0.140882
vt 0.102895 0.076629
vt 0.070483 0.140882
vt 0.051291 0.075740
vt 0.070483 0.140882
vt 0.100354 0.130519
vt 0.100964 0.214036
vt 0.070483 0.140882
vt 0.100964 0.214036
vt 0.084504 0.200625
vt 0.100964 0.214036
vt 0.097306 0.274998
vt 0.080237 0.265244
vt 0.100964 0.214036
vt 0.080237 0.265244
vt 0.084504 0.200625
vt 0.097306 0.274998
vt 0.107060 0.320110
vt 0.080237 0.265244
vt 0.097306 0.274998
vt 0.100964 0.214036
vt 0.145466 0.224400
vt 0.097916 0.012862
vt 0.102895 0.076629
vt 0.051291 0.075740
vt 0.097916 0.012862
vt 0.051291 0.075740
vt 0.033906 0.022616
vt 0.175947 0.091503
vt 0.102895 0.076629
vt 0.097916 0.012862
vt 0.175947 0.091503
vt 0.141199 0.130519
vt 0.100354 0.130519
vt 0.175947 0.091503
vt 0.100354 0.130519
vt 0.102895 0.076629
vt 0.141199 0.130519
vt 0.145466 0.224400
vt 0.100964 0.214036
vt 0.141199 0.130519
vt 0.100964 0.214036
vt 0.100354 0.130519
vt 0.102895 0.076629
vt 0.100354 0.130519
vt 0.070483 0.140882
vt 0.102895 0.076629
vt 0.070483 0.140882
vt 0.051291 0.075740
vt 0.070483 0.140882
vt 0.100354 0.130519
vt 0.100964 0.214036
vt 0.070483 0.140882
vt 0.100964 0.214036
vt 0.084504 0.200625
vt 0.100964 0.214036
vt 0.097306 0.274998
vt 0.080237 0.265244
vt 0.100964 0.214036
vt 0.080237 0.265244
vt 0.084504 0.200625
vt 0.097306 0.274998
vt 0.107060 0.320110
vt 0.080237 0.265244
vt 0.097306 0.274998
vt 0.100964 0.214036
vt 0.145466 0.224400
vt 0.097916 0.012862
vt 0.102895 0.076629
vt 0.051291 0.075740
vt 0.097916 0.012862
vt 0.051291 0.075740
vt 0.033906 0.022616
vt 0.175947 0.091503
vt 0.102895 0.076629
vt 0.097916 0.012862
vt 0.175947 0.091503
vt 0.141199 0.130519
vt 0.100354 0.130519
vt 0.175947 0.091503
vt 0.100354 0.130519
vt 0.102895 0.076629
vt 0.141199 0.130519
vt 0.145466 0.224400
vt 0.100964 0.214036
vt 0.141199 0.130519
vt 0.100964 0.214036
vt 0.100354 0.130519
vt 0.102895 0.076629
vt 0.100354 0.130519
vt 0.070483 0.140882
vt 0.102895 0.076629
vt 0.070483 0.140882
vt 0.051291 0.075740
vt 0.070483 0.140882
vt 0.100354 0.130519
vt 0.100964 0.214036
vt 0.070483 0.140882
vt 0.100964 0.214036
vt 0.084504 0.200625
vt 0.100964 0.214036
vt 0.097306 0.274998
vt 0.080237 0.265244
vt 0.100964 0.214036
vt 0.080237 0.265244
vt 0.084504 0.200625
vt 0.097306 0.274998
vt 0.107060 0.320110
vt 0.080237 0.265244
vt 0.097306 0.274998
vt 0.100964 0.214036
vt 0.145466 0.224400
vt 0.097916 0.012862
vt 0.102895 0.076629
vt 0.051291 0.075740
vt 0.097916 0.012862
vt 0.051291 0.075740
vt 0.033906 0.022616
vt 0.175947 0.091503
vt 0.102895 0.076629
vt 0.097916 0.012862
vt 0.175947 0.091503
vt 0.141199 0.130519
vt 0.100354 0.130519
vt 0.175947 0.091503
vt 0.100354 0.130519
vt 0.102895 0.076629
vt 0.141199 0.130519
vt 0.145466 0.224400
vt 0.100964 0.214036
vt 0.141199 0.130519
vt 0.100964 0.214036
vt 0.100354 0.130519
vt 0.102895 0.076629
vt 0.100354 0.130519
vt 0.070483 0.140882
vt 0.102895 0.076629
vt 0.070483 0.140882
vt 0.051291 0.075740
vt 0.070483 0.140882
vt 0.100354 0.130519
vt 0.100964 0.214036
vt 0.070483 0.140882
vt 0.100964 0.214036
vt 0.084504 0.200625
vt 0.100964 0.214036
vt 0.097306 0.274998
vt 0.080237 0.265244
vt 0.100964 0.214036
vt 0.080237 0.265244
vt 0.084504 0.200625
vt 0.097306 0.274998
vt 0.107060 0.320110
vt 0.080237 0.265244
vt 0.097306 0.274998
vt 0.100964 0.214036
vt 0.145466 0.224400
vt 0.655524 0.448157
vt 0.648818 0.507900
vt 0.547052 0.543086
vt 0.655524 0.448157
vt 0.547052 0.543086
vt 0.564121 0.481515
vt 0.713089 0.458850
vt 0.721014 0.528346
vt 0.648818 0.507900
vt 0.713089 0.458850
vt 0.648818 0.507900
vt 0.655524 0.448157
vt 0.648818 0.507900
vt 0.640893 0.645064
vt 0.531182 0.642540
vt 0.648818 0.507900
vt 0.531182 0.642540
vt 0.547052 0.543086
vt 0.721014 0.528346
vt 0.696194 0.593716
vt 0.640893 0.645064
vt 0.721014 0.528346
vt 0.640893 0.645064
vt 0.648818 0.507900
vt 0.877488 0.512704
vt 0.890227 0.449986
vt 0.932552 0.498475
vt 0.877488 0.512704
vt 0.932552 0.498475
vt 0.939316 0.553737
vt 0.890227 0.449986
vt 0.877488 0.512704
vt 0.812050 0.538632
vt 0.890227 0.449986
vt 0.812050 0.538632
vt 0.765905 0.507728
vt 0.894371 0.573039
vt 0.877488 0.512704
vt 0.939316 0.553737
vt 0.894371 0.573039
vt 0.939316 0.553737
vt 0.907071 0.573886
vt 0.889226 0.649231
vt 0.894371 0.573039
vt 0.907071 0.573886
vt 0.889226 0.649231
vt 0.907071 0.573886
vt 0.901926 0.650078
vt 0.844224 0.605098
vt 0.812050 0.538632
vt 0.877488 0.512704
vt 0.844224 0.605098
vt 0.877488 0.512704
vt 0.894371 0.573039
vt 0.894371 0.573039
vt 0.889226 0.649231
vt 0.879134 0.647068
vt 0.894371 0.573039
vt 0.879134 0.647068
vt 0.844224 0.605098
vt 0.889226 0.649231
vt 0.884281 0.685135
vt 0.879134 0.647068
vt 0.889226 0.649231
vt 0.901926 0.650078
vt 0.884281 0.685135
vt 0.283120 0.464733
vt 0.363516 0.459740
vt 0.353991 0.488316
vt 0.283120 0.464733
vt 0.353991 0.488316
vt 0.276770 0.490134
vt 0.363516 0.459740
vt 0.465957 0.478053
vt 0.453689 0.523665
vt 0.363516 0.459740
vt 0.453689 0.523665
vt 0.416858 0.564307
vt 0.363516 0.459740
vt 0.416858 0.564307
vt 0.353991 0.488316
vt 0.353991 0.488316
vt 0.416858 0.564307
vt 0.343619 0.519432
vt 0.416858 0.564307
vt 0.335999 0.605371
vt 0.343619 0.519432
vt 0.343619 0.519432
vt 0.283927 0.527899
vt 0.276770 0.490134
vt 0.343619 0.519432
vt 0.276770 0.490134
vt 0.353991 0.488316
vt 0.294088 0.608758
vt 0.283927 0.527899
vt 0.343619 0.519432
vt 0.866447 0.071682
vt 0.856286 0.131120
vt 0.757731 0.114356
vt 0.866447 0.071682
vt 0.757731 0.114356
vt 0.777036 0.005640
vt 0.777036 0.005640
vt 0.757731 0.114356
vt 0.687625 0.098607
vt 0.745285 0.159315
vt 0.757731 0.114356
vt 0.856286 0.131120
vt 0.745285 0.159315
vt 0.856286 0.131120
vt 0.850952 0.214181
vt 0.757731 0.114356
vt 0.745285 0.159315
vt 0.703627 0.145344
vt 0.757731 0.114356
vt 0.703627 0.145344
vt 0.687625 0.098607
vt 0.732838 0.204274
vt 0.745285 0.159315
vt 0.850952 0.214181
vt 0.732838 0.204274
vt 0.850952 0.214181
vt 0.779068 0.234247
vt 0.732838 0.204274
vt 0.779068 0.234247
vt 0.766367 0.257108
vt 0.732838 0.204274
vt 0.766367 0.257108
vt 0.729790 0.232215
vt 0.729790 0.232215
vt 0.766367 0.257108
vt 0.773988 0.353123
vt 0.732838 0.204274
vt 0.729790 0.232215
vt 0.699309 0.215451
vt 0.732838 0.204274
vt 0.699309 0.215451
vt 0.697785 0.196146
vt 0.702357 0.312482
vt 0.699309 0.215451
vt 0.729790 0.232215
vt 0.745285 0.159315
vt 0.732838 0.204274
vt 0.697785 0.196146
vt 0.745285 0.159315
vt 0.697785 0.196146
vt 0.703627 0.145344
vt 0.655524 0.448157
vt 0.648818 0.507900
vt 0.547052 0.543086
vt 0.655524 0.448157
vt 0.547052 0.543086
vt 0.564121 0.481515
vt 0.713089 0.458850
vt 0.721014 0.528346
vt 0.648818 0.507900
vt 0.713089 0.458850
vt 0.648818 0.507900
vt 0.655524 0.448157
vt 0.648818 0.507900
vt 0.640893 0.645064
vt 0.531182 0.642540
vt 0.648818 0.507900
vt 0.531182 0.642540
vt 0.547052 0.543086
vt 0.721014 0.528346
vt 0.696194 0.593716
vt 0.640893 0.645064
vt 0.721014 0.528346
vt 0.640893 0.645064
vt 0.648818 0.507900
vt 0.866447 0.071682
vt 0.856286 0.131120
vt 0.757731 0.114356
vt 0.866447 0.071682
vt 0.757731 0.114356
vt 0.777036 0.005640
vt 0.777036 0.005640
vt 0.757731 0.114356
vt 0.687625 0.098607
vt 0.745285 0.159315
vt 0.757731 0.114356
vt 0.856286 0.131120
vt 0.745285 0.159315
vt 0.856286 0.131120
vt 0.850952 0.214181
vt 0.757731 0.114356
vt 0.745285 0.159315
vt 0.703627 0.145344
vt 0.757731 0.114356
vt 0.703627 0.145344
vt 0.687625 0.098607
vt 0.732838 0.204274
vt 0.745285 0.159315
vt 0.850952 0.214181
vt 0.732838 0.204274
vt 0.850952 0.214181
vt 0.779068 0.234247
vt 0.732838 0.204274
vt 0.779068 0.234247
vt 0.766367 0.257108
vt 0.732838 0.204274
vt 0.766367 0.257108
vt 0.729790 0.232215
vt 0.729790 0.232215
vt 0.766367 0.257108
vt 0.773988 0.353123
vt 0.732838 0.204274
vt 0.729790 0.232215
vt 0.699309 0.215451
vt 0.732838 0.204274
vt 0.699309 0.215451
vt 0.697785 0.196146
vt 0.702357 0.312482
vt 0.699309 0.215451
vt 0.729790 0.232215
vt 0.745285 0.159315
vt 0.732838 0.204274
vt 0.697785 0.196146
vt 0.745285 0.159315
vt 0.697785 0.196146
vt 0.703627 0.145344
vt 0.877488 0.512704
vt 0.890227 0.449986
vt 0.932552 0.498475
vt 0.877488 0.512704
vt 0.932552 0.498475
vt 0.939316 0.553737
vt 0.890227 0.449986
vt 0.877488 0.512704
vt 0.812050 0.538632
vt 0.894371 0.573039
vt 0.877488 0.512704
vt 0.939316 0.553737
vt 0.894371 0.573039
vt 0.939316 0.553737
vt 0.907071 0.573886
vt 0.889226 0.649231
vt 0.894371 0.573039
vt 0.907071 0.573886
vt 0.889226 0.649231
vt 0.907071 0.573886
vt 0.901926 0.650078
vt 0.844224 0.605098
vt 0.812050 0.538632
vt 0.877488 0.512704
vt 0.844224 0.605098
vt 0.877488 0.512704
vt 0.894371 0.573039
vt 0.894371 0.573039
vt 0.889226 0.649231
vt 0.879134 0.647068
vt 0.894371 0.573039
vt 0.879134 0.647068
vt 0.844224 0.605098
vt 0.889226 0.649231
vt 0.884281 0.685135
vt 0.879134 0.647068
vt 0.889226 0.649231
vt 0.901926 0.650078
vt 0.884281 0.685135
vt 0.765905 0.507728
vt 0.890227 0.449986
vt 0.812050 0.538632
vt 0.655524 0.448157
vt 0.648818 0.507900
vt 0.547052 0.543086
vt 0.655524 0.448157
vt 0.547052 0.543086
vt 0.564121 0.481515
vt 0.713089 0.458850
vt 0.721014 0.528346
vt 0.648818 0.507900
vt 0.713089 0.458850
vt 0.648818 0.507900
vt 0.655524 0.448157
vt 0.648818 0.507900
vt 0.640893 0.645064
vt 0.531182 0.642540
vt 0.648818 0.507900
vt 0.531182 0.642540
vt 0.547052 0.543086
vt 0.721014 0.528346
vt 0.696194 0.593716
vt 0.640893 0.645064
vt 0.721014 0.528346
vt 0.640893 0.645064
vt 0.648818 0.507900
vt 0.655524 0.448157
vt 0.648818 0.507900
vt 0.547052 0.543086
vt 0.655524 0.448157
vt 0.547052 0.543086
vt 0.564121 0.481515
vt 0.713089 0.458850
vt 0.721014 0.528346
vt 0.648818 0.507900
vt 0.713089 0.458850
vt 0.648818 0.507900
vt 0.655524 0.448157
vt 0.648818 0.507900
vt 0.640893 0.645064
vt 0.531182 0.642540
vt 0.721014 0.528346
vt 0.696194 0.593716
vt 0.640893 0.645064
vt 0.721014 0.528346
vt 0.640893 0.645064
vt 0.648818 0.507900
vt 0.796720 0.796336
vt 0.674796 0.834861
vt 0.723693 0.783001
vt 0.796720 0.796336
vt 0.723693 0.783001
vt 0.799472 0.762680
vt 0.799472 0.762680
vt 0.871653 0.756753
vt 0.833340 0.797183
vt 0.799472 0.762680
vt 0.833340 0.797183
vt 0.796720 0.796336
vt 0.799472 0.821525
vt 0.733853 0.858356
vt 0.674796 0.834861
vt 0.799472 0.821525
vt 0.674796 0.834861
vt 0.796720 0.796336
vt 0.799472 0.821525
vt 0.797355 0.897093
vt 0.733853 0.858356
vt 0.796720 0.796336
vt 0.833340 0.797183
vt 0.827371 0.865384
vt 0.796720 0.796336
vt 0.827371 0.865384
vt 0.799472 0.821525
vt 0.833340 0.797183
vt 0.923301 0.796336
vt 0.827371 0.865384
vt 0.871653 0.756753
vt 0.956957 0.776651
vt 0.923301 0.796336
vt 0.871653 0.756753
vt 0.923301 0.796336
vt 0.833340 0.797183
vt 0.547052 0.543086
vt 0.648818 0.507900
vt 0.531182 0.642540
vt 0.655524 0.448157
vt 0.648818 0.507900
vt 0.547052 0.543086
vt 0.655524 0.448157
vt 0.547052 0.543086
vt 0.564121 0.481515
vt 0.713089 0.458850
vt 0.721014 0.528346
vt 0.648818 0.507900
vt 0.713089 0.458850
vt 0.648818 0.507900
vt 0.655524 0.448157
vt 0.648818 0.507900
vt 0.640893 0.645064
vt 0.531182 0.642540
vt 0.648818 0.507900
vt 0.531182 0.642540
vt 0.547052 0.543086
vt 0.721014 0.528346
vt 0.696194 0.593716
vt 0.640893 0.645064
vt 0.721014 0.528346
vt 0.640893 0.645064
vt 0.648818 0.507900
vt 0.655524 0.448157
vt 0.648818 0.507900
vt 0.547052 0.543086
vt 0.655524 0.448157
vt 0.547052 0.543086
vt 0.564121 0.481515
vt 0.713089 0.458850
vt 0.721014 0.528346
vt 0.648818 0.507900
vt 0.713089 0.458850
vt 0.648818 0.507900
vt 0.655524 0.448157
vt 0.648818 0.507900
vt 0.640893 0.645064
vt 0.531182 0.642540
vt 0.648818 0.507900
vt 0.531182 0.642540
vt 0.547052 0.543086
vt 0.721014 0.528346
vt 0.696194 0.593716
vt 0.640893 0.645064
vt 0.721014 0.528346
vt 0.640893 0.645064
vt 0.648818 0.507900
vt 0.877488 0.512704
vt 0.890227 0.449986
vt 0.932552 0.498475
vt 0.877488 0.512704
vt 0.932552 0.498475
vt 0.939316 0.553737
vt 0.890227 0.449986
vt 0.877488 0.512704
vt 0.812050 0.538632
vt 0.890227 0.449986
vt 0.812050 0.538632
vt 0.765905 0.507728
vt 0.894371 0.573039
vt 0.877488 0.512704
vt 0.939316 0.553737
vt 0.894371 0.573039
vt 0.939316 0.553737
vt 0.907071 0.573886
vt 0.889226 0.649231
vt 0.894371 0.573039
vt 0.907071 0.573886
vt 0.889226 0.649231
vt 0.907071 0.573886
vt 0.901926 0.650078
vt 0.844224 0.605098
vt 0.812050 0.538632
vt 0.877488 0.512704
vt 0.844224 0.605098
vt 0.877488 0.512704
vt 0.894371 0.573039
vt 0.894371 0.573039
vt 0.889226 0.649231
vt 0.879134 0.647068
vt 0.894371 0.573039
vt 0.879134 0.647068
vt 0.844224 0.605098
vt 0.889226 0.649231
vt 0.884281 0.685135
vt 0.879134 0.647068
vt 0.889226 0.649231
vt 0.901926 0.650078
vt 0.884281 0.685135
vt 0.283120 0.464733
vt 0.363516 0.459740
vt 0.353991 0.488316
vt 0.283120 0.464733
vt 0.353991 0.488316
vt 0.276770 0.490134
vt 0.363516 0.459740
vt 0.465957 0.478053
vt 0.453689 0.523665
vt 0.363516 0.459740
vt 0.453689 0.523665
vt 0.416858 0.564307
vt 0.363516 0.459740
vt 0.416858 0.564307
vt 0.353991 0.488316
vt 0.353991 0.488316
vt 0.416858 0.564307
vt 0.343619 0.519432
vt 0.416858 0.564307
vt 0.335999 0.605371
vt 0.343619 0.519432
vt 0.343619 0.519432
vt 0.283927 0.527899
vt 0.276770 0.490134
vt 0.343619 0.519432
vt 0.276770 0.490134
vt 0.353991 0.488316
vt 0.294088 0.608758
vt 0.283927 0.527899
vt 0.343619 0.519432
vt 0.877488 0.512704
vt 0.890227 0.449986
vt 0.932552 0.498475
vt 0.877488 0.512704
vt 0.932552 0.498475
vt 0.939316 0.553737
vt 0.890227 0.449986
vt 0.877488 0.512704
vt 0.812050 0.538632
vt 0.890227 0.449986
vt 0.812050 0.538632
vt 0.765905 0.507728
vt 0.894371 0.573039
vt 0.877488 0.512704
vt 0.939316 0.553737
vt 0.894371 0.573039
vt 0.939316 0.553737
vt 0.907071 0.573886
vt 0.889226 0.649231
vt 0.894371 0.573039
vt 0.907071 0.573886
vt 0.889226 0.649231
vt 0.907071 0.573886
vt 0.901926 0.650078
vt 0.844224 0.605098
vt 0.812050 0.538632
vt 0.877488 0.512704
vt 0.844224 0.605098
vt 0.877488 0.512704
vt 0.894371 0.573039
vt 0.894371 0.573039
vt 0.889226 0.649231
vt 0.879134 0.647068
vt 0.894371 0.573039
vt 0.879134 0.647068
vt 0.844224 0.605098
vt 0.889226 0.649231
vt 0.884281 0.685135
vt 0.879134 0.647068
vt 0.889226 0.649231
vt 0.901926 0.650078
vt 0.884281 0.685135
vt 0.283120 0.464733
vt 0.363516 0.459740
vt 0.353991 0.488316
vt 0.283120 0.464733
vt 0.353991 0.488316
vt 0.276770 0.490134
vt 0.363516 0.459740
vt 0.465957 0.478053
vt 0.453689 0.523665
vt 0.363516 0.459740
vt 0.453689 0.523665
vt 0.416858 0.564307
vt 0.363516 0.459740
vt 0.416858 0.564307
vt 0.353991 0.488316
vt 0.353991 0.488316
vt 0.416858 0.564307
vt 0.343619 0.519432
vt 0.416858 0.564307
vt 0.335999 0.605371
vt 0.343619 0.519432
vt 0.343619 0.519432
vt 0.283927 0.527899
vt 0.276770 0.490134
vt 0.343619 0.519432
vt 0.276770 0.490134
vt 0.353991 0.488316
vt 0.294088 0.608758
vt 0.283927 0.527899
vt 0.343619 0.519432
vt 0.866447 0.071682
vt 0.856286 0.131120
vt 0.757731 0.114356
vt 0.866447 0.071682
vt 0.757731 0.114356
vt 0.777036 0.005640
vt 0.777036 0.005640
vt 0.757731 0.114356
vt 0.687625 0.098607
vt 0.745285 0.159315
vt 0.757731 0.114356
vt 0.856286 0.131120
vt 0.745285 0.159315
vt 0.856286 0.131120
vt 0.850952 0.214181
vt 0.757731 0.114356
vt 0.745285 0.159315
vt 0.703627 0.145344
vt 0.757731 0.114356
vt 0.703627 0.145344
vt 0.687625 0.098607
vt 0.732838 0.204274
vt 0.745285 0.159315
vt 0.850952 0.214181
vt 0.732838 0.204274
vt 0.850952 0.214181
vt 0.779068 0.234247
vt 0.732838 0.204274
vt 0.779068 0.234247
vt 0.766367 0.257108
vt 0.732838 0.204274
vt 0.766367 0.257108
vt 0.729790 0.232215
vt 0.729790 0.232215
vt 0.766367 0.257108
vt 0.773988 0.353123
vt 0.732838 0.204274
vt 0.729790 0.232215
vt 0.699309 0.215451
vt 0.732838 0.204274
vt 0.699309 0.215451
vt 0.697785 0.196146
vt 0.702357 0.312482
vt 0.699309 0.215451
vt 0.729790 0.232215
vt 0.745285 0.159315
vt 0.732838 0.204274
vt 0.697785 0.196146
vt 0.745285 0.159315
vt 0.697785 0.196146
vt 0.703627 0.145344
vt 0.655524 0.448157
vt 0.648818 0.507900
vt 0.547052 0.543086
vt 0.655524 0.448157
vt 0.547052 0.543086
vt 0.564121 0.481515
vt 0.713089 0.458850
vt 0.721014 0.528346
vt 0.648818 0.507900
vt 0.713089 0.458850
vt 0.648818 0.507900
vt 0.655524 0.448157
vt 0.648818 0.507900
vt 0.640893 0.645064
vt 0.531182 0.642540
vt 0.648818 0.507900
vt 0.531182 0.642540
vt 0.547052 0.543086
vt 0.721014 0.528346
vt 0.696194 0.593716
vt 0.640893 0.645064
vt 0.721014 0.528346
vt 0.640893 0.645064
vt 0.648818 0.507900
vt 0.866447 0.071682
vt 0.856286 0.131120
vt 0.757731 0.114356
vt 0.866447 0.071682
vt 0.757731 0.114356
vt 0.777036 0.005640
vt 0.777036 0.005640
vt 0.757731 0.114356
vt 0.687625 0.098607
vt 0.745285 0.159315
vt 0.757731 0.114356
vt 0.856286 0.131120
vt 0.745285 0.159315
vt 0.856286 0.131120
vt 0.850952 0.214181
vt 0.757731 0.114356
vt 0.745285 0.159315
vt 0.703627 0.145344
vt 0.757731 0.114356
vt 0.703627 0.145344
vt 0.687625 0.098607
vt 0.732838 0.204274
vt 0.745285 0.159315
vt 0.850952 0.214181
vt 0.732838 0.204274
vt 0.850952 0.214181
vt 0.779068 0.234247
vt 0.732838 0.204274
vt 0.779068 0.234247
vt 0.766367 0.257108
vt 0.732838 0.204274
vt 0.766367 0.257108
vt 0.729790 0.232215
vt 0.729790 0.232215
vt 0.766367 0.257108
vt 0.773988 0.353123
vt 0.732838 0.204274
vt 0.729790 0.232215
vt 0.699309 0.215451
vt 0.732838 0.204274
vt 0.699309 0.215451
vt 0.697785 0.196146
vt 0.702357 0.312482
vt 0.699309 0.215451
vt 0.729790 0.232215
vt 0.745285 0.159315
vt 0.732838 0.204274
vt 0.697785 0.196146
vt 0.745285 0.159315
vt 0.697785 0.196146
vt 0.703627 0.145344
vt 0.877488 0.512704
vt 0.890227 0.449986
vt 0.932552 0.498475
vt 0.877488 0.512704
vt 0.932552 0.498475
vt 0.939316 0.553737
vt 0.890227 0.449986
vt 0.877488 0.512704
vt 0.812050 0.538632
vt 0.890227 0.449986
vt 0.812050 0.538632
vt 0.765905 0.507728
vt 0.894371 0.573039
vt 0.877488 0.512704
vt 0.939316 0.553737
vt 0.894371 0.573039
vt 0.939316 0.553737
vt 0.907071 0.573886
vt 0.889226 0.649231
vt 0.894371 0.573039
vt 0.907071 0.573886
vt 0.889226 0.649231
vt 0.907071 0.573886
vt 0.901926 0.650078
vt 0.844224 0.605098
vt 0.812050 0.538632
vt 0.877488 0.512704
vt 0.844224 0.605098
vt 0.877488 0.512704
vt 0.894371 0.573039
vt 0.894371 0.573039
vt 0.889226 0.649231
vt 0.879134 0.647068
vt 0.894371 0.573039
vt 0.879134 0.647068
vt 0.844224 0.605098
vt 0.889226 0.649231
vt 0.884281 0.685135
vt 0.879134 0.647068
vt 0.889226 0.649231
vt 0.901926 0.650078
vt 0.884281 0.685135
vt 0.283120 0.464733
vt 0.363516 0.459740
vt 0.353991 0.488316
vt 0.283120 0.464733
vt 0.353991 0.488316
vt 0.276770 0.490134
vt 0.363516 0.459740
vt 0.465957 0.478053
vt 0.453689 0.523665
vt 0.363516 0.459740
vt 0.453689 0.523665
vt 0.416858 0.564307
vt 0.363516 0.459740
vt 0.416858 0.564307
vt 0.353991 0.488316
vt 0.353991 0.488316
vt 0.416858 0.564307
vt 0.343619 0.519432
vt 0.416858 0.564307
vt 0.335999 0.605371
vt 0.343619 0.519432
vt 0.343619 0.519432
vt 0.283927 0.527899
vt 0.276770 0.490134
vt 0.343619 0.519432
vt 0.276770 0.490134
vt 0.353991 0.488316
vt 0.294088 0.608758
vt 0.283927 0.527899
vt 0.343619 0.519432
vt 0.655524 0.448157
vt 0.648818 0.507900
vt 0.547052 0.543086
vt 0.655524 0.448157
vt 0.547052 0.543086
vt 0.564121 0.481515
vt 0.713089 0.458850
vt 0.721014 0.528346
vt 0.648818 0.507900
vt 0.713089 0.458850
vt 0.648818 0.507900
vt 0.655524 0.448157
vt 0.648818 0.507900
vt 0.640893 0.645064
vt 0.531182 0.642540
vt 0.721014 0.528346
vt 0.696194 0.593716
vt 0.640893 0.645064
vt 0.721014 0.528346
vt 0.640893 0.645064
vt 0.648818 0.507900
vt 0.796720 0.796336
vt 0.674796 0.834861
vt 0.723693 0.783001
vt 0.796720 0.796336
vt 0.723693 0.783001
vt 0.799472 0.762680
vt 0.799472 0.762680
vt 0.871653 0.756753
vt 0.833340 0.797183
vt 0.799472 0.762680
vt 0.833340 0.797183
vt 0.796720 0.796336
vt 0.799472 0.821525
vt 0.733853 0.858356
vt 0.674796 0.834861
vt 0.799472 0.821525
vt 0.674796 0.834861
vt 0.796720 0.796336
vt 0.799472 0.821525
vt 0.797355 0.897093
vt 0.733853 0.858356
vt 0.796720 0.796336
vt 0.833340 0.797183
vt 0.827371 0.865384
vt 0.796720 0.796336
vt 0.827371 0.865384
vt 0.799472 0.821525
vt 0.833340 0.797183
vt 0.923301 0.796336
vt 0.827371 0.865384
vt 0.871653 0.756753
vt 0.956957 0.776651
vt 0.923301 0.796336
vt 0.871653 0.756753
vt 0.923301 0.796336
vt 0.833340 0.797183
vt 0.547052 0.543086
vt 0.648818 0.507900
vt 0.531182 0.642540
vt 0.655524 0.448157
vt 0.648818 0.507900
vt 0.547052 0.543086
vt 0.655524 0.448157
vt 0.547052 0.543086
vt 0.564121 0.481515
vt 0.713089 0.458850
vt 0.721014 0.528346
vt 0.648818 0.507900
vt 0.713089 0.458850
vt 0.648818 0.507900
vt 0.655524 0.448157
vt 0.648818 0.507900
vt 0.640893 0.645064
vt 0.531182 0.642540
vt 0.721014 0.528346
vt 0.696194 0.593716
vt 0.640893 0.645064
vt 0.721014 0.528346
vt 0.640893 0.645064
vt 0.648818 0.507900
vt 0.796720 0.796336
vt 0.674796 0.834861
vt 0.723693 0.783001
vt 0.796720 0.796336
vt 0.723693 0.783001
vt 0.799472 0.762680
vt 0.799472 0.762680
vt 0.871653 0.756753
vt 0.833340 0.797183
vt 0.799472 0.762680
vt 0.833340 0.797183
vt 0.796720 0.796336
vt 0.799472 0.821525
vt 0.733853 0.858356
vt 0.674796 0.834861
vt 0.799472 0.821525
vt 0.674796 0.834861
vt 0.796720 0.796336
vt 0.799472 0.821525
vt 0.797355 0.897093
vt 0.733853 0.858356
vt 0.796720 0.796336
vt 0.833340 0.797183
vt 0.827371 0.865384
vt 0.796720 0.796336
vt 0.827371 0.865384
vt 0.799472 0.821525
vt 0.833340 0.797183
vt 0.923301 0.796336
vt 0.827371 0.865384
vt 0.871653 0.756753
vt 0.956957 0.776651
vt 0.923301 0.796336
vt 0.871653 0.756753
vt 0.923301 0.796336
vt 0.833340 0.797183
vt 0.547052 0.543086
vt 0.648818 0.507900
vt 0.531182 0.642540
vt 0.866447 0.071682
vt 0.856286 0.131120
vt 0.757731 0.114356
vt 0.866447 0.071682
vt 0.757731 0.114356
vt 0.777036 0.005640
vt 0.777036 0.005640
vt 0.757731 0.114356
vt 0.687625 0.098607
vt 0.745285 0.159315
vt 0.757731 0.114356
vt 0.856286 0.131120
vt 0.745285 0.159315
vt 0.856286 0.131120
vt 0.850952 0.214181
vt 0.757731 0.114356
vt 0.745285 0.159315
vt 0.703627 0.145344
vt 0.757731 0.114356
vt 0.703627 0.145344
vt 0.687625 0.098607
vt 0.732838 0.204274
vt 0.745285 0.159315
vt 0.850952 0.214181
vt 0.732838 0.204274
vt 0.850952 0.214181
vt 0.779068 0.234247
vt 0.732838 0.204274
vt 0.779068 0.234247
vt 0.766367 0.257108
vt 0.732838 0.204274
vt 0.766367 0.257108
vt 0.729790 0.232215
vt 0.729790 0.232215
vt 0.766367 0.257108
vt 0.773988 0.353123
vt 0.732838 0.204274
vt 0.729790 0.232215
vt 0.699309 0.215451
vt 0.732838 0.204274
vt 0.699309 0.215451
vt 0.697785 0.196146
vt 0.702357 0.312482
vt 0.699309 0.215451
vt 0.729790 0.232215
vt 0.745285 0.159315
vt 0.732838 0.204274
vt 0.697785 0.196146
vt 0.745285 0.159315
vt 0.697785 0.196146
vt 0.703627 0.145344
vn 0.478891 0.672346 -0.564459
vn 0.616199 0.658446 -0.432143
vn 0.414857 0.715647 -0.561910
vn 0.478891 0.672346 -0.564459
vn 0.414857 0.715647 -0.561910
vn 0.356469 0.677162 -0.643725
vn 0.797041 0.556413 -0.234800
vn 0.616199 0.658446 -0.432143
vn 0.478891 0.672346 -0.564459
vn 0.797041 0.556413 -0.234800
vn 0.791479 0.580952 0.189885
vn 0.740013 0.663173 -0.112171
vn 0.797041 0.556413 -0.234800
vn 0.740013 0.663173 -0.112171
vn 0.616199 0.658446 -0.432143
vn 0.791479 0.580952 0.189885
vn 0.560037 0.737769 0.376903
vn 0.642993 0.743271 0.184683
vn 0.791479 0.580952 0.189885
vn 0.642993 0.743271 0.184683
vn 0.740013 0.663173 -0.112171
vn 0.616199 0.658446 -0.432143
vn 0.740013 0.663173 -0.112171
vn 0.644617 0.719653 -0.258008
vn 0.616199 0.658446 -0.432143
vn 0.644617 0.719653 -0.258008
vn 0.414857 0.715647 -0.561910
vn 0.644617 0.719653 -0.258008
vn 0.740013 0.663173 -0.112171
vn 0.642993 0.743271 0.184683
vn 0.644617 0.719653 -0.258008
vn 0.642993 0.743271 0.184683
vn 0.713595 0.697173 -0.068791
vn 0.642993 0.743271 0.184683
vn 0.578384 0.811237 0.085823
vn 0.621117 0.783455 0.020306
vn 0.642993 0.743271 0.184683
vn 0.621117 0.783455 0.020306
vn 0.713595 0.697173 -0.068791
vn 0.578384 0.811237 0.085823
vn 0.563778 0.825468 0.027502
vn 0.621117 0.783455 0.020306
vn 0.578384 0.811237 0.085823
vn 0.642993 0.743271 0.184683
vn 0.560037 0.737769 0.376903
vn 0.599569 0.633718 0.488793
vn 0.462468 0.616481 0.637240
vn 0.596160 0.680147 0.426607
vn 0.599569 0.633718 0.488793
vn 0.596160 0.680147 0.426607
vn 0.678111 0.642574 0.356742
vn 0.244957 0.511130 0.823858
vn 0.462468 0.616481 0.637240
vn 0.599569 0.633718 0.488793
vn 0.244957 0.511130 0.823858
vn -0.207632 0.547672 0.810521
vn 0.122652 0.623735 0.771953
vn 0.244957 0.511130 0.823858
vn 0.122652 0.623735 0.771953
vn 0.462468 0.616481 0.637240
vn -0.207632 0.547672 0.810521
vn -0.400905 0.656392 0.639081
vn -0.166335 0.642222 0.748253
vn -0.207632 0.547672 0.810521
vn -0.166335 0.642222 0.748253
vn 0.122652 0.623735 0.771953
vn 0.462468 0.616481 0.637240
vn 0.122652 0.623735 0.771953
vn 0.281230 0.680807 0.676322
vn 0.462468 0.616481 0.637240
vn 0.281230 0.680807 0.676322
vn 0.596160 0.680147 0.426607
vn 0.281230 0.680807 0.676322
vn 0.122652 0.623735 0.771953
vn -0.166335 0.642222 0.748253
vn 0.281230 0.680807 0.676322
vn -0.166335 0.642222 0.748253
vn 0.107758 0.635376 0.764647
vn -0.166335 0.642222 0.748253
vn 0.015513 0.634982 0.772371
vn 0.107758 0.635376 0.764647
vn -0.166335 0.642222 0.748253
vn 0.107758 0.635376 0.764647
vn 0.107758 0.635376 0.764647
vn 0.015513 0.634982 0.772371
vn 0.107758 0.635376 0.764647
vn 0.107758 0.635376 0.764647
vn 0.015513 0.634982 0.772371
vn -0.166335 0.642222 0.748253
vn -0.400905 0.656392 0.639081
vn 0.183965 0.630441 -0.754123
vn 0.168859 0.783262 -0.598320
vn 0.253989 0.790128 -0.557842
vn 0.183965 0.630441 -0.754123
vn 0.253989 0.790128 -0.557842
vn 0.269616 0.643586 -0.716313
vn 0.269616 0.643586 -0.716313
vn 0.253989 0.790128 -0.557842
vn 0.343724 0.799997 -0.491791
vn 0.177752 0.894788 -0.409584
vn 0.253989 0.790128 -0.557842
vn 0.168859 0.783262 -0.598320
vn 0.177752 0.894788 -0.409584
vn 0.168859 0.783262 -0.598320
vn 0.118824 0.914903 -0.385789
vn 0.253989 0.790128 -0.557842
vn 0.177752 0.894788 -0.409584
vn 0.237376 0.867672 -0.436804
vn 0.253989 0.790128 -0.557842
vn 0.237376 0.867672 -0.436804
vn 0.343724 0.799997 -0.491791
vn 0.069710 0.840776 -0.536876
vn 0.177752 0.894788 -0.409584
vn 0.118824 0.914903 -0.385789
vn 0.069710 0.840776 -0.536876
vn 0.118824 0.914903 -0.385789
vn 0.031397 0.867003 -0.497312
vn 0.069710 0.840776 -0.536876
vn 0.031397 0.867003 -0.497312
vn -0.148678 0.672421 -0.725083
vn 0.069710 0.840776 -0.536876
vn -0.148678 0.672421 -0.725083
vn -0.087429 0.706859 -0.701930
vn -0.087429 0.706859 -0.701930
vn -0.148678 0.672421 -0.725083
vn -0.203082 0.614855 -0.762044
vn 0.069710 0.840776 -0.536876
vn -0.087429 0.706859 -0.701930
vn -0.031736 0.730684 -0.681977
vn 0.069710 0.840776 -0.536876
vn -0.031736 0.730684 -0.681977
vn 0.108339 0.810436 -0.575723
vn -0.123046 0.641327 -0.757337
vn -0.031736 0.730684 -0.681977
vn -0.087429 0.706859 -0.701930
vn 0.177752 0.894788 -0.409584
vn 0.069710 0.840776 -0.536876
vn 0.108339 0.810436 -0.575723
vn 0.177752 0.894788 -0.409584
vn 0.108339 0.810436 -0.575723
vn 0.237376 0.867672 -0.436804
vn 0.702663 0.691881 -0.166027
vn 0.700449 0.701213 -0.132935
vn 0.564298 0.793538 -0.227741
vn 0.702663 0.691881 -0.166027
vn 0.564298 0.793538 -0.227741
vn 0.689380 0.693181 -0.210369
vn 0.711348 0.690869 -0.129163
vn 0.722862 0.681323 -0.115190
vn 0.700449 0.701213 -0.132935
vn 0.711348 0.690869 -0.129163
vn 0.700449 0.701213 -0.132935
vn 0.702663 0.691881 -0.166027
vn 0.700449 0.701213 -0.132935
vn 0.745106 0.656923 0.115194
vn 0.684081 0.729280 0.013592
vn 0.722862 0.681323 -0.115190
vn 0.734252 0.671415 -0.100385
vn 0.745106 0.656923 0.115194
vn 0.722862 0.681323 -0.115190
vn 0.745106 0.656923 0.115194
vn 0.700449 0.701213 -0.132935
vn 0.080150 0.671341 -0.736802
vn 0.189487 0.704947 -0.683480
vn 0.193263 0.700072 -0.687422
vn 0.080150 0.671341 -0.736802
vn 0.193263 0.700072 -0.687422
vn -0.013466 0.715507 -0.698476
vn -0.013466 0.715507 -0.698476
vn 0.090877 0.614528 -0.783643
vn -0.000465 0.594305 -0.804240
vn -0.013466 0.715507 -0.698476
vn -0.000465 0.594305 -0.804240
vn 0.080150 0.671341 -0.736802
vn 0.088834 0.679633 -0.728154
vn 0.067516 0.810772 -0.581456
vn 0.189487 0.704947 -0.683480
vn 0.088834 0.679633 -0.728154
vn 0.189487 0.704947 -0.683480
vn 0.080150 0.671341 -0.736802
vn 0.088834 0.679633 -0.728154
vn -0.086129 0.927606 -0.363496
vn 0.067516 0.810772 -0.581456
vn 0.080150 0.671341 -0.736802
vn -0.000465 0.594305 -0.804240
vn 0.122850 0.477602 -0.869945
vn 0.080150 0.671341 -0.736802
vn 0.122850 0.477602 -0.869945
vn 0.088834 0.679633 -0.728154
vn -0.000465 0.594305 -0.804240
vn 0.195172 0.547900 -0.813458
vn 0.122850 0.477602 -0.869945
vn 0.090877 0.614528 -0.783643
vn 0.200926 0.573280 -0.794342
vn 0.195172 0.547900 -0.813458
vn 0.090877 0.614528 -0.783643
vn 0.195172 0.547900 -0.813458
vn -0.000465 0.594305 -0.804240
vn 0.564298 0.793538 -0.227741
vn 0.700449 0.701213 -0.132935
vn 0.684081 0.729280 0.013592
vn 0.594278 0.696348 0.402410
vn 0.612383 0.759177 0.220541
vn 0.691570 0.719409 0.064659
vn 0.594278 0.696348 0.402410
vn 0.691570 0.719409 0.064659
vn 0.723096 0.688586 0.054599
vn 0.612383 0.759177 0.220541
vn 0.594278 0.696348 0.402410
vn 0.493889 0.802153 0.335596
vn 0.632475 0.698427 0.334925
vn 0.594278 0.696348 0.402410
vn 0.723096 0.688586 0.054599
vn 0.632475 0.698427 0.334925
vn 0.723096 0.688586 0.054599
vn 0.720922 0.682568 0.119888
vn 0.663473 0.685675 0.299423
vn 0.632475 0.698427 0.334925
vn 0.720922 0.682568 0.119888
vn 0.663473 0.685675 0.299423
vn 0.720922 0.682568 0.119888
vn 0.681551 0.696204 0.225363
vn 0.468130 0.705443 0.532170
vn 0.493889 0.802153 0.335596
vn 0.594278 0.696348 0.402410
vn 0.468130 0.705443 0.532170
vn 0.594278 0.696348 0.402410
vn 0.632475 0.698427 0.334925
vn 0.632475 0.698427 0.334925
vn 0.663473 0.685675 0.299423
vn 0.607312 0.676129 0.417158
vn 0.632475 0.698427 0.334925
vn 0.607312 0.676129 0.417158
vn 0.468130 0.705443 0.532170
vn 0.663473 0.685675 0.299423
vn 0.698578 0.679484 0.224254
vn 0.607312 0.676129 0.417158
vn 0.663473 0.685675 0.299423
vn 0.681551 0.696204 0.225363
vn 0.698578 0.679484 0.224254
vn 0.475447 0.879036 0.035294
vn 0.612383 0.759177 0.220541
vn 0.493889 0.802153 0.335596
vn -0.282043 0.646762 -0.708626
vn -0.204416 0.670893 -0.712823
vn 0.051334 0.708484 -0.703857
vn -0.282043 0.646762 -0.708626
vn 0.051334 0.708484 -0.703857
vn 0.005075 0.591228 -0.806489
vn -0.438279 0.691701 -0.573987
vn -0.404974 0.688477 -0.601661
vn -0.204416 0.670893 -0.712823
vn -0.438279 0.691701 -0.573987
vn -0.204416 0.670893 -0.712823
vn -0.282043 0.646762 -0.708626
vn -0.204416 0.670893 -0.712823
vn -0.064142 0.744984 -0.663992
vn 0.070278 0.767918 -0.636681
vn -0.204416 0.670893 -0.712823
vn 0.070278 0.767918 -0.636681
vn 0.051334 0.708484 -0.703857
vn -0.404974 0.688477 -0.601661
vn -0.379411 0.686148 -0.620684
vn -0.064142 0.744984 -0.663992
vn -0.404974 0.688477 -0.601661
vn -0.064142 0.744984 -0.663992
vn -0.204416 0.670893 -0.712823
vn -0.462733 0.674055 -0.575785
vn -0.462733 0.674055 -0.575785
vn -0.462733 0.674055 -0.575785
vn -0.462733 0.674055 -0.575785
vn -0.462733 0.674055 -0.575785
vn -0.462733 0.674055 -0.575785
vn -0.462733 0.674055 -0.575785
vn -0.462733 0.674055 -0.575785
vn -0.462733 0.674055 -0.575785
vn -0.462733 0.674055 -0.575785
vn -0.462733 0.674055 -0.575785
vn -0.462733 0.674055 -0.575785
vn -0.462733 0.674055 -0.575785
vn -0.462733 0.674055 -0.575785
vn -0.462733 0.674055 -0.575785
vn -0.462733 0.674055 -0.575785
vn -0.462733 0.674055 -0.575785
vn -0.462733 0.674055 -0.575785
vn -0.462733 0.674055 -0.575785
vn -0.462733 0.674055 -0.575785
vn -0.462733 0.674055 -0.575785
vn -0.462733 0.674055 -0.575785
vn -0.462733 0.674055 -0.575785
vn -0.462733 0.674055 -0.575785
vn -0.462733 0.674055 -0.575785
vn -0.462733 0.674055 -0.575785
vn -0.462733 0.674055 -0.575785
vn -0.462733 0.674055 -0.575785
vn -0.462733 0.674055 -0.575785
vn -0.462733 0.674055 -0.575785
vn -0.462733 0.674055 -0.575785
vn -0.462733 0.674055 -0.575785
vn -0.462733 0.674055 -0.575785
vn -0.462733 0.674055 -0.575785
vn -0.462733 0.674055 -0.575785
vn -0.462733 0.674055 -0.575785
vn -0.462733 0.674055 -0.575785
vn -0.462733 0.674055 -0.575785
vn -0.462733 0.674055 -0.575785
vn -0.462733 0.674055 -0.575785
vn -0.462733 0.674055 -0.575785
vn -0.462733 0.674055 -0.575785
vn 0.386866 0.861274 0.329457
vn 0.579450 0.809104 0.097923
vn 0.552314 0.813756 0.180970
vn 0.386866 0.861274 0.329457
vn 0.552314 0.813756 0.180970
vn 0.464302 0.806232 0.366625
vn 0.579450 0.809104 0.097923
vn 0.537543 0.833698 -0.126477
vn 0.622405 0.772981 -0.122932
vn 0.579450 0.809104 0.097923
vn 0.622405 0.772981 -0.122932
vn 0.544480 0.838753 0.005931
vn 0.579450 0.809104 0.097923
vn 0.544480 0.838753 0.005931
vn 0.552314 0.813756 0.180970
vn 0.552314 0.813756 0.180970
vn 0.544480 0.838753 0.005931
vn 0.413547 0.895238 0.165916
vn 0.544480 0.838753 0.005931
vn 0.368899 0.924276 0.098118
vn 0.413547 0.895238 0.165916
vn 0.413547 0.895238 0.165916
vn 0.409943 0.895405 0.173774
vn 0.464302 0.806232 0.366625
vn 0.413547 0.895238 0.165916
vn 0.464302 0.806232 0.366625
vn 0.552314 0.813756 0.180970
vn 0.221173 0.974510 -0.037584
vn 0.409943 0.895405 0.173774
vn 0.413547 0.895238 0.165916
vn -0.009947 0.691881 -0.721943
vn 0.021881 0.701213 -0.712616
vn -0.100155 0.793538 -0.600222
vn -0.009947 0.691881 -0.721943
vn -0.100155 0.793538 -0.600222
vn -0.056112 0.693181 -0.718576
vn 0.027924 0.690869 -0.722440
vn 0.044059 0.681323 -0.730655
vn 0.021881 0.701213 -0.712616
vn 0.027924 0.690869 -0.722440
vn 0.021881 0.701213 -0.712616
vn -0.009947 0.691881 -0.721943
vn 0.021881 0.701213 -0.712616
vn 0.273794 0.656923 -0.702488
vn 0.161388 0.729280 -0.664910
vn 0.044059 0.681323 -0.730655
vn 0.060978 0.671415 -0.738569
vn 0.273794 0.656923 -0.702488
vn 0.044059 0.681323 -0.730655
vn 0.273794 0.656923 -0.702488
vn 0.021881 0.701213 -0.712616
vn -0.701969 0.671341 -0.237783
vn -0.626238 0.704947 -0.332981
vn -0.629269 0.700072 -0.337521
vn -0.701969 0.671341 -0.237783
vn -0.629269 0.700072 -0.337521
vn -0.684822 0.715507 -0.138089
vn -0.684822 0.715507 -0.138089
vn -0.745376 0.614528 -0.258398
vn -0.785262 0.594305 -0.173682
vn -0.684822 0.715507 -0.138089
vn -0.785262 0.594305 -0.173682
vn -0.701969 0.671341 -0.237783
vn -0.691646 0.679633 -0.244388
vn -0.553044 0.810772 -0.191812
vn -0.626238 0.704947 -0.332981
vn -0.691646 0.679633 -0.244388
vn -0.626238 0.704947 -0.332981
vn -0.701969 0.671341 -0.237783
vn -0.691646 0.679633 -0.244388
vn -0.373522 0.927606 0.005381
vn -0.553044 0.810772 -0.191812
vn -0.701969 0.671341 -0.237783
vn -0.785262 0.594305 -0.173682
vn -0.822708 0.477602 -0.308298
vn -0.701969 0.671341 -0.237783
vn -0.822708 0.477602 -0.308298
vn -0.691646 0.679633 -0.244388
vn -0.785262 0.594305 -0.173682
vn -0.751902 0.547900 -0.366674
vn -0.822708 0.477602 -0.308298
vn -0.745376 0.614528 -0.258398
vn -0.731993 0.573280 -0.368152
vn -0.751902 0.547900 -0.366674
vn -0.745376 0.614528 -0.258398
vn -0.751902 0.547900 -0.366674
vn -0.785262 0.594305 -0.173682
vn -0.100155 0.793538 -0.600222
vn 0.021881 0.701213 -0.712616
vn 0.161388 0.729280 -0.664910
vn 0.520689 0.696348 -0.493946
vn 0.346956 0.759177 -0.550702
vn 0.211728 0.719409 -0.661530
vn 0.520689 0.696348 -0.493946
vn 0.211728 0.719409 -0.661530
vn 0.208675 0.688586 -0.694481
vn 0.346956 0.759177 -0.550702
vn 0.520689 0.696348 -0.493946
vn 0.433867 0.802153 -0.410256
vn 0.462986 0.698427 -0.545751
vn 0.520689 0.696348 -0.493946
vn 0.208675 0.688586 -0.694481
vn 0.462986 0.698427 -0.545751
vn 0.208675 0.688586 -0.694481
vn 0.271972 0.682568 -0.678330
vn 0.434973 0.685675 -0.583651
vn 0.462986 0.698427 -0.545751
vn 0.271972 0.682568 -0.678330
vn 0.434973 0.685675 -0.583651
vn 0.271972 0.682568 -0.678330
vn 0.366526 0.696204 -0.617219
vn 0.620317 0.705443 -0.342866
vn 0.433867 0.802153 -0.410256
vn 0.520689 0.696348 -0.493946
vn 0.620317 0.705443 -0.342866
vn 0.520689 0.696348 -0.493946
vn 0.462986 0.698427 -0.545751
vn 0.462986 0.698427 -0.545751
vn 0.434973 0.685675 -0.583651
vn 0.537893 0.676129 -0.503508
vn 0.462986 0.698427 -0.545751
vn 0.537893 0.676129 -0.503508
vn 0.620317 0.705443 -0.342866
vn 0.434973 0.685675 -0.583651
vn 0.369101 0.679484 -0.634087
vn 0.537893 0.676129 -0.503508
vn 0.434973 0.685675 -0.583651
vn 0.366526 0.696204 -0.617219
vn 0.369101 0.679484 -0.634087
vn 0.136615 0.879036 -0.456762
vn 0.346956 0.759177 -0.550702
vn 0.433867 0.802153 -0.410256
vn 0.500729 0.691881 -0.520164
vn 0.516793 0.701213 -0.491147
vn 0.350992 0.793538 -0.497094
vn 0.500729 0.691881 -0.520164
vn 0.350992 0.793538 -0.497094
vn 0.465546 0.693181 -0.550243
vn 0.527998 0.690869 -0.493880
vn 0.545246 0.681323 -0.488371
vn 0.516793 0.701213 -0.491147
vn 0.527998 0.690869 -0.493880
vn 0.516793 0.701213 -0.491147
vn 0.500729 0.691881 -0.520164
vn 0.516793 0.701213 -0.491147
vn 0.688732 0.656923 -0.306758
vn 0.582401 0.729280 -0.359110
vn 0.545246 0.681323 -0.488371
vn 0.562839 0.671415 -0.482095
vn 0.688732 0.656923 -0.306758
vn 0.545246 0.681323 -0.488371
vn 0.688732 0.656923 -0.306758
vn 0.516793 0.701213 -0.491147
vn -0.331718 0.671341 -0.662770
vn -0.210927 0.704947 -0.677170
vn -0.209888 0.700072 -0.682530
vn -0.331718 0.671341 -0.662770
vn -0.209888 0.700072 -0.682530
vn -0.389652 0.715507 -0.579845
vn -0.389652 0.715507 -0.579845
vn -0.348073 0.614528 -0.707955
vn -0.436011 0.594305 -0.675793
vn -0.389652 0.715507 -0.579845
vn -0.436011 0.594305 -0.675793
vn -0.331718 0.671341 -0.662770
vn -0.319734 0.679633 -0.660204
vn -0.258195 0.810772 -0.525343
vn -0.210927 0.704947 -0.677170
vn -0.319734 0.679633 -0.660204
vn -0.210927 0.704947 -0.677170
vn -0.331718 0.671341 -0.662770
vn -0.319734 0.679633 -0.660204
vn -0.269290 0.927606 -0.258903
vn -0.258195 0.810772 -0.525343
vn -0.331718 0.671341 -0.662770
vn -0.436011 0.594305 -0.675793
vn -0.367942 0.477602 -0.797819
vn -0.331718 0.671341 -0.662770
vn -0.367942 0.477602 -0.797819
vn -0.319734 0.679633 -0.660204
vn -0.436011 0.594305 -0.675793
vn -0.276552 0.547900 -0.789509
vn -0.367942 0.477602 -0.797819
vn -0.348073 0.614528 -0.707955
vn -0.261360 0.573280 -0.776557
vn -0.276552 0.547900 -0.789509
vn -0.348073 0.614528 -0.707955
vn -0.276552 0.547900 -0.789509
vn -0.436011 0.594305 -0.675793
vn 0.350992 0.793538 -0.497094
vn 0.516793 0.701213 -0.491147
vn 0.582401 0.729280 -0.359110
vn -0.294208 0.691881 0.659350
vn -0.319174 0.701213 0.637517
vn -0.161217 0.793538 0.586776
vn -0.294208 0.691881 0.659350
vn -0.161217 0.793538 0.586776
vn -0.250898 0.693181 0.675685
vn -0.328785 0.690869 0.643894
vn -0.346878 0.681323 0.644573
vn -0.319174 0.701213 0.637517
vn -0.328785 0.690869 0.643894
vn -0.319174 0.701213 0.637517
vn -0.294208 0.691881 0.659350
vn -0.319174 0.701213 0.637517
vn -0.543534 0.656923 0.522516
vn -0.425741 0.729280 0.535626
vn -0.346878 0.681323 0.644573
vn -0.365557 0.671415 0.644648
vn -0.543534 0.656923 0.522516
vn -0.346878 0.681323 0.644573
vn -0.543534 0.656923 0.522516
vn -0.319174 0.701213 0.637517
vn 0.537171 0.671341 0.510636
vn 0.428458 0.704947 0.565220
vn 0.429302 0.700072 0.570613
vn 0.537171 0.671341 0.510636
vn 0.429302 0.700072 0.570613
vn 0.563483 0.715507 0.412960
vn 0.563483 0.715507 0.412960
vn 0.567904 0.614528 0.547576
vn 0.639684 0.594305 0.487449
vn 0.563483 0.715507 0.412960
vn 0.639684 0.594305 0.487449
vn 0.537171 0.671341 0.510636
vn 0.525027 0.679633 0.512295
vn 0.421328 0.810771 0.406365
vn 0.428458 0.704947 0.565220
vn 0.525027 0.679633 0.512295
vn 0.428458 0.704947 0.565220
vn 0.537171 0.671341 0.510636
vn 0.525027 0.679633 0.512295
vn 0.341236 0.927606 0.152005
vn 0.421328 0.810771 0.406365
vn 0.537171 0.671341 0.510636
vn 0.639684 0.594305 0.487449
vn 0.617124 0.477602 0.625343
vn 0.537171 0.671341 0.510636
vn 0.617124 0.477602 0.625343
vn 0.525027 0.679633 0.512295
vn 0.639684 0.594305 0.487449
vn 0.528348 0.547900 0.648579
vn 0.617124 0.477602 0.625343
vn 0.567904 0.614528 0.547576
vn 0.509659 0.573280 0.641559
vn 0.528348 0.547900 0.648579
vn 0.567904 0.614528 0.547576
vn 0.528348 0.547900 0.648579
vn 0.639684 0.594305 0.487449
vn -0.161217 0.793538 0.586776
vn -0.319174 0.701213 0.637517
vn -0.425741 0.729280 0.535626
vn 0.613155 0.691881 -0.381236
vn 0.621599 0.701213 -0.349163
vn 0.462339 0.793538 -0.395652
vn 0.613155 0.691881 -0.381236
vn 0.462339 0.793538 -0.395652
vn 0.586438 0.693181 -0.419035
vn 0.633133 0.690869 -0.349059
vn 0.648498 0.681323 -0.339482
vn 0.621599 0.701213 -0.349163
vn 0.633133 0.690869 -0.349059
vn 0.621599 0.701213 -0.349163
vn 0.613155 0.691881 -0.381236
vn 0.621599 0.701213 -0.349163
vn 0.742980 0.656923 -0.128190
vn 0.652766 0.729280 -0.205056
vn 0.648498 0.681323 -0.339482
vn 0.664011 0.671415 -0.329078
vn 0.742980 0.656923 -0.128190
vn 0.648498 0.681323 -0.339482
vn 0.742980 0.656923 -0.128190
vn 0.621599 0.701213 -0.349163
vn -0.158762 0.671341 -0.723945
vn -0.038134 0.704947 -0.708234
vn -0.035811 0.700072 -0.713174
vn -0.158762 0.671341 -0.723945
vn -0.035811 0.700072 -0.713174
vn -0.235290 0.715507 -0.657790
vn -0.235290 0.715507 -0.657790
vn -0.163517 0.614528 -0.771762
vn -0.256661 0.594305 -0.762185
vn -0.235290 0.715507 -0.657790
vn -0.256661 0.594305 -0.762185
vn -0.158762 0.671341 -0.723945
vn -0.147775 0.679633 -0.718514
vn -0.121247 0.810772 -0.572668
vn -0.038134 0.704947 -0.708234
vn -0.147775 0.679633 -0.718514
vn -0.038134 0.704947 -0.708234
vn -0.158762 0.671341 -0.723945
vn -0.147775 0.679633 -0.718514
vn -0.197447 0.927606 -0.317116
vn -0.121247 0.810772 -0.572668
vn -0.158762 0.671341 -0.723945
vn -0.256661 0.594305 -0.762185
vn -0.160705 0.477602 -0.863753
vn -0.158762 0.671341 -0.723945
vn -0.160705 0.477602 -0.863753
vn -0.147775 0.679633 -0.718514
vn -0.256661 0.594305 -0.762185
vn -0.074156 0.547900 -0.833251
vn -0.160705 0.477602 -0.863753
vn -0.163517 0.614528 -0.771762
vn -0.062611 0.573280 -0.816964
vn -0.074156 0.547900 -0.833251
vn -0.163517 0.614528 -0.771762
vn -0.074156 0.547900 -0.833251
vn -0.256661 0.594305 -0.762185
vn 0.462339 0.793538 -0.395652
vn 0.621599 0.701213 -0.349163
vn 0.652766 0.729280 -0.205056
vn 0.043152 0.646762 -0.761471
vn 0.115306 0.670893 -0.732534
vn 0.343413 0.708484 -0.616536
vn 0.043152 0.646762 -0.761471
vn 0.343413 0.708484 -0.616536
vn 0.344758 0.591228 -0.729103
vn -0.155295 0.691701 -0.705290
vn -0.113425 0.688477 -0.716334
vn 0.115306 0.670893 -0.732534
vn -0.155295 0.691701 -0.705290
vn 0.115306 0.670893 -0.732534
vn 0.043152 0.646762 -0.761471
vn 0.115306 0.670893 -0.732534
vn 0.221897 0.744984 -0.629095
vn 0.332257 0.767918 -0.547638
vn 0.115306 0.670893 -0.732534
vn 0.332257 0.767918 -0.547638
vn 0.343413 0.708484 -0.616536
vn -0.113425 0.688477 -0.716334
vn -0.082223 0.686148 -0.722801
vn 0.221897 0.744984 -0.629095
vn -0.113425 0.688477 -0.716334
vn 0.221897 0.744984 -0.629095
vn 0.115306 0.670893 -0.732534
vn 0.602449 0.691881 0.397939
vn 0.576832 0.701213 0.419005
vn 0.552570 0.793538 0.254881
vn 0.602449 0.691881 0.397939
vn 0.552570 0.793538 0.254881
vn 0.625638 0.693181 0.357878
vn 0.581554 0.690869 0.429528
vn 0.579269 0.681323 0.447488
vn 0.576832 0.701213 0.419005
vn 0.581554 0.690869 0.429528
vn 0.576832 0.701213 0.419005
vn 0.602449 0.691881 0.397939
vn 0.576832 0.701213 0.419005
vn 0.426734 0.656923 0.621571
vn 0.458906 0.729280 0.507500
vn 0.579269 0.681323 0.447488
vn 0.576293 0.671415 0.465929
vn 0.426734 0.656923 0.621571
vn 0.579269 0.681323 0.447488
vn 0.426734 0.656923 0.621571
vn 0.576832 0.701213 0.419005
vn 0.591508 0.671341 -0.446565
vn 0.627605 0.704947 -0.330397
vn 0.633063 0.700072 -0.330349
vn 0.591508 0.671341 -0.446565
vn 0.633063 0.700072 -0.330349
vn 0.499441 0.715507 -0.488476
vn 0.499441 0.715507 -0.488476
vn 0.632971 0.614528 -0.470853
vn 0.585374 0.594305 -0.551488
vn 0.499441 0.715507 -0.488476
vn 0.585374 0.594305 -0.551488
vn 0.591508 0.671341 -0.446565
vn 0.591161 0.679633 -0.434314
vn 0.469718 0.810772 -0.349306
vn 0.627605 0.704947 -0.330397
vn 0.591161 0.679633 -0.434314
vn 0.627605 0.704947 -0.330397
vn 0.591508 0.671341 -0.446565
vn 0.591161 0.679633 -0.434314
vn 0.205693 0.927606 -0.311830
vn 0.469718 0.810772 -0.349306
vn 0.591508 0.671341 -0.446565
vn 0.585374 0.594305 -0.551488
vn 0.717732 0.477602 -0.506712
vn 0.591508 0.671341 -0.446565
vn 0.717732 0.477602 -0.506712
vn 0.591161 0.679633 -0.434314
vn 0.585374 0.594305 -0.551488
vn 0.726158 0.547900 -0.415332
vn 0.717732 0.477602 -0.506712
vn 0.632971 0.614528 -0.470853
vn 0.716180 0.573280 -0.398041
vn 0.726158 0.547900 -0.415332
vn 0.632971 0.614528 -0.470853
vn 0.726158 0.547900 -0.415332
vn 0.585374 0.594305 -0.551488
vn 0.552570 0.793538 0.254881
vn 0.576832 0.701213 0.419005
vn 0.458906 0.729280 0.507500
vn -0.711571 0.691881 -0.122336
vn -0.696578 0.701213 -0.151919
vn -0.608414 0.793538 -0.011376
vn -0.711571 0.691881 -0.122336
vn -0.608414 0.793538 -0.011376
vn -0.716710 0.693181 -0.076334
vn -0.705130 0.690869 -0.159658
vn -0.710254 0.681323 -0.177024
vn -0.696578 0.701213 -0.151919
vn -0.705130 0.690869 -0.159658
vn -0.696578 0.701213 -0.151919
vn -0.711571 0.691881 -0.122336
vn -0.696578 0.701213 -0.151919
vn -0.640521 0.656923 -0.397724
vn -0.624148 0.729280 -0.280341
vn -0.710254 0.681323 -0.177024
vn -0.714938 0.671415 -0.195106
vn -0.640521 0.656923 -0.397724
vn -0.710254 0.681323 -0.177024
vn -0.640521 0.656923 -0.397724
vn -0.696578 0.701213 -0.151919
vn -0.362227 0.671341 0.646601
vn -0.441958 0.704947 0.554728
vn -0.446977 0.700072 0.556877
vn -0.362227 0.671341 0.646601
vn -0.446977 0.700072 0.556877
vn -0.261079 0.715507 0.647987
vn -0.261079 0.715507 0.647987
vn -0.390437 0.614528 0.685503
vn -0.314451 0.594305 0.740218
vn -0.261079 0.715507 0.647987
vn -0.314451 0.594305 0.740218
vn -0.362227 0.671341 0.646601
vn -0.366832 0.679633 0.635243
vn -0.289779 0.810772 0.508603
vn -0.441958 0.704947 0.554728
vn -0.366832 0.679633 0.635243
vn -0.441958 0.704947 0.554728
vn -0.362227 0.671341 0.646601
vn -0.366832 0.679633 0.635243
vn -0.063064 0.927606 0.368199
vn -0.289779 0.810772 0.508603
vn -0.362227 0.671341 0.646601
vn -0.314451 0.594305 0.740218
vn -0.453646 0.477602 0.752397
vn -0.362227 0.671341 0.646601
vn -0.453646 0.477602 0.752397
vn -0.366832 0.679633 0.635243
vn -0.314451 0.594305 0.740218
vn -0.498079 0.547900 0.672104
vn -0.453646 0.477602 0.752397
vn -0.390437 0.614528 0.685503
vn -0.495889 0.573280 0.652261
vn -0.498079 0.547900 0.672104
vn -0.390437 0.614528 0.685503
vn -0.498079 0.547900 0.672104
vn -0.314451 0.594305 0.740218
vn -0.608414 0.793538 -0.011376
vn -0.696578 0.701213 -0.151919
vn -0.624148 0.729280 -0.280341
vn 0.254367 0.691881 0.675720
vn 0.221263 0.701213 0.677748
vn 0.297912 0.793538 0.530609
vn 0.254367 0.691881 0.675720
vn 0.297912 0.793538 0.530609
vn 0.296650 0.693181 0.656886
vn 0.218912 0.690869 0.689041
vn 0.206524 0.681323 0.702244
vn 0.221263 0.701213 0.677748
vn 0.218912 0.690869 0.689041
vn 0.221263 0.701213 0.677748
vn 0.254367 0.691881 0.675720
vn 0.221263 0.701213 0.677748
vn -0.019136 0.656923 0.753715
vn 0.073845 0.729280 0.680219
vn 0.206524 0.681323 0.702244
vn 0.193294 0.671415 0.715430
vn -0.019136 0.656923 0.753715
vn 0.206524 0.681323 0.702244
vn -0.019136 0.656923 0.753715
vn 0.221263 0.701213 0.677748
vn 0.741006 0.671341 -0.014561
vn 0.702077 0.704947 0.100688
vn 0.706469 0.700072 0.103930
vn 0.741006 0.671341 -0.014561
vn 0.706469 0.700072 0.103930
vn 0.691042 0.715507 -0.102519
vn 0.691042 0.715507 -0.102519
vn 0.788833 0.614528 -0.009901
vn 0.797601 0.594305 -0.103125
vn 0.691042 0.715507 -0.102519
vn 0.797601 0.594305 -0.103125
vn 0.741006 0.671341 -0.014561
vn 0.733537 0.679633 -0.004844
vn 0.585318 0.810772 -0.007262
vn 0.702077 0.704947 0.100688
vn 0.733537 0.679633 -0.004844
vn 0.702077 0.704947 0.100688
vn 0.741006 0.671341 -0.014561
vn 0.733537 0.679633 -0.004844
vn 0.349527 0.927606 -0.131826
vn 0.585318 0.810772 -0.007262
vn 0.741006 0.671341 -0.014561
vn 0.797601 0.594305 -0.103125
vn 0.878510 0.477602 0.010793
vn 0.741006 0.671341 -0.014561
vn 0.878510 0.477602 0.010793
vn 0.733537 0.679633 -0.004844
vn 0.797601 0.594305 -0.103125
vn 0.831717 0.547900 0.089734
vn 0.878510 0.477602 0.010793
vn 0.788833 0.614528 -0.009901
vn 0.813492 0.573280 0.097882
vn 0.831717 0.547900 0.089734
vn 0.788833 0.614528 -0.009901
vn 0.831717 0.547900 0.089734
vn 0.797601 0.594305 -0.103125
vn 0.297912 0.793538 0.530609
vn 0.221263 0.701213 0.677748
vn 0.073845 0.729280 0.680219
vn -0.248617 0.646762 0.721033
vn -0.310182 0.670893 0.673565
vn -0.498144 0.708484 0.499902
vn -0.248617 0.646762 0.721033
vn -0.498144 0.708484 0.499902
vn -0.530052 0.591228 0.607861
vn -0.042371 0.691701 0.720940
vn -0.085666 0.688477 0.720181
vn -0.310182 0.670893 0.673565
vn -0.042371 0.691701 0.720940
vn -0.310182 0.670893 0.673565
vn -0.248617 0.646762 0.721033
vn -0.310182 0.670893 0.673565
vn -0.384624 0.744984 0.545035
vn -0.468670 0.767918 0.436635
vn -0.310182 0.670893 0.673565
vn -0.468670 0.767918 0.436635
vn -0.498144 0.708484 0.499902
vn -0.085666 0.688477 0.720181
vn -0.117451 0.686148 0.717918
vn -0.384624 0.744984 0.545035
vn -0.085666 0.688477 0.720181
vn -0.384624 0.744984 0.545035
vn -0.310182 0.670893 0.673565
vn 0.196030 0.674055 -0.712196
vn 0.196030 0.674055 -0.712196
vn 0.196030 0.674055 -0.712196
vn 0.196030 0.674055 -0.712196
vn 0.196030 0.674055 -0.712196
vn 0.196030 0.674055 -0.712196
vn 0.196030 0.674055 -0.712196
vn 0.196030 0.674055 -0.712196
vn 0.196030 0.674055 -0.712196
vn 0.196030 0.674055 -0.712196
vn 0.196030 0.674055 -0.712196
vn 0.196030 0.674055 -0.712196
vn 0.196030 0.674055 -0.712196
vn 0.196030 0.674055 -0.712196
vn 0.196030 0.674055 -0.712196
vn 0.196030 0.674055 -0.712196
vn 0.196030 0.674055 -0.712196
vn 0.196030 0.674055 -0.712196
vn 0.196030 0.674055 -0.712196
vn 0.196030 0.674055 -0.712196
vn 0.196030 0.674055 -0.712196
vn 0.196030 0.674055 -0.712196
vn 0.196030 0.674055 -0.712196
vn 0.196030 0.674055 -0.712196
vn 0.196030 0.674055 -0.712196
vn 0.196030 0.674055 -0.712196
vn 0.196030 0.674055 -0.712196
vn 0.196030 0.674055 -0.712196
vn 0.196030 0.674055 -0.712196
vn 0.196030 0.674055 -0.712196
vn 0.196030 0.674055 -0.712196
vn 0.196030 0.674055 -0.712196
vn 0.196030 0.674055 -0.712196
vn 0.196030 0.674055 -0.712196
vn 0.196030 0.674055 -0.712196
vn 0.196030 0.674055 -0.712196
vn 0.196030 0.674055 -0.712196
vn 0.196030 0.674055 -0.712196
vn 0.196030 0.674055 -0.712196
vn 0.196030 0.674055 -0.712196
vn 0.196030 0.674055 -0.712196
vn 0.196030 0.674055 -0.712196
vn -0.040705 0.861274 0.506508
vn 0.259746 0.809104 0.527146
vn 0.176527 0.813756 0.553750
vn -0.040705 0.861274 0.506508
vn 0.176527 0.813756 0.553750
vn -0.025519 0.806232 0.591049
vn 0.259746 0.809104 0.527146
vn 0.417168 0.833698 0.361828
vn 0.463962 0.772981 0.432712
vn 0.259746 0.809104 0.527146
vn 0.463962 0.772981 0.432712
vn 0.313868 0.838753 0.444950
vn 0.259746 0.809104 0.527146
vn 0.313868 0.838753 0.444950
vn 0.176527 0.813756 0.553750
vn 0.176527 0.813756 0.553750
vn 0.313868 0.838753 0.444950
vn 0.107515 0.895238 0.432423
vn 0.313868 0.838753 0.444950
vn 0.136355 0.924276 0.356541
vn 0.107515 0.895238 0.432423
vn 0.107515 0.895238 0.432423
vn 0.099034 0.895405 0.434100
vn -0.025519 0.806232 0.591049
vn 0.107515 0.895238 0.432423
vn -0.025519 0.806232 0.591049
vn 0.176527 0.813756 0.553750
vn 0.159924 0.974510 0.157336
vn 0.099034 0.895405 0.434100
vn 0.107515 0.895238 0.432423
vn 0.730116 0.630441 -0.263580
vn 0.591933 0.783262 -0.190040
vn 0.605262 0.790128 -0.096724
vn 0.730116 0.630441 -0.263580
vn 0.605262 0.790128 -0.096724
vn 0.745957 0.643586 -0.171304
vn 0.745957 0.643586 -0.171304
vn 0.605262 0.790128 -0.096724
vn 0.599827 0.799997 0.014567
vn 0.439573 0.894788 -0.078295
vn 0.605262 0.790128 -0.096724
vn 0.591933 0.783262 -0.190040
vn 0.439573 0.894788 -0.078295
vn 0.591933 0.783262 -0.190040
vn 0.387169 0.914903 -0.114247
vn 0.605262 0.790128 -0.096724
vn 0.439573 0.894788 -0.078295
vn 0.495216 0.867672 -0.043657
vn 0.605262 0.790128 -0.096724
vn 0.495216 0.867672 -0.043657
vn 0.599827 0.799997 0.014567
vn 0.485922 0.840776 -0.238695
vn 0.439573 0.894788 -0.078295
vn 0.387169 0.914903 -0.114247
vn 0.485922 0.840776 -0.238695
vn 0.387169 0.914903 -0.114247
vn 0.431773 0.867003 -0.248751
vn 0.485922 0.840776 -0.238695
vn 0.431773 0.867003 -0.248751
vn 0.522032 0.672421 -0.524722
vn 0.485922 0.840776 -0.238695
vn 0.522032 0.672421 -0.524722
vn 0.536597 0.706859 -0.460884
vn 0.536597 0.706859 -0.460884
vn 0.522032 0.672421 -0.524722
vn 0.522757 0.614855 -0.590490
vn 0.485922 0.840776 -0.238695
vn 0.536597 0.706859 -0.460884
vn 0.550757 0.730684 -0.403444
vn 0.485922 0.840776 -0.238695
vn 0.550757 0.730684 -0.403444
vn 0.539647 0.810436 -0.227980
vn 0.563079 0.641327 -0.521193
vn 0.550757 0.730684 -0.403444
vn 0.536597 0.706859 -0.460884
vn 0.439573 0.894788 -0.078295
vn 0.485922 0.840776 -0.238695
vn 0.539647 0.810436 -0.227980
vn 0.439573 0.894788 -0.078295
vn 0.539647 0.810436 -0.227980
vn 0.495216 0.867672 -0.043657
vn 0.504000 0.691881 0.516995
vn 0.474488 0.701213 0.532129
vn 0.485697 0.793538 0.366601
vn 0.504000 0.691881 0.516995
vn 0.485697 0.793538 0.366601
vn 0.535181 0.693181 0.482784
vn 0.476864 0.690869 0.543416
vn 0.470810 0.681323 0.560479
vn 0.474488 0.701213 0.532129
vn 0.476864 0.690869 0.543416
vn 0.474488 0.701213 0.532129
vn 0.504000 0.691881 0.516995
vn 0.474488 0.701213 0.532129
vn 0.284732 0.656923 0.698126
vn 0.340435 0.729280 0.593511
vn 0.470810 0.681323 0.560479
vn 0.463978 0.671415 0.577864
vn 0.284732 0.656923 0.698126
vn 0.470810 0.681323 0.560479
vn 0.284732 0.656923 0.698126
vn 0.474488 0.701213 0.532129
vn 0.672970 0.671341 -0.310505
vn 0.683527 0.704947 -0.189317
vn 0.688850 0.700072 -0.188108
vn 0.672970 0.671341 -0.310505
vn 0.688850 0.700072 -0.188108
vn 0.591926 0.715507 -0.371043
vn 0.591926 0.715507 -0.371043
vn 0.718651 0.614528 -0.325416
vn 0.689298 0.594305 -0.414331
vn 0.591926 0.715507 -0.371043
vn 0.689298 0.594305 -0.414331
vn 0.672970 0.671341 -0.310505
vn 0.670025 0.679633 -0.298608
vn 0.533277 0.810772 -0.241382
vn 0.683527 0.704947 -0.189317
vn 0.670025 0.679633 -0.298608
vn 0.683527 0.704947 -0.189317
vn 0.672970 0.671341 -0.310505
vn 0.670025 0.679633 -0.298608
vn 0.267324 0.927606 -0.260932
vn 0.533277 0.810772 -0.241382
vn 0.672970 0.671341 -0.310505
vn 0.689298 0.594305 -0.414331
vn 0.809100 0.477602 -0.342421
vn 0.672970 0.671341 -0.310505
vn 0.809100 0.477602 -0.342421
vn 0.670025 0.679633 -0.298608
vn 0.689298 0.594305 -0.414331
vn 0.797893 0.547900 -0.251341
vn 0.809100 0.477602 -0.342421
vn 0.718651 0.614528 -0.325416
vn 0.784465 0.573280 -0.236569
vn 0.797893 0.547900 -0.251341
vn 0.718651 0.614528 -0.325416
vn 0.797893 0.547900 -0.251341
vn 0.689298 0.594305 -0.414331
vn 0.485697 0.793538 0.366601
vn 0.474488 0.701213 0.532129
vn 0.340435 0.729280 0.593511
vn 0.732901 0.672346 0.103954
vn 0.694230 0.658446 0.290678
vn 0.696587 0.715647 0.051152
vn 0.732901 0.672346 0.103954
vn 0.696587 0.715647 0.051152
vn 0.734641 0.677162 -0.041878
vn 0.623779 0.556413 0.548912
vn 0.694230 0.658446 0.290678
vn 0.732901 0.672346 0.103954
vn 0.623779 0.556413 0.548912
vn 0.261600 0.580952 0.770753
vn 0.489635 0.663173 0.566091
vn 0.623779 0.556413 0.548912
vn 0.489635 0.663173 0.566091
vn 0.694230 0.658446 0.290678
vn 0.261600 0.580952 0.770753
vn -0.020048 0.737769 0.674756
vn 0.186791 0.743271 0.642384
vn 0.261600 0.580952 0.770753
vn 0.186791 0.743271 0.642384
vn 0.489635 0.663173 0.566091
vn 0.694230 0.658446 0.290678
vn 0.489635 0.663173 0.566091
vn 0.562100 0.719653 0.407607
vn 0.694230 0.658446 0.290678
vn 0.562100 0.719653 0.407607
vn 0.696587 0.715647 0.051152
vn 0.562100 0.719653 0.407607
vn 0.489635 0.663173 0.566091
vn 0.186791 0.743271 0.642384
vn 0.562100 0.719653 0.407607
vn 0.186791 0.743271 0.642384
vn 0.438850 0.697173 0.566887
vn 0.186791 0.743271 0.642384
vn 0.235944 0.811237 0.534999
vn 0.314156 0.783455 0.536194
vn 0.186791 0.743271 0.642384
vn 0.314156 0.783455 0.536194
vn 0.438850 0.697173 0.566887
vn 0.235944 0.811237 0.534999
vn 0.277483 0.825468 0.491534
vn 0.314156 0.783455 0.536194
vn 0.235944 0.811237 0.534999
vn 0.186791 0.743271 0.642384
vn -0.020048 0.737769 0.674756
vn -0.093601 0.633718 0.767880
vn -0.292298 0.616481 0.731104
vn -0.042820 0.680147 0.731824
vn -0.093601 0.633718 0.767880
vn -0.042820 0.680147 0.731824
vn 0.059990 0.642574 0.763872
vn -0.566177 0.511130 0.646677
vn -0.292298 0.616481 0.731104
vn -0.093601 0.633718 0.767880
vn -0.566177 0.511130 0.646677
vn -0.796327 0.547672 0.256746
vn -0.587517 0.623735 0.515538
vn -0.566177 0.511130 0.646677
vn -0.587517 0.623735 0.515538
vn -0.292298 0.616481 0.731104
vn -0.796327 0.547672 0.256746
vn -0.754417 0.656392 0.001815
vn -0.721629 0.642222 0.258460
vn -0.796327 0.547672 0.256746
vn -0.721629 0.642222 0.258460
vn -0.587517 0.623735 0.515538
vn -0.292298 0.616481 0.731104
vn -0.587517 0.623735 0.515538
vn -0.422035 0.680807 0.598655
vn -0.292298 0.616481 0.731104
vn -0.422035 0.680807 0.598655
vn -0.042820 0.680147 0.731824
vn -0.422035 0.680807 0.598655
vn -0.587517 0.623735 0.515538
vn -0.721629 0.642222 0.258460
vn -0.422035 0.680807 0.598655
vn -0.721629 0.642222 0.258460
vn -0.589282 0.635376 0.499043
vn -0.721629 0.642222 0.258460
vn -0.645023 0.634982 0.425139
vn -0.589282 0.635376 0.499043
vn -0.721629 0.642222 0.258460
vn -0.589282 0.635376 0.499043
vn -0.589282 0.635376 0.499043
vn -0.645023 0.634982 0.425139
vn -0.589282 0.635376 0.499043
vn -0.589282 0.635376 0.499043
vn -0.645023 0.634982 0.425139
vn -0.721629 0.642222 0.258460
vn -0.754417 0.656392 0.001815
vn 0.673025 0.630441 -0.386758
vn 0.549768 0.783262 -0.290267
vn 0.579152 0.790128 -0.200700
vn 0.673025 0.630441 -0.386758
vn 0.579152 0.790128 -0.200700
vn 0.704700 0.643586 -0.298654
vn 0.704700 0.643586 -0.298654
vn 0.579152 0.790128 -0.200700
vn 0.593191 0.799997 -0.090165
vn 0.419208 0.894788 -0.153686
vn 0.579152 0.790128 -0.200700
vn 0.549768 0.783262 -0.290267
vn 0.419208 0.894788 -0.153686
vn 0.549768 0.783262 -0.290267
vn 0.361341 0.914903 -0.179957
vn 0.579152 0.790128 -0.200700
vn 0.419208 0.894788 -0.153686
vn 0.480035 0.867672 -0.129272
vn 0.579152 0.790128 -0.200700
vn 0.480035 0.867672 -0.129272
vn 0.593191 0.799997 -0.090165
vn 0.436901 0.840776 -0.319708
vn 0.419208 0.894788 -0.153686
vn 0.361341 0.914903 -0.179957
vn 0.436901 0.840776 -0.319708
vn 0.361341 0.914903 -0.179957
vn 0.381828 0.867003 -0.320175
vn 0.436901 0.840776 -0.319708
vn 0.381828 0.867003 -0.320175
vn 0.422623 0.672421 -0.607651
vn 0.436901 0.840776 -0.319708
vn 0.422623 0.672421 -0.607651
vn 0.448089 0.706859 -0.547327
vn 0.448089 0.706859 -0.547327
vn 0.422623 0.672421 -0.607651
vn 0.411879 0.614855 -0.672540
vn 0.436901 0.840776 -0.319708
vn 0.448089 0.706859 -0.547327
vn 0.472040 0.730684 -0.493233
vn 0.436901 0.840776 -0.319708
vn 0.472040 0.730684 -0.493233
vn 0.491672 0.810436 -0.318517
vn 0.463658 0.641327 -0.611327
vn 0.472040 0.730684 -0.493233
vn 0.448089 0.706859 -0.547327
vn 0.419208 0.894788 -0.153686
vn 0.436901 0.840776 -0.319708
vn 0.491672 0.810436 -0.318517
vn 0.419208 0.894788 -0.153686
vn 0.491672 0.810436 -0.318517
vn 0.480035 0.867672 -0.129272
vn 0.437074 0.696348 -0.569268
vn 0.256605 0.759177 -0.598168
vn 0.105714 0.719409 -0.686494
vn 0.437074 0.696348 -0.569268
vn 0.105714 0.719409 -0.686494
vn 0.097548 0.688586 -0.718563
vn 0.256605 0.759177 -0.598168
vn 0.437074 0.696348 -0.569268
vn 0.364402 0.802153 -0.473035
vn 0.371982 0.698427 -0.611416
vn 0.437074 0.696348 -0.569268
vn 0.097548 0.688586 -0.718563
vn 0.371982 0.698427 -0.611416
vn 0.097548 0.688586 -0.718563
vn 0.162591 0.682568 -0.712506
vn 0.338388 0.685675 -0.644471
vn 0.371982 0.698427 -0.611416
vn 0.162591 0.682568 -0.712506
vn 0.338388 0.685675 -0.644471
vn 0.162591 0.682568 -0.712506
vn 0.265536 0.696204 -0.666926
vn 0.559094 0.705443 -0.435619
vn 0.364402 0.802153 -0.473035
vn 0.437074 0.696348 -0.569268
vn 0.559094 0.705443 -0.435619
vn 0.437074 0.696348 -0.569268
vn 0.371982 0.698427 -0.611416
vn 0.371982 0.698427 -0.611416
vn 0.338388 0.685675 -0.644471
vn 0.452572 0.676129 -0.581402
vn 0.371982 0.698427 -0.611416
vn 0.452572 0.676129 -0.581402
vn 0.559094 0.705443 -0.435619
vn 0.338388 0.685675 -0.644471
vn 0.265443 0.679484 -0.683990
vn 0.452572 0.676129 -0.581402
vn 0.338388 0.685675 -0.644471
vn 0.265536 0.696204 -0.666926
vn 0.265443 0.679484 -0.683990
vn 0.063535 0.879036 -0.472503
vn 0.256605 0.759177 -0.598168
vn 0.364402 0.802153 -0.473035
vn 0.690963 0.691881 0.209452
vn 0.672424 0.701213 0.236953
vn 0.602330 0.793538 0.086579
vn 0.690963 0.691881 0.209452
vn 0.602330 0.793538 0.086579
vn 0.701755 0.693181 0.164439
vn 0.679953 0.690869 0.245690
vn 0.682888 0.681323 0.263556
vn 0.672424 0.701213 0.236953
vn 0.679953 0.690869 0.245690
vn 0.672424 0.701213 0.236953
vn 0.690963 0.691881 0.209452
vn 0.672424 0.701213 0.236953
vn 0.586380 0.656923 0.473931
vn 0.584658 0.729280 0.355423
vn 0.682888 0.681323 0.263556
vn 0.685298 0.671415 0.282079
vn 0.586380 0.656923 0.473931
vn 0.682888 0.681323 0.263556
vn 0.586380 0.656923 0.473931
vn 0.672424 0.701213 0.236953
vn 0.439459 0.671341 -0.596806
vn 0.507208 0.704947 -0.495772
vn 0.512454 0.700072 -0.497283
vn 0.439459 0.671341 -0.596806
vn 0.512454 0.700072 -0.497283
vn 0.339260 0.715507 -0.610698
vn 0.339260 0.715507 -0.610698
vn 0.472266 0.614528 -0.631917
vn 0.403635 0.594305 -0.695615
vn 0.339260 0.715507 -0.610698
vn 0.403635 0.594305 -0.695615
vn 0.439459 0.671341 -0.596806
vn 0.442623 0.679633 -0.584965
vn 0.350491 0.810772 -0.468834
vn 0.507208 0.704947 -0.495772
vn 0.442623 0.679633 -0.584965
vn 0.507208 0.704947 -0.495772
vn 0.439459 0.671341 -0.596806
vn 0.442623 0.679633 -0.584965
vn 0.108143 0.927606 -0.357565
vn 0.350491 0.810772 -0.468834
vn 0.439459 0.671341 -0.596806
vn 0.403635 0.594305 -0.695615
vn 0.543268 0.477602 -0.690475
vn 0.439459 0.671341 -0.596806
vn 0.543268 0.477602 -0.690475
vn 0.442623 0.679633 -0.584965
vn 0.403635 0.594305 -0.695615
vn 0.577422 0.547900 -0.605301
vn 0.543268 0.477602 -0.690475
vn 0.472266 0.614528 -0.631917
vn 0.572794 0.573280 -0.585881
vn 0.577422 0.547900 -0.605301
vn 0.472266 0.614528 -0.631917
vn 0.577422 0.547900 -0.605301
vn 0.403635 0.594305 -0.695615
vn 0.602330 0.793538 0.086579
vn 0.672424 0.701213 0.236953
vn 0.584658 0.729280 0.355423
vn -0.633946 0.630441 -0.447947
vn -0.494565 0.783262 -0.376703
vn -0.425663 0.790128 -0.441031
vn -0.633946 0.630441 -0.447947
vn -0.425663 0.790128 -0.441031
vn -0.567335 0.643586 -0.513739
vn -0.567335 0.643586 -0.513739
vn -0.425663 0.790128 -0.441031
vn -0.331284 0.799997 -0.500256
vn -0.315740 0.894788 -0.315694
vn -0.425663 0.790128 -0.441031
vn -0.494565 0.783262 -0.376703
vn -0.315740 0.894788 -0.315694
vn -0.494565 0.783262 -0.376703
vn -0.315238 0.914903 -0.252145
vn -0.425663 0.790128 -0.441031
vn -0.315740 0.894788 -0.315694
vn -0.319173 0.867672 -0.381147
vn -0.425663 0.790128 -0.441031
vn -0.319173 0.867672 -0.381147
vn -0.331284 0.799997 -0.500256
vn -0.473807 0.840776 -0.261921
vn -0.315740 0.894788 -0.315694
vn -0.315238 0.914903 -0.252145
vn -0.473807 0.840776 -0.261921
vn -0.315238 0.914903 -0.252145
vn -0.451069 0.867003 -0.211759
vn -0.473807 0.840776 -0.261921
vn -0.451069 0.867003 -0.211759
vn -0.729041 0.672421 -0.127866
vn -0.473807 0.840776 -0.261921
vn -0.729041 0.672421 -0.127866
vn -0.685021 0.706859 -0.176341
vn -0.685021 0.706859 -0.176341
vn -0.729041 0.672421 -0.127866
vn -0.783392 0.614855 -0.090828
vn -0.473807 0.840776 -0.261921
vn -0.685021 0.706859 -0.176341
vn -0.646017 0.730684 -0.220821
vn -0.473807 0.840776 -0.261921
vn -0.646017 0.730684 -0.220821
vn -0.495761 0.810436 -0.312114
vn -0.749634 0.641327 -0.163549
vn -0.646017 0.730684 -0.220821
vn -0.685021 0.706859 -0.176341
vn -0.315740 0.894788 -0.315694
vn -0.473807 0.840776 -0.261921
vn -0.495761 0.810436 -0.312114
vn -0.315740 0.894788 -0.315694
vn -0.495761 0.810436 -0.312114
vn -0.319173 0.867672 -0.381147
vn 0.141488 0.691881 -0.708012
vn 0.170656 0.701213 -0.692226
vn 0.027786 0.793538 -0.607886
vn 0.141488 0.691881 -0.708012
vn 0.027786 0.793538 -0.607886
vn 0.095641 0.693181 -0.714390
vn 0.178623 0.690869 -0.700566
vn 0.196120 0.681323 -0.705220
vn 0.170656 0.701213 -0.692226
vn 0.178623 0.690869 -0.700566
vn 0.170656 0.701213 -0.692226
vn 0.141488 0.691881 -0.708012
vn 0.170656 0.701213 -0.692226
vn 0.414860 0.656923 -0.629558
vn 0.297077 0.729280 -0.616357
vn 0.196120 0.681323 -0.705220
vn 0.214322 0.671415 -0.709414
vn 0.414860 0.656923 -0.629558
vn 0.196120 0.681323 -0.705220
vn 0.414860 0.656923 -0.629558
vn 0.170656 0.701213 -0.692226
vn -0.636594 0.671341 -0.379539
vn -0.542603 0.704947 -0.456763
vn -0.544615 0.700072 -0.461837
vn -0.636594 0.671341 -0.379539
vn -0.544615 0.700072 -0.461837
vn -0.640708 0.715507 -0.278465
vn -0.640708 0.715507 -0.278465
vn -0.674720 0.614528 -0.408788
vn -0.731465 0.594305 -0.334306
vn -0.640708 0.715507 -0.278465
vn -0.731465 0.594305 -0.334306
vn -0.636594 0.671341 -0.379539
vn -0.625116 0.679633 -0.383836
vn -0.500601 0.810772 -0.303395
vn -0.542603 0.704947 -0.456763
vn -0.625116 0.679633 -0.383836
vn -0.542603 0.704947 -0.456763
vn -0.636594 0.671341 -0.379539
vn -0.625116 0.679633 -0.383836
vn -0.366364 0.927606 -0.072974
vn -0.500601 0.810772 -0.303395
vn -0.636594 0.671341 -0.379539
vn -0.731465 0.594305 -0.334306
vn -0.739884 0.477602 -0.473780
vn -0.636594 0.671341 -0.379539
vn -0.739884 0.477602 -0.473780
vn -0.625116 0.679633 -0.383836
vn -0.731465 0.594305 -0.334306
vn -0.658422 0.547900 -0.516029
vn -0.739884 0.477602 -0.473780
vn -0.674720 0.614528 -0.408788
vn -0.638645 0.573280 -0.513306
vn -0.658422 0.547900 -0.516029
vn -0.674720 0.614528 -0.408788
vn -0.658422 0.547900 -0.516029
vn -0.731465 0.594305 -0.334306
vn 0.027786 0.793538 -0.607886
vn 0.170656 0.701213 -0.692226
vn 0.297077 0.729280 -0.616357
vn 0.377433 0.674055 0.634976
vn 0.377433 0.674055 0.634976
vn 0.377433 0.674055 0.634976
vn 0.377433 0.674055 0.634976
vn 0.377433 0.674055 0.634976
vn 0.377433 0.674055 0.634976
vn 0.377433 0.674055 0.634976
vn 0.377433 0.674055 0.634976
vn 0.377433 0.674055 0.634976
vn 0.377433 0.674055 0.634976
vn 0.377433 0.674055 0.634976
vn 0.377433 0.674055 0.634976
vn 0.377433 0.674055 0.634976
vn 0.377433 0.674055 0.634976
vn 0.377433 0.674055 0.634976
vn 0.377433 0.674055 0.634976
vn 0.377433 0.674055 0.634976
vn 0.377433 0.674055 0.634976
vn 0.377433 0.674055 0.634976
vn 0.377433 0.674055 0.634976
vn 0.377433 0.674055 0.634976
vn 0.377433 0.674055 0.634976
vn 0.377433 0.674055 0.634976
vn 0.377433 0.674055 0.634976
vn 0.377433 0.674055 0.634976
vn 0.377433 0.674055 0.634976
vn 0.377433 0.674055 0.634976
vn 0.377433 0.674055 0.634976
vn 0.377433 0.674055 0.634976
vn 0.377433 0.674055 0.634976
vn 0.377433 0.674055 0.634976
vn 0.377433 0.674055 0.634976
vn 0.377433 0.674055 0.634976
vn 0.377433 0.674055 0.634976
vn 0.377433 0.674055 0.634976
vn 0.377433 0.674055 0.634976
vn 0.377433 0.674055 0.634976
vn 0.377433 0.674055 0.634976
vn 0.377433 0.674055 0.634976
vn 0.377433 0.674055 0.634976
vn 0.377433 0.674055 0.634976
vn 0.377433 0.674055 0.634976
vn -0.336852 0.861274 -0.380444
vn -0.559997 0.809104 -0.178199
vn -0.521484 0.813756 -0.256621
vn -0.336852 0.861274 -0.380444
vn -0.521484 0.813756 -0.256621
vn -0.408312 0.806232 -0.428102
vn -0.559997 0.809104 -0.178199
vn -0.549966 0.833698 0.049860
vn -0.633493 0.772981 0.034451
vn -0.559997 0.809104 -0.178199
vn -0.633493 0.772981 0.034451
vn -0.538270 0.838753 -0.082213
vn -0.559997 0.809104 -0.178199
vn -0.538270 0.838753 -0.082213
vn -0.521484 0.813756 -0.256621
vn -0.521484 0.813756 -0.256621
vn -0.538270 0.838753 -0.082213
vn -0.386200 0.895238 -0.222260
vn -0.538270 0.838753 -0.082213
vn -0.351498 0.924276 -0.148872
vn -0.386200 0.895238 -0.222260
vn -0.386200 0.895238 -0.222260
vn -0.381529 0.895405 -0.229534
vn -0.408312 0.806232 -0.428102
vn -0.386200 0.895238 -0.222260
vn -0.408312 0.806232 -0.428102
vn -0.521484 0.813756 -0.256621
vn -0.224258 0.974510 0.006202
vn -0.381529 0.895405 -0.229534
vn -0.386200 0.895238 -0.222260
vn 0.518578 0.696348 0.496162
vn 0.566855 0.759177 0.319885
vn 0.671005 0.719409 0.179449
vn 0.518578 0.696348 0.496162
vn 0.671005 0.719409 0.179449
vn 0.703770 0.688586 0.174804
vn 0.566855 0.759177 0.319885
vn 0.518578 0.696348 0.496162
vn 0.430783 0.802153 0.413494
vn 0.567528 0.698427 0.436019
vn 0.518578 0.696348 0.496162
vn 0.703770 0.688586 0.174804
vn 0.567528 0.698427 0.436019
vn 0.703770 0.688586 0.174804
vn 0.690703 0.682568 0.238809
vn 0.604028 0.685675 0.406203
vn 0.567528 0.698427 0.436019
vn 0.690703 0.682568 0.238809
vn 0.604028 0.685675 0.406203
vn 0.690703 0.682568 0.238809
vn 0.634241 0.696204 0.336212
vn 0.372499 0.705443 0.602988
vn 0.430783 0.802153 0.413494
vn 0.518578 0.696348 0.496162
vn 0.372499 0.705443 0.602988
vn 0.518578 0.696348 0.496162
vn 0.567528 0.698427 0.436019
vn 0.567528 0.698427 0.436019
vn 0.604028 0.685675 0.406203
vn 0.528961 0.676129 0.512883
vn 0.567528 0.698427 0.436019
vn 0.528961 0.676129 0.512883
vn 0.372499 0.705443 0.602988
vn 0.604028 0.685675 0.406203
vn 0.651214 0.679484 0.337967
vn 0.528961 0.676129 0.512883
vn 0.604028 0.685675 0.406203
vn 0.634241 0.696204 0.336212
vn 0.651214 0.679484 0.337967
vn 0.462841 0.879036 0.114339
vn 0.566855 0.759177 0.319885
vn 0.430783 0.802153 0.413494
vn 0.034542 0.646762 0.761910
vn -0.040182 0.670893 0.740464
vn -0.278907 0.708484 0.648275
vn 0.034542 0.646762 0.761910
vn -0.278907 0.708484 0.648275
vn -0.268792 0.591228 0.760395
vn 0.226243 0.691701 0.685831
vn 0.185714 0.688477 0.701078
vn -0.040182 0.670893 0.740464
vn 0.226243 0.691701 0.685831
vn -0.040182 0.670893 0.740464
vn 0.034542 0.646762 0.761910
vn -0.040182 0.670893 0.740464
vn -0.156743 0.744984 0.648406
vn -0.274818 0.767918 0.578599
vn -0.040182 0.670893 0.740464
vn -0.274818 0.767918 0.578599
vn -0.278907 0.708484 0.648275
vn 0.185714 0.688477 0.701078
vn 0.155332 0.686148 0.710685
vn -0.156743 0.744984 0.648406
vn 0.185714 0.688477 0.701078
vn -0.156743 0.744984 0.648406
vn -0.040182 0.670893 0.740464
vn 0.619396 0.696348 0.362558
vn 0.625532 0.759177 0.179892
vn 0.694322 0.719409 0.019152
vn 0.619396 0.696348 0.362558
vn 0.694322 0.719409 0.019152
vn 0.725120 0.688586 0.007045
vn 0.625532 0.759177 0.179892
vn 0.619396 0.696348 0.362558
vn 0.514841 0.802153 0.302473
vn 0.653085 0.698427 0.292712
vn 0.619396 0.696348 0.362558
vn 0.725120 0.688586 0.007045
vn 0.653085 0.698427 0.292712
vn 0.725120 0.688586 0.007045
vn 0.727233 0.682568 0.072336
vn 0.681686 0.685675 0.255253
vn 0.653085 0.698427 0.292712
vn 0.727233 0.682568 0.072336
vn 0.681686 0.685675 0.255253
vn 0.727233 0.682568 0.072336
vn 0.694867 0.696204 0.180167
vn 0.502032 0.705443 0.500313
vn 0.514841 0.802153 0.302473
vn 0.619396 0.696348 0.362558
vn 0.502032 0.705443 0.500313
vn 0.619396 0.696348 0.362558
vn 0.653085 0.698427 0.292712
vn 0.653085 0.698427 0.292712
vn 0.681686 0.685675 0.255253
vn 0.633370 0.676129 0.376419
vn 0.653085 0.698427 0.292712
vn 0.633370 0.676129 0.376419
vn 0.502032 0.705443 0.500313
vn 0.681686 0.685675 0.255253
vn 0.711785 0.679484 0.177943
vn 0.633370 0.676129 0.376419
vn 0.681686 0.685675 0.255253
vn 0.694867 0.696204 0.180167
vn 0.711785 0.679484 0.177943
vn 0.476738 0.879036 0.004028
vn 0.625532 0.759177 0.179892
vn 0.514841 0.802153 0.302473
vn 0.307188 0.674055 -0.671778
vn 0.307188 0.674055 -0.671778
vn 0.307188 0.674055 -0.671778
vn 0.307188 0.674055 -0.671778
vn 0.307188 0.674055 -0.671778
vn 0.307188 0.674055 -0.671778
vn 0.307188 0.674055 -0.671778
vn 0.307188 0.674055 -0.671778
vn 0.307188 0.674055 -0.671778
vn 0.307188 0.674055 -0.671778
vn 0.307188 0.674055 -0.671778
vn 0.307188 0.674055 -0.671778
vn 0.307188 0.674055 -0.671778
vn 0.307188 0.674055 -0.671778
vn 0.307188 0.674055 -0.671778
vn 0.307188 0.674055 -0.671778
vn 0.307188 0.674055 -0.671778
vn 0.307188 0.674055 -0.671778
vn 0.307188 0.674055 -0.671778
vn 0.307188 0.674055 -0.671778
vn 0.307188 0.674055 -0.671778
vn 0.307188 0.674055 -0.671778
vn 0.307188 0.674055 -0.671778
vn 0.307188 0.674055 -0.671778
vn 0.307188 0.674055 -0.671778
vn 0.307188 0.674055 -0.671778
vn 0.307188 0.674055 -0.671778
vn 0.307188 0.674055 -0.671778
vn 0.307188 0.674055 -0.671778
vn 0.307188 0.674055 -0.671778
vn 0.307188 0.674055 -0.671778
vn 0.307188 0.674055 -0.671778
vn 0.307188 0.674055 -0.671778
vn 0.307188 0.674055 -0.671778
vn 0.307188 0.674055 -0.671778
vn 0.307188 0.674055 -0.671778
vn 0.307188 0.674055 -0.671778
vn 0.307188 0.674055 -0.671778
vn 0.307188 0.674055 -0.671778
vn 0.307188 0.674055 -0.671778
vn 0.307188 0.674055 -0.671778
vn 0.307188 0.674055 -0.671778
vn -0.121025 0.861274 0.493518
vn 0.172280 0.809104 0.561846
vn 0.085881 0.813756 0.574826
vn -0.121025 0.861274 0.493518
vn 0.085881 0.813756 0.574826
vn -0.119527 0.806232 0.579399
vn 0.172280 0.809104 0.561846
vn 0.354069 0.833698 0.423773
vn 0.388950 0.772981 0.501217
vn 0.172280 0.809104 0.561846
vn 0.388950 0.772981 0.501217
vn 0.238827 0.838753 0.489342
vn 0.172280 0.809104 0.561846
vn 0.238827 0.838753 0.489342
vn 0.085881 0.813756 0.574826
vn 0.085881 0.813756 0.574826
vn 0.238827 0.838753 0.489342
vn 0.037119 0.895238 0.444040
vn 0.238827 0.838753 0.489342
vn 0.077700 0.924276 0.373733
vn 0.037119 0.895238 0.444040
vn 0.037119 0.895238 0.444040
vn 0.028479 0.895405 0.444342
vn -0.119527 0.806232 0.579399
vn 0.037119 0.895238 0.444040
vn -0.119527 0.806232 0.579399
vn 0.085881 0.813756 0.574826
vn 0.132762 0.974510 0.180844
vn 0.028479 0.895405 0.444342
vn 0.037119 0.895238 0.444040
vn 0.738552 0.674055 -0.013816
vn 0.738552 0.674055 -0.013816
vn 0.738552 0.674055 -0.013816
vn 0.738552 0.674055 -0.013816
vn 0.738552 0.674055 -0.013816
vn 0.738552 0.674055 -0.013816
vn 0.738552 0.674055 -0.013816
vn 0.738552 0.674055 -0.013816
vn 0.738552 0.674055 -0.013816
vn 0.738552 0.674055 -0.013816
vn 0.738552 0.674055 -0.013816
vn 0.738552 0.674055 -0.013816
vn 0.738552 0.674055 -0.013816
vn 0.738552 0.674055 -0.013816
vn 0.738552 0.674055 -0.013816
vn 0.738552 0.674055 -0.013816
vn 0.738552 0.674055 -0.013816
vn 0.738552 0.674055 -0.013816
vn 0.738552 0.674055 -0.013816
vn 0.738552 0.674055 -0.013816
vn 0.738552 0.674055 -0.013816
vn 0.738552 0.674055 -0.013816
vn 0.738552 0.674055 -0.013816
vn 0.738552 0.674055 -0.013816
vn 0.738552 0.674055 -0.013816
vn 0.738552 0.674055 -0.013816
vn 0.738552 0.674055 -0.013816
vn 0.738552 0.674055 -0.013816
vn 0.738552 0.674055 -0.013816
vn 0.738552 0.674055 -0.013816
vn 0.738552 0.674055 -0.013816
vn 0.738552 0.674055 -0.013816
vn 0.738552 0.674055 -0.013816
vn 0.738552 0.674055 -0.013816
vn 0.738552 0.674055 -0.013816
vn 0.738552 0.674055 -0.013816
vn 0.738552 0.674055 -0.013816
vn 0.738552 0.674055 -0.013816
vn 0.738552 0.674055 -0.013816
vn 0.738552 0.674055 -0.013816
vn 0.738552 0.674055 -0.013816
vn 0.738552 0.674055 -0.013816
vn -0.497281 0.861274 0.104490
vn -0.431937 0.809104 0.398474
vn -0.481031 0.813756 0.326205
vn -0.497281 0.861274 0.104490
vn -0.481031 0.813756 0.326205
vn -0.574054 0.806232 0.143009
vn -0.431937 0.809104 0.398474
vn -0.228787 0.833698 0.502598
vn -0.283506 0.772981 0.567561
vn -0.431937 0.809104 0.398474
vn -0.283506 0.772981 0.567561
vn -0.337773 0.838753 0.427086
vn -0.431937 0.809104 0.398474
vn -0.337773 0.838753 0.427086
vn -0.481031 0.813756 0.326205
vn -0.481031 0.813756 0.326205
vn -0.337773 0.838753 0.427086
vn -0.384233 0.895238 0.225642
vn -0.337773 0.838753 0.427086
vn -0.303289 0.924276 0.231797
vn -0.384233 0.895238 0.225642
vn -0.384233 0.895238 0.225642
vn -0.388244 0.895405 0.217984
vn -0.574054 0.806232 0.143009
vn -0.384233 0.895238 0.225642
vn -0.574054 0.806232 0.143009
vn -0.481031 0.813756 0.326205
vn -0.105570 0.974510 0.197952
vn -0.388244 0.895405 0.217984
vn -0.384233 0.895238 0.225642
vn 0.687929 0.691881 0.219212
vn 0.669002 0.701213 0.246448
vn 0.601044 0.793538 0.095098
vn 0.687929 0.691881 0.219212
vn 0.601044 0.793538 0.095098
vn 0.699357 0.693181 0.174357
vn 0.676407 0.690869 0.255291
vn 0.679089 0.681323 0.273197
vn 0.669002 0.701213 0.246448
vn 0.676407 0.690869 0.255291
vn 0.669002 0.701213 0.246448
vn 0.687929 0.691881 0.219212
vn 0.669002 0.701213 0.246448
vn 0.579612 0.656923 0.482185
vn 0.579568 0.729280 0.363665
vn 0.679089 0.681323 0.273197
vn 0.681237 0.671415 0.291752
vn 0.579612 0.656923 0.482185
vn 0.679089 0.681323 0.273197
vn 0.579612 0.656923 0.482185
vn 0.669002 0.701213 0.246448
vn 0.447864 0.671341 -0.590525
vn 0.514176 0.704947 -0.488542
vn 0.519442 0.700072 -0.489979
vn 0.447864 0.671341 -0.590525
vn 0.519442 0.700072 -0.489979
vn 0.347871 0.715507 -0.605834
vn 0.347871 0.715507 -0.605834
vn 0.481165 0.614528 -0.625168
vn 0.413442 0.594305 -0.689831
vn 0.347871 0.715507 -0.605834
vn 0.413442 0.594305 -0.689831
vn 0.447864 0.671341 -0.590525
vn 0.450860 0.679633 -0.578641
vn 0.357093 0.810772 -0.463825
vn 0.514176 0.704947 -0.488542
vn 0.450860 0.679633 -0.578641
vn 0.514176 0.704947 -0.488542
vn 0.447864 0.671341 -0.590525
vn 0.450860 0.679633 -0.578641
vn 0.113194 0.927606 -0.355998
vn 0.357093 0.810772 -0.463825
vn 0.447864 0.671341 -0.590525
vn 0.413442 0.594305 -0.689831
vn 0.552988 0.477602 -0.682715
vn 0.447864 0.671341 -0.590525
vn 0.552988 0.477602 -0.682715
vn 0.450860 0.679633 -0.578641
vn 0.413442 0.594305 -0.689831
vn 0.585934 0.547900 -0.597066
vn 0.552988 0.477602 -0.682715
vn 0.481165 0.614528 -0.625168
vn 0.581031 0.573280 -0.577714
vn 0.585934 0.547900 -0.597066
vn 0.481165 0.614528 -0.625168
vn 0.585934 0.547900 -0.597066
vn 0.413442 0.594305 -0.689831
vn 0.601044 0.793538 0.095098
vn 0.669002 0.701213 0.246448
vn 0.579568 0.729280 0.363665
vn -0.065190 0.672346 0.737361
vn -0.253692 0.658446 0.708583
vn -0.014374 0.715647 0.698314
vn -0.065190 0.672346 0.737361
vn -0.014374 0.715647 0.698314
vn 0.080532 0.677162 0.731414
vn -0.515279 0.556413 0.651837
vn -0.253692 0.658446 0.708583
vn -0.065190 0.672346 0.737361
vn -0.515279 0.556413 0.651837
vn -0.755897 0.580952 0.301851
vn -0.539503 0.663173 0.518785
vn -0.515279 0.556413 0.651837
vn -0.539503 0.663173 0.518785
vn -0.253692 0.658446 0.708583
vn -0.755897 0.580952 0.301851
vn -0.674875 0.737769 0.015536
vn -0.631649 0.743271 0.220381
vn -0.755897 0.580952 0.301851
vn -0.631649 0.743271 0.220381
vn -0.539503 0.663173 0.518785
vn -0.253692 0.658446 0.708583
vn -0.539503 0.663173 0.518785
vn -0.377421 0.719653 0.582798
vn -0.253692 0.658446 0.708583
vn -0.377421 0.719653 0.582798
vn -0.014374 0.715647 0.698314
vn -0.377421 0.719653 0.582798
vn -0.539503 0.663173 0.518785
vn -0.631649 0.743271 0.220381
vn -0.377421 0.719653 0.582798
vn -0.631649 0.743271 0.220381
vn -0.542974 0.697173 0.468112
vn -0.631649 0.743271 0.220381
vn -0.521823 0.811237 0.263808
vn -0.518895 0.783455 0.341974
vn -0.631649 0.743271 0.220381
vn -0.518895 0.783455 0.341974
vn -0.542974 0.697173 0.468112
vn -0.521823 0.811237 0.263808
vn -0.476229 0.825468 0.302998
vn -0.518895 0.783455 0.341974
vn -0.521823 0.811237 0.263808
vn -0.631649 0.743271 0.220381
vn -0.674875 0.737769 0.015536
vn -0.771746 0.633718 -0.053008
vn -0.745491 0.616481 -0.253366
vn -0.733064 0.680147 -0.004197
vn -0.771746 0.633718 -0.053008
vn -0.733064 0.680147 -0.004197
vn -0.759649 0.642574 0.100159
vn -0.675613 0.511130 -0.531314
vn -0.745491 0.616481 -0.253366
vn -0.771746 0.633718 -0.053008
vn -0.675613 0.511130 -0.531314
vn -0.298351 0.547672 -0.781691
vn -0.545781 0.623735 -0.559534
vn -0.675613 0.511130 -0.531314
vn -0.545781 0.623735 -0.559534
vn -0.745491 0.616481 -0.253366
vn -0.298351 0.547672 -0.781691
vn -0.041566 0.656392 -0.753274
vn -0.296127 0.642222 -0.707007
vn -0.298351 0.547672 -0.781691
vn -0.296127 0.642222 -0.707007
vn -0.545781 0.623735 -0.559534
vn -0.745491 0.616481 -0.253366
vn -0.545781 0.623735 -0.559534
vn -0.620062 0.680807 -0.389903
vn -0.745491 0.616481 -0.253366
vn -0.620062 0.680807 -0.389903
vn -0.733064 0.680147 -0.004197
vn -0.620062 0.680807 -0.389903
vn -0.545781 0.623735 -0.559534
vn -0.296127 0.642222 -0.707007
vn -0.620062 0.680807 -0.389903
vn -0.296127 0.642222 -0.707007
vn -0.529402 0.635376 -0.562166
vn -0.296127 0.642222 -0.707007
vn -0.458538 0.634982 -0.621724
vn -0.529402 0.635376 -0.562166
vn -0.296127 0.642222 -0.707007
vn -0.529402 0.635376 -0.562166
vn -0.529402 0.635376 -0.562166
vn -0.458538 0.634982 -0.621724
vn -0.529402 0.635376 -0.562166
vn -0.529402 0.635376 -0.562166
vn -0.458538 0.634982 -0.621724
vn -0.296127 0.642222 -0.707007
vn -0.041566 0.656392 -0.753274
vn -0.108029 0.630441 -0.768683
vn -0.064432 0.783262 -0.618343
vn 0.029632 0.790128 -0.612225
vn -0.108029 0.630441 -0.768683
vn 0.029632 0.790128 -0.612225
vn -0.014467 0.643586 -0.765237
vn -0.014467 0.643586 -0.765237
vn 0.029632 0.790128 -0.612225
vn 0.137434 0.799997 -0.584052
vn 0.013642 0.894788 -0.446283
vn 0.029632 0.790128 -0.612225
vn -0.064432 0.783262 -0.618343
vn 0.013642 0.894788 -0.446283
vn -0.064432 0.783262 -0.618343
vn -0.032305 0.914903 -0.402378
vn 0.029632 0.790128 -0.612225
vn 0.013642 0.894788 -0.446283
vn 0.058969 0.867672 -0.493627
vn 0.029632 0.790128 -0.612225
vn 0.058969 0.867672 -0.493627
vn 0.137434 0.799997 -0.584052
vn -0.133821 0.840776 -0.524583
vn 0.013642 0.894788 -0.446283
vn -0.032305 0.914903 -0.402378
vn -0.133821 0.840776 -0.524583
vn -0.032305 0.914903 -0.402378
vn -0.154783 0.867003 -0.473653
vn -0.133821 0.840776 -0.524583
vn -0.154783 0.867003 -0.473653
vn -0.406337 0.672421 -0.618661
vn -0.133821 0.840776 -0.524583
vn -0.406337 0.672421 -0.618661
vn -0.340868 0.706859 -0.619806
vn -0.340868 0.706859 -0.619806
vn -0.406337 0.672421 -0.618661
vn -0.470554 0.614855 -0.632876
vn -0.133821 0.840776 -0.524583
vn -0.340868 0.706859 -0.619806
vn -0.281745 0.730684 -0.621868
vn -0.133821 0.840776 -0.524583
vn -0.281745 0.730684 -0.621868
vn -0.112301 0.810436 -0.574963
vn -0.394453 0.641327 -0.658108
vn -0.281745 0.730684 -0.621868
vn -0.340868 0.706859 -0.619806
vn 0.013642 0.894788 -0.446283
vn -0.133821 0.840776 -0.524583
vn -0.112301 0.810436 -0.574963
vn 0.013642 0.894788 -0.446283
vn -0.112301 0.810436 -0.574963
vn 0.058969 0.867672 -0.493627
vn 0.420878 0.646762 0.636051
vn 0.345746 0.670893 0.656019
vn 0.093559 0.708484 0.699497
vn 0.420878 0.646762 0.636051
vn 0.093559 0.708484 0.699497
vn 0.159812 0.591228 0.790513
vn 0.546309 0.691701 0.472331
vn 0.519361 0.688477 0.506225
vn 0.345746 0.670893 0.656019
vn 0.546309 0.691701 0.472331
vn 0.345746 0.670893 0.656019
vn 0.420878 0.646762 0.636051
vn 0.345746 0.670893 0.656019
vn 0.198454 0.744984 0.636879
vn 0.061290 0.767918 0.637609
vn 0.345746 0.670893 0.656019
vn 0.061290 0.767918 0.637609
vn 0.093559 0.708484 0.699497
vn 0.519361 0.688477 0.506225
vn 0.498224 0.686148 0.530070
vn 0.198454 0.744984 0.636879
vn 0.519361 0.688477 0.506225
vn 0.198454 0.744984 0.636879
vn 0.345746 0.670893 0.656019
vn -0.688199 0.630441 0.359064
vn -0.561119 0.783262 0.267666
vn -0.586836 0.790128 0.176978
vn -0.688199 0.630441 0.359064
vn -0.586836 0.790128 0.176978
vn -0.716264 0.643586 0.269744
vn -0.716264 0.643586 0.269744
vn -0.586836 0.790128 0.176978
vn -0.596367 0.799997 0.065964
vn -0.425112 0.894788 0.136508
vn -0.586836 0.790128 0.176978
vn -0.561119 0.783262 0.267666
vn -0.425112 0.894788 0.136508
vn -0.561119 0.783262 0.267666
vn -0.368362 0.914903 0.165111
vn -0.586836 0.790128 0.176978
vn -0.425112 0.894788 0.136508
vn -0.484896 0.867672 0.109641
vn -0.586836 0.790128 0.176978
vn -0.484896 0.867672 0.109641
vn -0.596367 0.799997 0.065964
vn -0.449543 0.840776 0.301673
vn -0.425112 0.894788 0.136508
vn -0.368362 0.914903 0.165111
vn -0.449543 0.840776 0.301673
vn -0.368362 0.914903 0.165111
vn -0.394535 0.867003 0.304380
vn -0.449543 0.840776 0.301673
vn -0.394535 0.867003 0.304380
vn -0.446989 0.672421 0.589959
vn -0.449543 0.840776 0.301673
vn -0.446989 0.672421 0.589959
vn -0.469979 0.706859 0.528649
vn -0.469979 0.706859 0.528649
vn -0.446989 0.672421 0.589959
vn -0.438892 0.614855 0.655231
vn -0.449543 0.840776 0.301673
vn -0.469979 0.706859 0.528649
vn -0.491710 0.730684 0.473626
vn -0.449543 0.840776 0.301673
vn -0.491710 0.730684 0.473626
vn -0.504220 0.810436 0.298255
vn -0.488139 0.641327 0.591963
vn -0.491710 0.730684 0.473626
vn -0.469979 0.706859 0.528649
vn -0.425112 0.894788 0.136508
vn -0.449543 0.840776 0.301673
vn -0.504220 0.810436 0.298255
vn -0.425112 0.894788 0.136508
vn -0.504220 0.810436 0.298255
vn -0.484896 0.867672 0.109641
vn -0.128514 0.674055 0.727416
vn -0.128514 0.674055 0.727416
vn -0.128514 0.674055 0.727416
vn -0.128514 0.674055 0.727416
vn -0.128514 0.674055 0.727416
vn -0.128514 0.674055 0.727416
vn -0.128514 0.674055 0.727416
vn -0.128514 0.674055 0.727416
vn -0.128514 0.674055 0.727416
vn -0.128514 0.674055 0.727416
vn -0.128514 0.674055 0.727416
vn -0.128514 0.674055 0.727416
vn -0.128514 0.674055 0.727416
vn -0.128514 0.674055 0.727416
vn -0.128514 0.674055 0.727416
vn -0.128514 0.674055 0.727416
vn -0.128514 0.674055 0.727416
vn -0.128514 0.674055 0.727416
vn -0.128514 0.674055 0.727416
vn -0.128514 0.674055 0.727416
vn -0.128514 0.674055 0.727416
vn -0.128514 0.674055 0.727416
vn -0.128514 0.674055 0.727416
vn -0.128514 0.674055 0.727416
vn -0.128514 0.674055 0.727416
vn -0.128514 0.674055 0.727416
vn -0.128514 0.674055 0.727416
vn -0.128514 0.674055 0.727416
vn -0.128514 0.674055 0.727416
vn -0.128514 0.674055 0.727416
vn -0.128514 0.674055 0.727416
vn -0.128514 0.674055 0.727416
vn -0.128514 0.674055 0.727416
vn -0.128514 0.674055 0.727416
vn -0.128514 0.674055 0.727416
vn -0.128514 0.674055 0.727416
vn -0.128514 0.674055 0.727416
vn -0.128514 0.674055 0.727416
vn -0.128514 0.674055 0.727416
vn -0.128514 0.674055 0.727416
vn -0.128514 0.674055 0.727416
vn -0.128514 0.674055 0.727416
vn -0.006879 0.861274 -0.508094
vn -0.307942 0.809104 -0.500522
vn -0.227578 0.813756 -0.534798
vn -0.006879 0.861274 -0.508094
vn -0.227578 0.813756 -0.534798
vn -0.029910 0.806232 -0.590843
vn -0.307942 0.809104 -0.500522
vn -0.449200 0.833698 -0.321197
vn -0.502424 0.772981 -0.387390
vn -0.307942 0.809104 -0.500522
vn -0.502424 0.772981 -0.387390
vn -0.354133 0.838753 -0.413622
vn -0.307942 0.809104 -0.500522
vn -0.354133 0.838753 -0.413622
vn -0.227578 0.813756 -0.534798
vn -0.227578 0.813756 -0.534798
vn -0.354133 0.838753 -0.413622
vn -0.147514 0.895238 -0.420463
vn -0.354133 0.838753 -0.413622
vn -0.169125 0.924276 -0.342214
vn -0.147514 0.895238 -0.420463
vn -0.147514 0.895238 -0.420463
vn -0.139227 0.895405 -0.422926
vn -0.029910 0.806232 -0.590843
vn -0.147514 0.895238 -0.420463
vn -0.029910 0.806232 -0.590843
vn -0.227578 0.813756 -0.534798
vn -0.173947 0.974510 -0.141678
vn -0.139227 0.895405 -0.422926
vn -0.147514 0.895238 -0.420463
vn -0.124719 0.672346 0.729655
vn -0.310270 0.658446 0.685698
vn -0.070907 0.715647 0.694854
vn -0.124719 0.672346 0.729655
vn -0.070907 0.715647 0.694854
vn 0.021006 0.677162 0.735534
vn -0.566399 0.556413 0.607945
vn -0.310270 0.658446 0.685698
vn -0.124719 0.672346 0.729655
vn -0.566399 0.556413 0.607945
vn -0.777869 0.580952 0.239613
vn -0.579763 0.663173 0.473367
vn -0.566399 0.556413 0.607945
vn -0.579763 0.663173 0.473367
vn -0.310270 0.658446 0.685698
vn -0.777869 0.580952 0.239613
vn -0.673915 0.737769 -0.039196
vn -0.647428 0.743271 0.168479
vn -0.777869 0.580952 0.239613
vn -0.647428 0.743271 0.168479
vn -0.579763 0.663173 0.473367
vn -0.310270 0.658446 0.685698
vn -0.579763 0.663173 0.473367
vn -0.423400 0.719653 0.550302
vn -0.310270 0.658446 0.685698
vn -0.423400 0.719653 0.550302
vn -0.070907 0.715647 0.694854
vn -0.423400 0.719653 0.550302
vn -0.579763 0.663173 0.473367
vn -0.647428 0.743271 0.168479
vn -0.423400 0.719653 0.550302
vn -0.647428 0.743271 0.168479
vn -0.579117 0.697173 0.422580
vn -0.647428 0.743271 0.168479
vn -0.541482 0.811237 0.220661
vn -0.544897 0.783455 0.298807
vn -0.647428 0.743271 0.168479
vn -0.544897 0.783455 0.298807
vn -0.579117 0.697173 0.422580
vn -0.541482 0.811237 0.220661
vn -0.499213 0.825468 0.263417
vn -0.544897 0.783455 0.298807
vn -0.541482 0.811237 0.220661
vn -0.647428 0.743271 0.168479
vn -0.673915 0.737769 -0.039196
vn -0.764914 0.633718 -0.115363
vn -0.722511 0.616481 -0.312936
vn -0.730313 0.680147 -0.063579
vn -0.764914 0.633718 -0.115363
vn -0.730313 0.680147 -0.063579
vn -0.765267 0.642574 0.038280
vn -0.630343 0.511130 -0.584307
vn -0.722511 0.616481 -0.312936
vn -0.764914 0.633718 -0.115363
vn -0.630343 0.511130 -0.584307
vn -0.234035 0.547672 -0.803295
vn -0.498651 0.623735 -0.601916
vn -0.630343 0.511130 -0.584307
vn -0.498651 0.623735 -0.601916
vn -0.722511 0.616481 -0.312936
vn -0.234035 0.547672 -0.803295
vn 0.019603 0.656392 -0.754165
vn -0.237869 0.642222 -0.728676
vn -0.234035 0.547672 -0.803295
vn -0.237869 0.642222 -0.728676
vn -0.498651 0.623735 -0.601916
vn -0.722511 0.616481 -0.312936
vn -0.498651 0.623735 -0.601916
vn -0.586432 0.680807 -0.438861
vn -0.722511 0.616481 -0.312936
vn -0.586432 0.680807 -0.438861
vn -0.730313 0.680147 -0.063579
vn -0.586432 0.680807 -0.438861
vn -0.498651 0.623735 -0.601916
vn -0.237869 0.642222 -0.728676
vn -0.586432 0.680807 -0.438861
vn -0.237869 0.642222 -0.728676
vn -0.482112 0.635376 -0.603212
vn -0.237869 0.642222 -0.728676
vn -0.406656 0.634982 -0.656833
vn -0.482112 0.635376 -0.603212
vn -0.237869 0.642222 -0.728676
vn -0.482112 0.635376 -0.603212
vn -0.482112 0.635376 -0.603212
vn -0.406656 0.634982 -0.656833
vn -0.482112 0.635376 -0.603212
vn -0.482112 0.635376 -0.603212
vn -0.406656 0.634982 -0.656833
vn -0.237869 0.642222 -0.728676
vn 0.019603 0.656392 -0.754165
vn 0.563086 0.691881 -0.451923
vn 0.575310 0.701213 -0.421091
vn 0.411629 0.793538 -0.448173
vn 0.563086 0.691881 -0.451923
vn 0.411629 0.793538 -0.448173
vn 0.532034 0.693181 -0.486250
vn 0.586773 0.690869 -0.422370
vn 0.603175 0.681323 -0.414702
vn 0.575310 0.701213 -0.421091
vn 0.586773 0.690869 -0.422370
vn 0.575310 0.701213 -0.421091
vn 0.563086 0.691881 -0.451923
vn 0.575310 0.701213 -0.421091
vn 0.722281 0.656923 -0.216245
vn 0.623511 0.729280 -0.281754
vn 0.603175 0.681323 -0.414702
vn 0.619822 0.671415 -0.406230
vn 0.722281 0.656923 -0.216245
vn 0.603175 0.681323 -0.414702
vn 0.722281 0.656923 -0.216245
vn 0.575310 0.701213 -0.421091
vn -0.244318 0.671341 -0.699721
vn -0.122677 0.704947 -0.698570
vn -0.120962 0.700072 -0.703753
vn -0.244318 0.671341 -0.699721
vn -0.120962 0.700072 -0.703753
vn -0.312373 0.715507 -0.624878
vn -0.312373 0.715507 -0.624878
vn -0.254765 0.614528 -0.746626
vn -0.346092 0.594305 -0.725963
vn -0.312373 0.715507 -0.624878
vn -0.346092 0.594305 -0.725963
vn -0.244318 0.671341 -0.699721
vn -0.232760 0.679633 -0.695645
vn -0.188956 0.810771 -0.554026
vn -0.122677 0.704947 -0.698570
vn -0.232760 0.679633 -0.695645
vn -0.122677 0.704947 -0.698570
vn -0.244318 0.671341 -0.699721
vn -0.232760 0.679633 -0.695645
vn -0.234003 0.927606 -0.291188
vn -0.188956 0.810771 -0.554026
vn -0.244318 0.671341 -0.699721
vn -0.346092 0.594305 -0.725963
vn -0.262990 0.477602 -0.838291
vn -0.244318 0.671341 -0.699721
vn -0.262990 0.477602 -0.838291
vn -0.232760 0.679633 -0.695645
vn -0.346092 0.594305 -0.725963
vn -0.173411 0.547900 -0.818373
vn -0.262990 0.477602 -0.838291
vn -0.254765 0.614528 -0.746626
vn -0.159998 0.573280 -0.803586
vn -0.173411 0.547900 -0.818373
vn -0.254765 0.614528 -0.746626
vn -0.173411 0.547900 -0.818373
vn -0.346092 0.594305 -0.725963
vn 0.411629 0.793538 -0.448173
vn 0.575310 0.701213 -0.421091
vn 0.623511 0.729280 -0.281754
vn -0.187781 0.674055 0.714415
vn -0.187781 0.674055 0.714415
vn -0.187781 0.674055 0.714415
vn -0.187781 0.674055 0.714415
vn -0.187781 0.674055 0.714415
vn -0.187781 0.674055 0.714415
vn -0.187781 0.674055 0.714415
vn -0.187781 0.674055 0.714415
vn -0.187781 0.674055 0.714415
vn -0.187781 0.674055 0.714415
vn -0.187781 0.674055 0.714415
vn -0.187781 0.674055 0.714415
vn -0.187781 0.674055 0.714415
vn -0.187781 0.674055 0.714415
vn -0.187781 0.674055 0.714415
vn -0.187781 0.674055 0.714415
vn -0.187781 0.674055 0.714415
vn -0.187781 0.674055 0.714415
vn -0.187781 0.674055 0.714415
vn -0.187781 0.674055 0.714415
vn -0.187781 0.674055 0.714415
vn -0.187781 0.674055 0.714415
vn -0.187781 0.674055 0.714415
vn -0.187781 0.674055 0.714415
vn -0.187781 0.674055 0.714415
vn -0.187781 0.674055 0.714415
vn -0.187781 0.674055 0.714415
vn -0.187781 0.674055 0.714415
vn -0.187781 0.674055 0.714415
vn -0.187781 0.674055 0.714415
vn -0.187781 0.674055 0.714415
vn -0.187781 0.674055 0.714415
vn -0.187781 0.674055 0.714415
vn -0.187781 0.674055 0.714415
vn -0.187781 0.674055 0.714415
vn -0.187781 0.674055 0.714415
vn -0.187781 0.674055 0.714415
vn -0.187781 0.674055 0.714415
vn -0.187781 0.674055 0.714415
vn -0.187781 0.674055 0.714415
vn -0.187781 0.674055 0.714415
vn -0.187781 0.674055 0.714415
vn 0.034845 0.861274 -0.506945
vn -0.265825 0.809104 -0.524107
vn -0.182918 0.813756 -0.551671
vn 0.034845 0.861274 -0.506945
vn -0.182918 0.813756 -0.551671
vn 0.018683 0.806232 -0.591304
vn -0.265825 0.809104 -0.524107
vn -0.421324 0.833697 -0.356980
vn -0.468935 0.772981 -0.427318
vn -0.265825 0.809104 -0.524107
vn -0.468935 0.772981 -0.427318
vn -0.318992 0.838753 -0.441291
vn -0.265825 0.809104 -0.524107
vn -0.318992 0.838753 -0.441291
vn -0.182918 0.813756 -0.551671
vn -0.182918 0.813756 -0.551671
vn -0.318992 0.838753 -0.441291
vn -0.112508 0.895238 -0.431151
vn -0.318992 0.838753 -0.441291
vn -0.140469 0.924276 -0.354940
vn -0.112508 0.895238 -0.431151
vn -0.112508 0.895238 -0.431151
vn -0.104047 0.895405 -0.432926
vn 0.018683 0.806232 -0.591304
vn -0.112508 0.895238 -0.431151
vn 0.018683 0.806232 -0.591304
vn -0.182918 0.813756 -0.551671
vn -0.161732 0.974510 -0.155476
vn -0.104047 0.895405 -0.432926
vn -0.112508 0.895238 -0.431151
vn -0.755610 0.630441 0.177758
vn -0.609878 0.783262 0.120618
vn -0.612373 0.790128 0.026388
vn -0.755610 0.630441 0.177758
vn -0.612373 0.790128 0.026388
vn -0.760720 0.643586 0.084272
vn -0.760720 0.643586 0.084272
vn -0.612373 0.790128 0.026388
vn -0.594160 0.799997 -0.083536
vn -0.445665 0.894788 0.027160
vn -0.612373 0.790128 0.026388
vn -0.609878 0.783262 0.120618
vn -0.445665 0.894788 0.027160
vn -0.609878 0.783262 0.120618
vn -0.397748 0.914903 0.068907
vn -0.612373 0.790128 0.026388
vn -0.445665 0.894788 0.027160
vn -0.496949 0.867672 -0.013654
vn -0.612373 0.790128 0.026388
vn -0.496949 0.867672 -0.013654
vn -0.594160 0.799997 -0.083536
vn -0.510174 0.840776 0.181157
vn -0.445665 0.894788 0.027160
vn -0.397748 0.914903 0.068907
vn -0.510174 0.840776 0.181157
vn -0.397748 0.914903 0.068907
vn -0.457543 0.867004 0.197381
vn -0.510174 0.840776 0.181157
vn -0.457543 0.867004 0.197381
vn -0.578978 0.672421 0.461123
vn -0.510174 0.840776 0.181157
vn -0.578978 0.672421 0.461123
vn -0.586096 0.706859 0.396032
vn -0.586096 0.706859 0.396032
vn -0.578978 0.672421 0.461123
vn -0.587271 0.614855 0.526371
vn -0.510174 0.840776 0.181157
vn -0.586096 0.706859 0.396032
vn -0.593548 0.730684 0.337345
vn -0.510174 0.840776 0.181157
vn -0.593548 0.730684 0.337345
vn -0.562309 0.810436 0.164326
vn -0.619346 0.641327 0.452891
vn -0.593548 0.730684 0.337345
vn -0.586096 0.706859 0.396032
vn -0.445665 0.894788 0.027160
vn -0.510174 0.840776 0.181157
vn -0.562309 0.810436 0.164326
vn -0.445665 0.894788 0.027160
vn -0.562309 0.810436 0.164326
vn -0.496949 0.867672 -0.013654
vn 0.204915 0.672346 -0.711309
vn 0.384442 0.658446 -0.647035
vn 0.147573 0.715647 -0.682694
vn 0.204915 0.672346 -0.711309
vn 0.147573 0.715647 -0.682694
vn 0.060743 0.677162 -0.733322
vn 0.630362 0.556413 -0.541339
vn 0.384442 0.658446 -0.647035
vn 0.204915 0.672346 -0.711309
vn 0.630362 0.556413 -0.541339
vn 0.799654 0.580952 -0.151817
vn 0.628710 0.663173 -0.406110
vn 0.630362 0.556413 -0.541339
vn 0.628710 0.663173 -0.406110
vn 0.384442 0.658446 -0.647035
vn 0.799654 0.580952 -0.151817
vn 0.665404 0.737769 0.113735
vn 0.662125 0.743271 -0.095596
vn 0.799654 0.580952 -0.151817
vn 0.662125 0.743271 -0.095596
vn 0.628710 0.663173 -0.406110
vn 0.384442 0.658446 -0.647035
vn 0.628710 0.663173 -0.406110
vn 0.481850 0.719653 -0.499920
vn 0.384442 0.658446 -0.647035
vn 0.481850 0.719653 -0.499920
vn 0.147573 0.715647 -0.682694
vn 0.481850 0.719653 -0.499920
vn 0.628710 0.663173 -0.406110
vn 0.662125 0.743271 -0.095596
vn 0.481850 0.719653 -0.499920
vn 0.662125 0.743271 -0.095596
vn 0.622432 0.697173 -0.355708
vn 0.662125 0.743271 -0.095596
vn 0.562624 0.811237 -0.159213
vn 0.574689 0.783455 -0.236497
vn 0.662125 0.743271 -0.095596
vn 0.574689 0.783455 -0.236497
vn 0.622432 0.697173 -0.355708
vn 0.562624 0.811237 -0.159213
vn 0.525360 0.825468 -0.206394
vn 0.574689 0.783455 -0.236497
vn 0.562624 0.811237 -0.159213
vn 0.662125 0.743271 -0.095596
vn 0.665404 0.737769 0.113735
vn 0.747389 0.633718 0.199529
vn 0.683324 0.616481 0.391177
vn 0.718748 0.680147 0.144226
vn 0.747389 0.633718 0.199529
vn 0.718748 0.680147 0.144226
vn 0.764789 0.642574 0.046874
vn 0.561612 0.511130 0.650645
vn 0.683324 0.616481 0.391177
vn 0.747389 0.633718 0.199529
vn 0.561612 0.511130 0.650645
vn 0.143452 0.547672 0.824304
vn 0.428780 0.623735 0.653531
vn 0.561612 0.511130 0.650645
vn 0.428780 0.623735 0.653531
vn 0.683324 0.616481 0.391177
vn 0.143452 0.547672 0.824304
vn -0.103168 0.656392 0.747332
vn 0.155543 0.642222 0.750571
vn 0.143452 0.547672 0.824304
vn 0.155543 0.642222 0.750571
vn 0.428780 0.623735 0.653531
vn 0.683324 0.616481 0.391177
vn 0.428780 0.623735 0.653531
vn 0.534112 0.680807 0.501224
vn 0.683324 0.616481 0.391177
vn 0.534112 0.680807 0.501224
vn 0.718748 0.680147 0.144226
vn 0.534112 0.680807 0.501224
vn 0.428780 0.623735 0.653531
vn 0.155543 0.642222 0.750571
vn 0.534112 0.680807 0.501224
vn 0.155543 0.642222 0.750571
vn 0.412199 0.635376 0.652984
vn 0.155543 0.642222 0.750571
vn 0.331259 0.634982 0.697901
vn 0.412199 0.635376 0.652984
vn 0.155543 0.642222 0.750571
vn 0.412199 0.635376 0.652984
vn 0.412199 0.635376 0.652984
vn 0.331259 0.634982 0.697901
vn 0.412199 0.635376 0.652984
vn 0.412199 0.635376 0.652984
vn 0.331259 0.634982 0.697901
vn 0.155543 0.642222 0.750571
vn -0.103168 0.656392 0.747332
vn 0.444475 0.691881 -0.568983
vn 0.463443 0.701213 -0.541776
vn 0.297912 0.793538 -0.530609
vn 0.444475 0.691881 -0.568983
vn 0.297912 0.793538 -0.530609
vn 0.406380 0.693181 -0.595277
vn 0.474307 0.690869 -0.545649
vn 0.492030 0.681323 -0.541946
vn 0.463443 0.701213 -0.541776
vn 0.474307 0.690869 -0.545649
vn 0.463443 0.701213 -0.541776
vn 0.444475 0.691881 -0.568983
vn 0.463443 0.701213 -0.541776
vn 0.653464 0.656923 -0.376082
vn 0.542305 0.729280 -0.417201
vn 0.492030 0.681323 -0.541946
vn 0.510176 0.671415 -0.537516
vn 0.653464 0.656923 -0.376082
vn 0.492030 0.681323 -0.541946
vn 0.653464 0.656923 -0.376082
vn 0.463443 0.701213 -0.541776
vn -0.398235 0.671341 -0.625068
vn -0.279570 0.704947 -0.651836
vn -0.279089 0.700072 -0.657274
vn -0.398235 0.671341 -0.625068
vn -0.279089 0.700072 -0.657274
vn -0.447317 0.715507 -0.536616
vn -0.447317 0.715507 -0.536616
vn -0.419157 0.614528 -0.668328
vn -0.503314 0.594305 -0.627277
vn -0.447317 0.715507 -0.536616
vn -0.503314 0.594305 -0.627277
vn -0.398235 0.671341 -0.625068
vn -0.386050 0.679633 -0.623751
vn -0.310944 0.810772 -0.495947
vn -0.279570 0.704947 -0.651836
vn -0.386050 0.679633 -0.623751
vn -0.279570 0.704947 -0.651836
vn -0.398235 0.671341 -0.625068
vn -0.386050 0.679633 -0.623751
vn -0.294530 0.927606 -0.229781
vn -0.310944 0.810772 -0.495947
vn -0.398235 0.671341 -0.625068
vn -0.503314 0.594305 -0.627277
vn -0.448179 0.477602 -0.755666
vn -0.398235 0.671341 -0.625068
vn -0.448179 0.477602 -0.755666
vn -0.386050 0.679633 -0.623751
vn -0.503314 0.594305 -0.627277
vn -0.356419 0.547900 -0.756817
vn -0.448179 0.477602 -0.755666
vn -0.419157 0.614528 -0.668328
vn -0.339974 0.573280 -0.745498
vn -0.356419 0.547900 -0.756817
vn -0.419157 0.614528 -0.668328
vn -0.356419 0.547900 -0.756817
vn -0.503314 0.594305 -0.627277
vn 0.297912 0.793538 -0.530609
vn 0.463443 0.701213 -0.541776
vn 0.542305 0.729280 -0.417201
vn -0.763746 0.630441 0.138696
vn -0.615270 0.783262 0.089119
vn -0.612920 0.790128 -0.005114
vn -0.763746 0.630441 0.138696
vn -0.612920 0.790128 -0.005114
vn -0.764045 0.643586 0.045070
vn -0.764045 0.643586 0.045070
vn -0.612920 0.790128 -0.005114
vn -0.589083 0.799997 -0.113958
vn -0.446471 0.894788 0.004224
vn -0.612920 0.790128 -0.005114
vn -0.615270 0.783262 0.089119
vn -0.446471 0.894788 0.004224
vn -0.615270 0.783262 0.089119
vn -0.400764 0.914903 0.048377
vn -0.612920 0.790128 -0.005114
vn -0.446471 0.894788 0.004224
vn -0.495591 0.867672 -0.039173
vn -0.612920 0.790128 -0.005114
vn -0.495591 0.867672 -0.039173
vn -0.589083 0.799997 -0.113958
vn -0.518809 0.840776 0.154701
vn -0.446471 0.894788 0.004224
vn -0.400764 0.914903 0.048377
vn -0.518809 0.840776 0.154701
vn -0.400764 0.914903 0.048377
vn -0.467081 0.867003 0.173609
vn -0.518809 0.840776 0.154701
vn -0.467081 0.867003 0.173609
vn -0.601909 0.672421 0.430763
vn -0.518809 0.840776 0.154701
vn -0.601909 0.672421 0.430763
vn -0.605672 0.706859 0.365392
vn -0.605672 0.706859 0.365392
vn -0.601909 0.672421 0.430763
vn -0.613544 0.614855 0.495497
vn -0.518809 0.840776 0.154701
vn -0.605672 0.706859 0.365392
vn -0.610099 0.730684 0.306399
vn -0.518809 0.840776 0.154701
vn -0.610099 0.730684 0.306399
vn -0.570010 0.810436 0.135214
vn -0.641800 0.641327 0.420467
vn -0.610099 0.730684 0.306399
vn -0.605672 0.706859 0.365392
vn -0.446471 0.894788 0.004224
vn -0.518809 0.840776 0.154701
vn -0.570010 0.810436 0.135214
vn -0.446471 0.894788 0.004224
vn -0.570010 0.810436 0.135214
vn -0.495591 0.867672 -0.039173
vn 0.256539 0.672346 0.694362
vn 0.073847 0.658446 0.748997
vn 0.285764 0.715647 0.637329
vn 0.256539 0.672346 0.694362
vn 0.285764 0.715647 0.637329
vn 0.385707 0.677162 0.626643
vn -0.186869 0.556413 0.809620
vn 0.073847 0.658446 0.748997
vn 0.256539 0.672346 0.694362
vn -0.186869 0.556413 0.809620
vn -0.554088 0.580952 0.596223
vn -0.265688 0.663173 0.699722
vn -0.186869 0.556413 0.809620
vn -0.265688 0.663173 0.699722
vn 0.073847 0.658446 0.748997
vn -0.554088 0.580952 0.596223
vn -0.603347 0.737769 0.302771
vn -0.476639 0.743271 0.469429
vn -0.554088 0.580952 0.596223
vn -0.476639 0.743271 0.469429
vn -0.265688 0.663173 0.699722
vn 0.073847 0.658446 0.748997
vn -0.265688 0.663173 0.699722
vn -0.091801 0.719653 0.688238
vn 0.073847 0.658446 0.748997
vn -0.091801 0.719653 0.688238
vn 0.285764 0.715647 0.637329
vn -0.091801 0.719653 0.688238
vn -0.265688 0.663173 0.699722
vn -0.476639 0.743271 0.469429
vn -0.091801 0.719653 0.688238
vn -0.476639 0.743271 0.469429
vn -0.290504 0.697173 0.655406
vn -0.476639 0.743271 0.469429
vn -0.358792 0.811237 0.461695
vn -0.322705 0.783455 0.531093
vn -0.476639 0.743271 0.469429
vn -0.322705 0.783455 0.531093
vn -0.290504 0.697173 0.655406
vn -0.358792 0.811237 0.461695
vn -0.300815 0.825468 0.477611
vn -0.322705 0.783455 0.531093
vn -0.358792 0.811237 0.461695
vn -0.476639 0.743271 0.469429
vn -0.603347 0.737769 0.302771
vn -0.720230 0.633718 0.282260
vn -0.782217 0.616481 0.089931
vn -0.664384 0.680147 0.309829
vn -0.720230 0.633718 0.282260
vn -0.664384 0.680147 0.309829
vn -0.643768 0.642574 0.415526
vn -0.837969 0.511130 -0.191190
vn -0.782217 0.616481 0.089931
vn -0.720230 0.633718 0.282260
vn -0.837969 0.511130 -0.191190
vn -0.604095 0.547672 -0.578899
vn -0.732693 0.623735 -0.272243
vn -0.837969 0.511130 -0.191190
vn -0.732693 0.623735 -0.272243
vn -0.782217 0.616481 0.089931
vn -0.604095 0.547672 -0.578899
vn -0.359839 0.656392 -0.663072
vn -0.570133 0.642222 -0.512346
vn -0.604095 0.547672 -0.578899
vn -0.570133 0.642222 -0.512346
vn -0.732693 0.623735 -0.272243
vn -0.782217 0.616481 0.089931
vn -0.732693 0.623735 -0.272243
vn -0.727261 0.680807 -0.087141
vn -0.782217 0.616481 0.089931
vn -0.727261 0.680807 -0.087141
vn -0.664384 0.680147 0.309829
vn -0.727261 0.680807 -0.087141
vn -0.732693 0.623735 -0.272243
vn -0.570133 0.642222 -0.512346
vn -0.727261 0.680807 -0.087141
vn -0.570133 0.642222 -0.512346
vn -0.719014 0.635376 -0.281630
vn -0.570133 0.642222 -0.512346
vn -0.680444 0.634982 -0.365779
vn -0.719014 0.635376 -0.281630
vn -0.570133 0.642222 -0.512346
vn -0.719014 0.635376 -0.281630
vn -0.719014 0.635376 -0.281630
vn -0.680444 0.634982 -0.365779
vn -0.719014 0.635376 -0.281630
vn -0.719014 0.635376 -0.281630
vn -0.680444 0.634982 -0.365779
vn -0.570133 0.642222 -0.512346
vn -0.359839 0.656392 -0.663072
vn 0.011380 0.630441 0.776154
vn -0.013138 0.783262 0.621552
vn -0.105707 0.790128 0.603758
vn 0.011380 0.630441 0.776154
vn -0.105707 0.790128 0.603758
vn -0.081023 0.643586 0.761073
vn -0.081023 0.643586 0.761073
vn -0.105707 0.790128 0.603758
vn -0.209157 0.799997 0.562368
vn -0.069159 0.894788 0.441103
vn -0.105707 0.790128 0.603758
vn -0.013138 0.783262 0.621552
vn -0.069159 0.894788 0.441103
vn -0.013138 0.783262 0.621552
vn -0.018098 0.914903 0.403267
vn -0.105707 0.790128 0.603758
vn -0.069159 0.894788 0.441103
vn -0.120033 0.867672 0.482428
vn -0.105707 0.790128 0.603758
vn -0.120033 0.867672 0.482428
vn -0.209157 0.799997 0.562368
vn 0.067395 0.840776 0.537172
vn -0.069159 0.894788 0.441103
vn -0.018098 0.914903 0.403267
vn 0.067395 0.840776 0.537172
vn -0.018098 0.914903 0.403267
vn 0.094541 0.867004 0.489251
vn 0.067395 0.840776 0.537172
vn 0.094541 0.867004 0.489251
vn 0.326061 0.672421 0.664481
vn 0.067395 0.840776 0.537172
vn 0.326061 0.672421 0.664481
vn 0.260959 0.706859 0.657457
vn 0.260959 0.706859 0.657457
vn 0.326061 0.672421 0.664481
vn 0.388005 0.614855 0.686590
vn 0.067395 0.840776 0.537172
vn 0.260959 0.706859 0.657457
vn 0.202040 0.730684 0.652135
vn 0.067395 0.840776 0.537172
vn 0.202040 0.730684 0.652135
vn 0.039764 0.810436 0.584477
vn 0.309353 0.641327 0.702140
vn 0.202040 0.730684 0.652135
vn 0.260959 0.706859 0.657457
vn -0.069159 0.894788 0.441103
vn 0.067395 0.840776 0.537172
vn 0.039764 0.810436 0.584477
vn -0.069159 0.894788 0.441103
vn 0.039764 0.810436 0.584477
vn -0.120033 0.867672 0.482428
vn 0.639907 0.646762 0.414992
vn 0.579005 0.670893 0.463308
vn 0.365177 0.708484 0.603900
vn 0.639907 0.646762 0.414992
vn 0.365177 0.708484 0.603900
vn 0.462270 0.591228 0.660876
vn 0.689501 0.691701 0.214798
vn 0.678335 0.688477 0.256635
vn 0.579005 0.670893 0.463308
vn 0.689501 0.691701 0.214798
vn 0.579005 0.670893 0.463308
vn 0.639907 0.646762 0.414992
vn 0.579005 0.670893 0.463308
vn 0.436328 0.744984 0.504595
vn 0.310873 0.767918 0.560053
vn 0.579005 0.670893 0.463308
vn 0.310873 0.767918 0.560053
vn 0.365177 0.708484 0.603900
vn 0.678335 0.688477 0.256635
vn 0.668482 0.686148 0.286938
vn 0.436328 0.744984 0.504595
vn 0.678335 0.688477 0.256635
vn 0.436328 0.744984 0.504595
vn 0.579005 0.670893 0.463308
vn 0.717816 0.691881 -0.077716
vn 0.711520 0.701213 -0.045153
vn 0.588160 0.793538 -0.156092
vn 0.717816 0.691881 -0.077716
vn 0.588160 0.793538 -0.156092
vn 0.710128 0.693181 -0.123362
vn 0.721869 0.690869 -0.040060
vn 0.731563 0.681323 -0.024768
vn 0.711520 0.701213 -0.045153
vn 0.721869 0.690869 -0.040060
vn 0.711520 0.701213 -0.045153
vn 0.717816 0.691881 -0.077716
vn 0.711520 0.701213 -0.045153
vn 0.725100 0.656923 0.206597
vn 0.677129 0.729280 0.098218
vn 0.731563 0.681323 -0.024768
vn 0.741031 0.671415 -0.008667
vn 0.725100 0.656923 0.206597
vn 0.731563 0.681323 -0.024768
vn 0.725100 0.656923 0.206597
vn 0.711520 0.701213 -0.045153
vn 0.170794 0.671341 -0.721201
vn 0.272685 0.704947 -0.654747
vn 0.276920 0.700072 -0.658191
vn 0.170794 0.671341 -0.721201
vn 0.276920 0.700072 -0.658191
vn 0.073152 0.715507 -0.694765
vn 0.073152 0.715507 -0.694765
vn 0.187240 0.614528 -0.766352
vn 0.099153 0.594305 -0.798104
vn 0.073152 0.715507 -0.694765
vn 0.099153 0.594305 -0.798104
vn 0.170794 0.671341 -0.721201
vn 0.178340 0.679633 -0.711544
vn 0.139015 0.810772 -0.568616
vn 0.272685 0.704947 -0.654747
vn 0.178340 0.679633 -0.711544
vn 0.272685 0.704947 -0.654747
vn 0.170794 0.671341 -0.721201
vn 0.178340 0.679633 -0.711544
vn -0.040443 0.927606 -0.371365
vn 0.139015 0.810772 -0.568616
vn 0.170794 0.671341 -0.721201
vn 0.099153 0.594305 -0.798104
vn 0.229656 0.477602 -0.848029
vn 0.170794 0.671341 -0.721201
vn 0.229656 0.477602 -0.848029
vn 0.178340 0.679633 -0.711544
vn 0.099153 0.594305 -0.798104
vn 0.294424 0.547900 -0.783020
vn 0.229656 0.477602 -0.848029
vn 0.187240 0.614528 -0.766352
vn 0.297767 0.573280 -0.763338
vn 0.294424 0.547900 -0.783020
vn 0.187240 0.614528 -0.766352
vn 0.294424 0.547900 -0.783020
vn 0.099153 0.594305 -0.798104
vn 0.588160 0.793538 -0.156092
vn 0.711520 0.701213 -0.045153
vn 0.677129 0.729280 0.098218
vn 0.548667 0.646762 0.529777
vn 0.479645 0.670893 0.565546
vn 0.242864 0.708484 0.662621
vn 0.548667 0.646762 0.529777
vn 0.242864 0.708484 0.662621
vn 0.327259 0.591228 0.737124
vn 0.635655 0.691701 0.342773
vn 0.616688 0.688477 0.381700
vn 0.479645 0.670893 0.565546
vn 0.635655 0.691701 0.342773
vn 0.479645 0.670893 0.565546
vn 0.548667 0.646762 0.529777
vn 0.479645 0.670893 0.565546
vn 0.331704 0.744984 0.578767
vn 0.197955 0.767918 0.609193
vn 0.479645 0.670893 0.565546
vn 0.197955 0.767918 0.609193
vn 0.242864 0.708484 0.662621
vn 0.616688 0.688477 0.381700
vn 0.601218 0.686148 0.409558
vn 0.331704 0.744984 0.578767
vn 0.616688 0.688477 0.381700
vn 0.331704 0.744984 0.578767
vn 0.479645 0.670893 0.565546
vn -0.630213 0.674055 0.385334
vn -0.630213 0.674055 0.385334
vn -0.630213 0.674055 0.385334
vn -0.630213 0.674055 0.385334
vn -0.630213 0.674055 0.385334
vn -0.630213 0.674055 0.385334
vn -0.630213 0.674055 0.385334
vn -0.630213 0.674055 0.385334
vn -0.630213 0.674055 0.385334
vn -0.630213 0.674055 0.385334
vn -0.630213 0.674055 0.385334
vn -0.630213 0.674055 0.385334
vn -0.630213 0.674055 0.385334
vn -0.630213 0.674055 0.385334
vn -0.630213 0.674055 0.385334
vn -0.630213 0.674055 0.385334
vn -0.630213 0.674055 0.385334
vn -0.630213 0.674055 0.385334
vn -0.630213 0.674055 0.385334
vn -0.630213 0.674055 0.385334
vn -0.630213 0.674055 0.385334
vn -0.630213 0.674055 0.385334
vn -0.630213 0.674055 0.385334
vn -0.630213 0.674055 0.385334
vn -0.630213 0.674055 0.385334
vn -0.630213 0.674055 0.385334
vn -0.630213 0.674055 0.385334
vn -0.630213 0.674055 0.385334
vn -0.630213 0.674055 0.385334
vn -0.630213 0.674055 0.385334
vn -0.630213 0.674055 0.385334
vn -0.630213 0.674055 0.385334
vn -0.630213 0.674055 0.385334
vn -0.630213 0.674055 0.385334
vn -0.630213 0.674055 0.385334
vn -0.630213 0.674055 0.385334
vn -0.630213 0.674055 0.385334
vn -0.630213 0.674055 0.385334
vn -0.630213 0.674055 0.385334
vn -0.630213 0.674055 0.385334
vn -0.630213 0.674055 0.385334
vn -0.630213 0.674055 0.385334
vn 0.376207 0.861274 -0.341577
vn 0.171191 0.809104 -0.562179
vn 0.250088 0.813756 -0.524649
vn 0.376207 0.861274 -0.341577
vn 0.250088 0.813756 -0.524649
vn 0.422969 0.806232 -0.413627
vn 0.171191 0.809104 -0.562179
vn -0.056725 0.833698 -0.549300
vn -0.042361 0.772981 -0.633014
vn 0.171191 0.809104 -0.562179
vn -0.042361 0.772981 -0.633014
vn 0.075484 0.838753 -0.539255
vn 0.171191 0.809104 -0.562179
vn 0.075484 0.838753 -0.539255
vn 0.250088 0.813756 -0.524649
vn 0.250088 0.813756 -0.524649
vn 0.075484 0.838753 -0.539255
vn 0.217419 0.895238 -0.388945
vn 0.075484 0.838753 -0.539255
vn 0.144470 0.924276 -0.353330
vn 0.217419 0.895238 -0.388945
vn 0.217419 0.895238 -0.388945
vn 0.224751 0.895405 -0.384366
vn 0.422969 0.806232 -0.413627
vn 0.217419 0.895238 -0.388945
vn 0.422969 0.806232 -0.413627
vn 0.250088 0.813756 -0.524649
vn -0.009003 0.974510 -0.224163
vn 0.224751 0.895405 -0.384366
vn 0.217419 0.895238 -0.388945
vn -0.563815 0.646762 -0.513627
vn -0.495860 0.670893 -0.551384
vn -0.261997 0.708484 -0.655292
vn -0.563815 0.646762 -0.513627
vn -0.261997 0.708484 -0.655292
vn -0.348520 0.591228 -0.727313
vn -0.645337 0.691701 -0.324176
vn -0.627509 0.688477 -0.363638
vn -0.495860 0.670893 -0.551384
vn -0.645337 0.691701 -0.324176
vn -0.495860 0.670893 -0.551384
vn -0.563815 0.646762 -0.513627
vn -0.495860 0.670893 -0.551384
vn -0.348365 0.744984 -0.568894
vn -0.215556 0.767918 -0.603190
vn -0.495860 0.670893 -0.551384
vn -0.215556 0.767918 -0.603190
vn -0.261997 0.708484 -0.655292
vn -0.627509 0.688477 -0.363638
vn -0.612854 0.686148 -0.391933
vn -0.348365 0.744984 -0.568894
vn -0.627509 0.688477 -0.363638
vn -0.348365 0.744984 -0.568894
vn -0.495860 0.670893 -0.551384
vn -0.278873 0.630441 -0.724413
vn -0.202444 0.783262 -0.587806
vn -0.109429 0.790128 -0.603094
vn -0.278873 0.630441 -0.724413
vn -0.109429 0.790128 -0.603094
vn -0.186951 0.643586 -0.742190
vn -0.186951 0.643586 -0.742190
vn -0.109429 0.790128 -0.603094
vn 0.001951 0.799997 -0.600001
vn -0.087521 0.894788 -0.437830
vn -0.109429 0.790128 -0.603094
vn -0.202444 0.783262 -0.587806
vn -0.087521 0.894788 -0.437830
vn -0.202444 0.783262 -0.587806
vn -0.122363 0.914903 -0.384681
vn -0.109429 0.790128 -0.603094
vn -0.087521 0.894788 -0.437830
vn -0.054060 0.867672 -0.494189
vn -0.109429 0.790128 -0.603094
vn -0.054060 0.867672 -0.494189
vn 0.001951 0.799997 -0.600001
vn -0.248860 0.840776 -0.480796
vn -0.087521 0.894788 -0.437830
vn -0.122363 0.914903 -0.384681
vn -0.248860 0.840776 -0.480796
vn -0.122363 0.914903 -0.384681
vn -0.257775 0.867003 -0.426447
vn -0.248860 0.840776 -0.480796
vn -0.257775 0.867003 -0.426447
vn -0.535583 0.672421 -0.510883
vn -0.248860 0.840776 -0.480796
vn -0.535583 0.672421 -0.510883
vn -0.472064 0.706859 -0.526788
vn -0.472064 0.706859 -0.526788
vn -0.535583 0.672421 -0.510883
vn -0.601351 0.614855 -0.510225
vn -0.248860 0.840776 -0.480796
vn -0.472064 0.706859 -0.526788
vn -0.414935 0.730684 -0.542152
vn -0.248860 0.840776 -0.480796
vn -0.414935 0.730684 -0.542152
vn -0.239276 0.810436 -0.534734
vn -0.532917 0.641327 -0.551996
vn -0.414935 0.730684 -0.542152
vn -0.472064 0.706859 -0.526788
vn -0.087521 0.894788 -0.437830
vn -0.248860 0.840776 -0.480796
vn -0.239276 0.810436 -0.534734
vn -0.087521 0.894788 -0.437830
vn -0.239276 0.810436 -0.534734
vn -0.054060 0.867672 -0.494189
vn -0.248228 0.674055 -0.695725
vn -0.248228 0.674055 -0.695725
vn -0.248228 0.674055 -0.695725
vn -0.248228 0.674055 -0.695725
vn -0.248228 0.674055 -0.695725
vn -0.248228 0.674055 -0.695725
vn -0.248228 0.674055 -0.695725
vn -0.248228 0.674055 -0.695725
vn -0.248228 0.674055 -0.695725
vn -0.248228 0.674055 -0.695725
vn -0.248228 0.674055 -0.695725
vn -0.248228 0.674055 -0.695725
vn -0.248228 0.674055 -0.695725
vn -0.248228 0.674055 -0.695725
vn -0.248228 0.674055 -0.695725
vn -0.248228 0.674055 -0.695725
vn -0.248228 0.674055 -0.695725
vn -0.248228 0.674055 -0.695725
vn -0.248228 0.674055 -0.695725
vn -0.248228 0.674055 -0.695725
vn -0.248228 0.674055 -0.695725
vn -0.248228 0.674055 -0.695725
vn -0.248228 0.674055 -0.695725
vn -0.248228 0.674055 -0.695725
vn -0.248228 0.674055 -0.695725
vn -0.248228 0.674055 -0.695725
vn -0.248228 0.674055 -0.695725
vn -0.248228 0.674055 -0.695725
vn -0.248228 0.674055 -0.695725
vn -0.248228 0.674055 -0.695725
vn -0.248228 0.674055 -0.695725
vn -0.248228 0.674055 -0.695725
vn -0.248228 0.674055 -0.695725
vn -0.248228 0.674055 -0.695725
vn -0.248228 0.674055 -0.695725
vn -0.248228 0.674055 -0.695725
vn -0.248228 0.674055 -0.695725
vn -0.248228 0.674055 -0.695725
vn -0.248228 0.674055 -0.695725
vn -0.248228 0.674055 -0.695725
vn -0.248228 0.674055 -0.695725
vn -0.248228 0.674055 -0.695725
vn 0.257371 0.861274 0.438140
vn 0.515255 0.809104 0.282601
vn 0.462376 0.813756 0.352150
vn 0.257371 0.861274 0.438140
vn 0.462376 0.813756 0.352150
vn 0.318328 0.806232 0.498656
vn 0.515255 0.809104 0.282601
vn 0.549285 0.833698 0.056872
vn 0.628288 0.772981 0.088062
vn 0.515255 0.809104 0.282601
vn 0.628288 0.772981 0.088062
vn 0.512400 0.838753 0.184228
vn 0.515255 0.809104 0.282601
vn 0.512400 0.838753 0.184228
vn 0.462376 0.813756 0.352150
vn 0.462376 0.813756 0.352150
vn 0.512400 0.838753 0.184228
vn 0.336228 0.895238 0.292404
vn 0.512400 0.838753 0.184228
vn 0.316293 0.924276 0.213712
vn 0.336228 0.895238 0.292404
vn 0.336228 0.895238 0.292404
vn 0.330245 0.895405 0.298645
vn 0.318328 0.806232 0.498656
vn 0.336228 0.895238 0.292404
vn 0.318328 0.806232 0.498656
vn 0.462376 0.813756 0.352150
vn 0.221262 0.974510 0.037056
vn 0.330245 0.895405 0.298645
vn 0.336228 0.895238 0.292404
vn 0.583587 0.630441 0.511831
vn 0.452427 0.783262 0.426392
vn 0.377171 0.790128 0.483156
vn 0.583587 0.630441 0.511831
vn 0.377171 0.790128 0.483156
vn 0.510456 0.643586 0.570291
vn 0.510456 0.643586 0.570291
vn 0.377171 0.790128 0.483156
vn 0.277112 0.799997 0.532178
vn 0.280969 0.894788 0.347003
vn 0.377171 0.790128 0.483156
vn 0.452427 0.783262 0.426392
vn 0.280969 0.894788 0.347003
vn 0.452427 0.783262 0.426392
vn 0.287120 0.914903 0.283750
vn 0.377171 0.790128 0.483156
vn 0.280969 0.894788 0.347003
vn 0.277533 0.867672 0.412457
vn 0.377171 0.790128 0.483156
vn 0.277533 0.867672 0.412457
vn 0.277112 0.799997 0.532178
vn 0.443794 0.840776 0.310068
vn 0.280969 0.894788 0.347003
vn 0.287120 0.914903 0.283750
vn 0.443794 0.840776 0.310068
vn 0.287120 0.914903 0.283750
vn 0.426431 0.867003 0.257802
vn 0.443794 0.840776 0.310068
vn 0.426431 0.867003 0.257802
vn 0.711656 0.672421 0.203460
vn 0.443794 0.840776 0.310068
vn 0.711656 0.672421 0.203460
vn 0.662805 0.706859 0.247061
vn 0.662805 0.706859 0.247061
vn 0.711656 0.672421 0.203460
vn 0.769586 0.614855 0.172312
vn 0.443794 0.840776 0.310068
vn 0.662805 0.706859 0.247061
vn 0.619361 0.730684 0.287215
vn 0.443794 0.840776 0.310068
vn 0.619361 0.730684 0.287215
vn 0.460376 0.810436 0.362282
vn 0.728402 0.641327 0.241102
vn 0.619361 0.730684 0.287215
vn 0.662805 0.706859 0.247061
vn 0.280969 0.894788 0.347003
vn 0.443794 0.840776 0.310068
vn 0.460376 0.810436 0.362282
vn 0.280969 0.894788 0.347003
vn 0.460376 0.810436 0.362282
vn 0.277533 0.867672 0.412457
vn 0.672695 0.696348 -0.250162
vn 0.535140 0.759177 -0.370507
vn 0.454212 0.719409 -0.525492
vn 0.672695 0.696348 -0.250162
vn 0.454212 0.719409 -0.525492
vn 0.464327 0.688586 -0.557000
vn 0.535140 0.759177 -0.370507
vn 0.672695 0.696348 -0.250162
vn 0.560007 0.802153 -0.207228
vn 0.639933 0.698427 -0.320447
vn 0.672695 0.696348 -0.250162
vn 0.464327 0.688586 -0.557000
vn 0.639933 0.698427 -0.320447
vn 0.464327 0.688586 -0.557000
vn 0.516219 0.682568 -0.517319
vn 0.629028 0.685675 -0.366298
vn 0.639933 0.698427 -0.320447
vn 0.516219 0.682568 -0.517319
vn 0.629028 0.685675 -0.366298
vn 0.516219 0.682568 -0.517319
vn 0.579230 0.696204 -0.424020
vn 0.705088 0.705443 -0.072113
vn 0.560007 0.802153 -0.207228
vn 0.672695 0.696348 -0.250162
vn 0.705088 0.705443 -0.072113
vn 0.672695 0.696348 -0.250162
vn 0.639933 0.698427 -0.320447
vn 0.639933 0.698427 -0.320447
vn 0.629028 0.685675 -0.366298
vn 0.692271 0.676129 -0.252210
vn 0.639933 0.698427 -0.320447
vn 0.692271 0.676129 -0.252210
vn 0.705088 0.705443 -0.072113
vn 0.629028 0.685675 -0.366298
vn 0.588214 0.679484 -0.438527
vn 0.692271 0.676129 -0.252210
vn 0.629028 0.685675 -0.366298
vn 0.579230 0.696204 -0.424020
vn 0.588214 0.679484 -0.438527
vn 0.304809 0.879036 -0.366588
vn 0.535140 0.759177 -0.370507
vn 0.560007 0.802153 -0.207228
vn 0.271682 0.674055 -0.686906
vn 0.271682 0.674055 -0.686906
vn 0.271682 0.674055 -0.686906
vn 0.271682 0.674055 -0.686906
vn 0.271682 0.674055 -0.686906
vn 0.271682 0.674055 -0.686906
vn 0.271682 0.674055 -0.686906
vn 0.271682 0.674055 -0.686906
vn 0.271682 0.674055 -0.686906
vn 0.271682 0.674055 -0.686906
vn 0.271682 0.674055 -0.686906
vn 0.271682 0.674055 -0.686906
vn 0.271682 0.674055 -0.686906
vn 0.271682 0.674055 -0.686906
vn 0.271682 0.674055 -0.686906
vn 0.271682 0.674055 -0.686906
vn 0.271682 0.674055 -0.686906
vn 0.271682 0.674055 -0.686906
vn 0.271682 0.674055 -0.686906
vn 0.271682 0.674055 -0.686906
vn 0.271682 0.674055 -0.686906
vn 0.271682 0.674055 -0.686906
vn 0.271682 0.674055 -0.686906
vn 0.271682 0.674055 -0.686906
vn 0.271682 0.674055 -0.686906
vn 0.271682 0.674055 -0.686906
vn 0.271682 0.674055 -0.686906
vn 0.271682 0.674055 -0.686906
vn 0.271682 0.674055 -0.686906
vn 0.271682 0.674055 -0.686906
vn 0.271682 0.674055 -0.686906
vn 0.271682 0.674055 -0.686906
vn 0.271682 0.674055 -0.686906
vn 0.271682 0.674055 -0.686906
vn 0.271682 0.674055 -0.686906
vn 0.271682 0.674055 -0.686906
vn 0.271682 0.674055 -0.686906
vn 0.271682 0.674055 -0.686906
vn 0.271682 0.674055 -0.686906
vn 0.271682 0.674055 -0.686906
vn 0.271682 0.674055 -0.686906
vn 0.271682 0.674055 -0.686906
vn -0.095084 0.861274 0.499165
vn 0.201390 0.809104 0.552081
vn 0.115787 0.813756 0.569556
vn -0.095084 0.861274 0.499165
vn 0.115787 0.813756 0.569556
vn -0.089103 0.806232 0.584851
vn 0.201390 0.809104 0.552081
vn 0.375720 0.833698 0.404701
vn 0.414598 0.772981 0.480218
vn 0.201390 0.809104 0.552081
vn 0.414598 0.772981 0.480218
vn 0.264059 0.838753 0.476200
vn 0.201390 0.809104 0.552081
vn 0.264059 0.838753 0.476200
vn 0.115787 0.813756 0.569556
vn 0.115787 0.813756 0.569556
vn 0.264059 0.838753 0.476200
vn 0.060260 0.895238 0.441495
vn 0.264059 0.838753 0.476200
vn 0.097114 0.924276 0.369165
vn 0.060260 0.895238 0.441495
vn 0.060260 0.895238 0.441495
vn 0.051648 0.895405 0.442248
vn -0.089103 0.806232 0.584851
vn 0.060260 0.895238 0.441495
vn -0.089103 0.806232 0.584851
vn 0.115787 0.813756 0.569556
vn 0.142026 0.974510 0.173663
vn 0.051648 0.895405 0.442248
vn 0.060260 0.895238 0.441495
vn 0.688088 0.674055 -0.268674
vn 0.688088 0.674055 -0.268674
vn 0.688088 0.674055 -0.268674
vn 0.688088 0.674055 -0.268674
vn 0.688088 0.674055 -0.268674
vn 0.688088 0.674055 -0.268674
vn 0.688088 0.674055 -0.268674
vn 0.688088 0.674055 -0.268674
vn 0.688088 0.674055 -0.268674
vn 0.688088 0.674055 -0.268674
vn 0.688088 0.674055 -0.268674
vn 0.688088 0.674055 -0.268674
vn 0.688088 0.674055 -0.268674
vn 0.688088 0.674055 -0.268674
vn 0.688088 0.674055 -0.268674
vn 0.688088 0.674055 -0.268674
vn 0.688088 0.674055 -0.268674
vn 0.688088 0.674055 -0.268674
vn 0.688088 0.674055 -0.268674
vn 0.688088 0.674055 -0.268674
vn 0.688088 0.674055 -0.268674
vn 0.688088 0.674055 -0.268674
vn 0.688088 0.674055 -0.268674
vn 0.688088 0.674055 -0.268674
vn 0.688088 0.674055 -0.268674
vn 0.688088 0.674055 -0.268674
vn 0.688088 0.674055 -0.268674
vn 0.688088 0.674055 -0.268674
vn 0.688088 0.674055 -0.268674
vn 0.688088 0.674055 -0.268674
vn 0.688088 0.674055 -0.268674
vn 0.688088 0.674055 -0.268674
vn 0.688088 0.674055 -0.268674
vn 0.688088 0.674055 -0.268674
vn 0.688088 0.674055 -0.268674
vn 0.688088 0.674055 -0.268674
vn 0.688088 0.674055 -0.268674
vn 0.688088 0.674055 -0.268674
vn 0.688088 0.674055 -0.268674
vn 0.688088 0.674055 -0.268674
vn 0.688088 0.674055 -0.268674
vn 0.688088 0.674055 -0.268674
vn -0.430345 0.861274 0.270203
vn -0.267255 0.809104 0.523379
vn -0.338335 0.813756 0.472578
vn -0.430345 0.861274 0.270203
vn -0.338335 0.813756 0.472578
vn -0.489033 0.806232 0.332921
vn -0.267255 0.809104 0.523379
vn -0.040619 0.833698 0.550725
vn -0.069461 0.772981 0.630615
vn -0.267255 0.809104 0.523379
vn -0.069461 0.772981 0.630615
vn -0.169010 0.838753 0.517619
vn -0.267255 0.809104 0.523379
vn -0.169010 0.838753 0.517619
vn -0.338335 0.813756 0.472578
vn -0.338335 0.813756 0.472578
vn -0.169010 0.838753 0.517619
vn -0.282343 0.895238 0.344720
vn -0.169010 0.838753 0.517619
vn -0.204274 0.924276 0.322469
vn -0.282343 0.895238 0.344720
vn -0.282343 0.895238 0.344720
vn -0.288757 0.895405 0.338924
vn -0.489033 0.806232 0.332921
vn -0.282343 0.895238 0.344720
vn -0.489033 0.806232 0.332921
vn -0.338335 0.813756 0.472578
vn -0.030502 0.974510 0.222260
vn -0.288757 0.895405 0.338924
vn -0.282343 0.895238 0.344720
vn -0.486806 0.630441 0.604619
vn -0.406965 0.783262 0.469978
vn -0.466847 0.790128 0.397179
vn -0.486806 0.630441 0.604619
vn -0.466847 0.790128 0.397179
vn -0.548293 0.643586 0.534014
vn -0.548293 0.643586 0.534014
vn -0.466847 0.790128 0.397179
vn -0.520039 0.799997 0.299273
vn -0.334866 0.894788 0.295330
vn -0.466847 0.790128 0.397179
vn -0.406965 0.783262 0.469978
vn -0.334866 0.894788 0.295330
vn -0.406965 0.783262 0.469978
vn -0.271410 0.914903 0.298812
vn -0.466847 0.790128 0.397179
vn -0.334866 0.894788 0.295330
vn -0.400406 0.867672 0.294653
vn -0.466847 0.790128 0.397179
vn -0.400406 0.867672 0.294653
vn -0.520039 0.799997 0.299273
vn -0.291108 0.840776 0.456456
vn -0.334866 0.894788 0.295330
vn -0.271410 0.914903 0.298812
vn -0.291108 0.840776 0.456456
vn -0.271410 0.914903 0.298812
vn -0.239619 0.867003 0.436907
vn -0.291108 0.840776 0.456456
vn -0.239619 0.867003 0.436907
vn -0.173316 0.672421 0.719592
vn -0.291108 0.840776 0.456456
vn -0.173316 0.672421 0.719592
vn -0.218936 0.706859 0.672620
vn -0.218936 0.706859 0.672620
vn -0.173316 0.672421 0.719592
vn -0.139757 0.614855 0.776158
vn -0.291108 0.840776 0.456456
vn -0.218936 0.706859 0.672620
vn -0.260883 0.730684 0.630904
vn -0.291108 0.840776 0.456456
vn -0.260883 0.730684 0.630904
vn -0.342577 0.810436 0.475221
vn -0.210219 0.641327 0.737908
vn -0.260883 0.730684 0.630904
vn -0.218936 0.706859 0.672620
vn -0.334866 0.894788 0.295330
vn -0.291108 0.840776 0.456456
vn -0.342577 0.810436 0.475221
vn -0.334866 0.894788 0.295330
vn -0.342577 0.810436 0.475221
vn -0.400406 0.867672 0.294653
vn -0.128151 0.674055 0.727481
vn -0.128151 0.674055 0.727481
vn -0.128151 0.674055 0.727481
vn -0.128151 0.674055 0.727481
vn -0.128151 0.674055 0.727481
vn -0.128151 0.674055 0.727481
vn -0.128151 0.674055 0.727481
vn -0.128151 0.674055 0.727481
vn -0.128151 0.674055 0.727481
vn -0.128151 0.674055 0.727481
vn -0.128151 0.674055 0.727481
vn -0.128151 0.674055 0.727481
vn -0.128151 0.674055 0.727481
vn -0.128151 0.674055 0.727481
vn -0.128151 0.674055 0.727481
vn -0.128151 0.674055 0.727481
vn -0.128151 0.674055 0.727481
vn -0.128151 0.674055 0.727481
vn -0.128151 0.674055 0.727481
vn -0.128151 0.674055 0.727481
vn -0.128151 0.674055 0.727481
vn -0.128151 0.674055 0.727481
vn -0.128151 0.674055 0.727481
vn -0.128151 0.674055 0.727481
vn -0.128151 0.674055 0.727481
vn -0.128151 0.674055 0.727481
vn -0.128151 0.674055 0.727481
vn -0.128151 0.674055 0.727481
vn -0.128151 0.674055 0.727481
vn -0.128151 0.674055 0.727481
vn -0.128151 0.674055 0.727481
vn -0.128151 0.674055 0.727481
vn -0.128151 0.674055 0.727481
vn -0.128151 0.674055 0.727481
vn -0.128151 0.674055 0.727481
vn -0.128151 0.674055 0.727481
vn -0.128151 0.674055 0.727481
vn -0.128151 0.674055 0.727481
vn -0.128151 0.674055 0.727481
vn -0.128151 0.674055 0.727481
vn -0.128151 0.674055 0.727481
vn -0.128151 0.674055 0.727481
vn -0.007133 0.861274 -0.508091
vn -0.308192 0.809104 -0.500368
vn -0.227845 0.813756 -0.534684
vn -0.007133 0.861274 -0.508091
vn -0.227845 0.813756 -0.534684
vn -0.030205 0.806232 -0.590828
vn -0.308192 0.809104 -0.500368
vn -0.449361 0.833698 -0.320972
vn -0.502617 0.772981 -0.387139
vn -0.308192 0.809104 -0.500368
vn -0.502617 0.772981 -0.387139
vn -0.354340 0.838753 -0.413445
vn -0.308192 0.809104 -0.500368
vn -0.354340 0.838753 -0.413445
vn -0.227845 0.813756 -0.534684
vn -0.227845 0.813756 -0.534684
vn -0.354340 0.838753 -0.413445
vn -0.147724 0.895238 -0.420389
vn -0.354340 0.838753 -0.413445
vn -0.169296 0.924276 -0.342130
vn -0.147724 0.895238 -0.420389
vn -0.147724 0.895238 -0.420389
vn -0.139439 0.895405 -0.422856
vn -0.030205 0.806232 -0.590828
vn -0.147724 0.895238 -0.420389
vn -0.030205 0.806232 -0.590828
vn -0.227845 0.813756 -0.534684
vn -0.174018 0.974510 -0.141591
vn -0.139439 0.895405 -0.422856
vn -0.147724 0.895238 -0.420389
vn -0.238620 0.630441 -0.738651
vn -0.169817 0.783262 -0.598049
vn -0.076102 0.790128 -0.608199
vn -0.238620 0.630441 -0.738651
vn -0.076102 0.790128 -0.608199
vn -0.145859 0.643586 -0.751347
vn -0.145859 0.643586 -0.751347
vn -0.076102 0.790128 -0.608199
vn 0.034939 0.799997 -0.598986
vn -0.063314 0.894788 -0.441980
vn -0.076102 0.790128 -0.608199
vn -0.169817 0.783262 -0.598049
vn -0.063314 0.894788 -0.441980
vn -0.169817 0.783262 -0.598049
vn -0.101026 0.914903 -0.390827
vn -0.076102 0.790128 -0.608199
vn -0.063314 0.894788 -0.441980
vn -0.026805 0.867672 -0.496413
vn -0.076102 0.790128 -0.608199
vn -0.026805 0.867672 -0.496413
vn 0.034939 0.799997 -0.598986
vn -0.222047 0.840776 -0.493752
vn -0.063314 0.894788 -0.441980
vn -0.101026 0.914903 -0.390827
vn -0.222047 0.840776 -0.493752
vn -0.101026 0.914903 -0.390827
vn -0.233937 0.867003 -0.439976
vn -0.222047 0.840776 -0.493752
vn -0.233937 0.867003 -0.439976
vn -0.506682 0.672421 -0.539559
vn -0.222047 0.840776 -0.493752
vn -0.506682 0.672421 -0.539559
vn -0.442385 0.706859 -0.551947
vn -0.442385 0.706859 -0.551947
vn -0.506682 0.672421 -0.539559
vn -0.572387 0.614855 -0.542519
vn -0.222047 0.840776 -0.493752
vn -0.442385 0.706859 -0.551947
vn -0.384498 0.730684 -0.564147
vn -0.222047 0.840776 -0.493752
vn -0.384498 0.730684 -0.564147
vn -0.209512 0.810436 -0.547082
vn -0.501759 0.641327 -0.580463
vn -0.384498 0.730684 -0.564147
vn -0.442385 0.706859 -0.551947
vn -0.063314 0.894788 -0.441980
vn -0.222047 0.840776 -0.493752
vn -0.209512 0.810436 -0.547082
vn -0.063314 0.894788 -0.441980
vn -0.209512 0.810436 -0.547082
vn -0.026805 0.867672 -0.496413
vn 0.550304 0.674055 -0.492764
vn 0.550304 0.674055 -0.492764
vn 0.550304 0.674055 -0.492764
vn 0.550304 0.674055 -0.492764
vn 0.550304 0.674055 -0.492764
vn 0.550304 0.674055 -0.492764
vn 0.550304 0.674055 -0.492764
vn 0.550304 0.674055 -0.492764
vn 0.550304 0.674055 -0.492764
vn 0.550304 0.674055 -0.492764
vn 0.550304 0.674055 -0.492764
vn 0.550304 0.674055 -0.492764
vn 0.550304 0.674055 -0.492764
vn 0.550304 0.674055 -0.492764
vn 0.550304 0.674055 -0.492764
vn 0.550304 0.674055 -0.492764
vn 0.550304 0.674055 -0.492764
vn 0.550304 0.674055 -0.492764
vn 0.550304 0.674055 -0.492764
vn 0.550304 0.674055 -0.492764
vn 0.550304 0.674055 -0.492764
vn 0.550304 0.674055 -0.492764
vn 0.550304 0.674055 -0.492764
vn 0.550304 0.674055 -0.492764
vn 0.550304 0.674055 -0.492764
vn 0.550304 0.674055 -0.492764
vn 0.550304 0.674055 -0.492764
vn 0.550304 0.674055 -0.492764
vn 0.550304 0.674055 -0.492764
vn 0.550304 0.674055 -0.492764
vn 0.550304 0.674055 -0.492764
vn 0.550304 0.674055 -0.492764
vn 0.550304 0.674055 -0.492764
vn 0.550304 0.674055 -0.492764
vn 0.550304 0.674055 -0.492764
vn 0.550304 0.674055 -0.492764
vn 0.550304 0.674055 -0.492764
vn 0.550304 0.674055 -0.492764
vn 0.550304 0.674055 -0.492764
vn 0.550304 0.674055 -0.492764
vn 0.550304 0.674055 -0.492764
vn 0.550304 0.674055 -0.492764
vn -0.308369 0.861274 0.403876
vn -0.066900 0.809104 0.583845
vn -0.151275 0.813756 0.561174
vn -0.308369 0.861274 0.403876
vn -0.151275 0.813756 0.561174
vn -0.341357 0.806232 0.483183
vn -0.066900 0.809104 0.583845
vn 0.154947 0.833698 0.530037
vn 0.155930 0.772981 0.614969
vn -0.066900 0.809104 0.583845
vn 0.155930 0.772981 0.614969
vn 0.023097 0.838753 0.544022
vn -0.066900 0.809104 0.583845
vn 0.023097 0.838753 0.544022
vn -0.151275 0.813756 0.561174
vn -0.151275 0.813756 0.561174
vn 0.023097 0.838753 0.544022
vn -0.143639 0.895238 0.421803
vn 0.023097 0.838753 0.544022
vn -0.078317 0.924276 0.373604
vn -0.143639 0.895238 0.421803
vn -0.143639 0.895238 0.421803
vn -0.151677 0.895405 0.418622
vn -0.341357 0.806232 0.483183
vn -0.143639 0.895238 0.421803
vn -0.341357 0.806232 0.483183
vn -0.151275 0.813756 0.561174
vn 0.049319 0.974510 0.218856
vn -0.151677 0.895405 0.418622
vn -0.143639 0.895238 0.421803
vn 0.345571 0.672346 -0.654623
vn 0.508232 0.658445 -0.555112
vn 0.283601 0.715647 -0.638295
vn 0.345571 0.672346 -0.654623
vn 0.283601 0.715647 -0.638295
vn 0.208910 0.677162 -0.705555
vn 0.727452 0.556413 -0.401520
vn 0.508232 0.658445 -0.555112
vn 0.345571 0.672346 -0.654623
vn 0.727452 0.556413 -0.401520
vn 0.813812 0.580952 0.014328
vn 0.698277 0.663173 -0.269464
vn 0.727452 0.556413 -0.401520
vn 0.698277 0.663173 -0.269464
vn 0.508232 0.658445 -0.555112
vn 0.813812 0.580952 0.014328
vn 0.628262 0.737769 0.246949
vn 0.667712 0.743271 0.041343
vn 0.813812 0.580952 0.014328
vn 0.667712 0.743271 0.041343
vn 0.698277 0.663173 -0.269464
vn 0.508232 0.658445 -0.555112
vn 0.698277 0.663173 -0.269464
vn 0.573616 0.719653 -0.391235
vn 0.508232 0.658445 -0.555112
vn 0.573616 0.719653 -0.391235
vn 0.283601 0.715647 -0.638295
vn 0.573616 0.719653 -0.391235
vn 0.698277 0.663173 -0.269464
vn 0.667712 0.743271 0.041343
vn 0.573616 0.719653 -0.391235
vn 0.667712 0.743271 0.041343
vn 0.681859 0.697173 -0.221400
vn 0.667712 0.743271 0.041343
vn 0.583263 0.811237 -0.041216
vn 0.610824 0.783455 -0.114420
vn 0.667712 0.743271 0.041343
vn 0.610824 0.783455 -0.114420
vn 0.681859 0.697173 -0.221400
vn 0.583263 0.811237 -0.041216
vn 0.556396 0.825468 -0.095001
vn 0.610824 0.783455 -0.114420
vn 0.583263 0.811237 -0.041216
vn 0.667712 0.743271 0.041343
vn 0.628262 0.737769 0.246949
vn 0.691043 0.633718 0.347651
vn 0.589268 0.616481 0.522221
vn 0.674274 0.680147 0.287671
vn 0.691043 0.633718 0.347651
vn 0.674274 0.680147 0.287671
vn 0.739187 0.642574 0.201745
vn 0.417233 0.511130 0.751441
vn 0.589268 0.616481 0.522221
vn 0.691043 0.633718 0.347651
vn 0.417233 0.511130 0.751441
vn -0.027541 0.547672 0.836239
vn 0.286600 0.623735 0.727197
vn 0.417233 0.511130 0.751441
vn 0.286600 0.623735 0.727197
vn 0.589268 0.616481 0.522221
vn -0.027541 0.547672 0.836239
vn -0.253300 0.656392 0.710625
vn -0.000678 0.642222 0.766518
vn -0.027541 0.547672 0.836239
vn -0.000678 0.642222 0.766518
vn 0.286600 0.623735 0.727197
vn 0.589268 0.616481 0.522221
vn 0.286600 0.623735 0.727197
vn 0.420761 0.680807 0.599551
vn 0.589268 0.616481 0.522221
vn 0.420761 0.680807 0.599551
vn 0.674274 0.680147 0.287671
vn 0.420761 0.680807 0.599551
vn 0.286600 0.623735 0.727197
vn -0.000678 0.642222 0.766518
vn 0.420761 0.680807 0.599551
vn -0.000678 0.642222 0.766518
vn 0.270479 0.635376 0.723283
vn -0.000678 0.642222 0.766518
vn 0.182084 0.634982 0.750762
vn 0.270479 0.635376 0.723283
vn -0.000678 0.642222 0.766518
vn 0.270479 0.635376 0.723283
vn 0.270479 0.635376 0.723283
vn 0.182084 0.634982 0.750762
vn 0.270479 0.635376 0.723283
vn 0.270479 0.635376 0.723283
vn 0.182084 0.634982 0.750762
vn -0.000678 0.642222 0.766518
vn -0.253300 0.656392 0.710625
vn 0.094976 0.691881 0.715737
vn 0.062271 0.701213 0.710227
vn 0.170208 0.793538 0.584232
vn 0.094976 0.691881 0.715737
vn 0.170208 0.793538 0.584232
vn 0.140423 0.693181 0.706952
vn 0.057428 0.690869 0.720695
vn 0.042375 0.681323 0.730755
vn 0.062271 0.701213 0.710227
vn 0.057428 0.690869 0.720695
vn 0.062271 0.701213 0.710227
vn 0.094976 0.691881 0.715737
vn 0.062271 0.701213 0.710227
vn -0.189079 0.656923 0.729864
vn -0.081887 0.729280 0.679298
vn 0.042375 0.681323 0.730755
vn 0.026506 0.671415 0.740608
vn -0.189079 0.656923 0.729864
vn 0.042375 0.681323 0.730755
vn -0.189079 0.656923 0.729864
vn 0.062271 0.701213 0.710227
vn 0.725104 0.671341 0.153380
vn 0.661122 0.704947 0.256842
vn 0.664667 0.700072 0.260993
vn 0.725104 0.671341 0.153380
vn 0.664667 0.700072 0.260993
vn 0.696325 0.715507 0.056403
vn 0.696325 0.715507 0.056403
vn 0.770638 0.614528 0.168735
vn 0.800260 0.594305 0.079909
vn 0.696325 0.715507 0.056403
vn 0.800260 0.594305 0.079909
vn 0.725104 0.671341 0.153380
vn 0.715631 0.679633 0.161157
vn 0.571798 0.810772 0.125285
vn 0.661122 0.704947 0.256842
vn 0.715631 0.679633 0.161157
vn 0.661122 0.704947 0.256842
vn 0.725104 0.671341 0.153380
vn 0.715631 0.679633 0.161157
vn 0.370284 0.927606 -0.049373
vn 0.571798 0.810772 0.125285
vn 0.725104 0.671341 0.153380
vn 0.800260 0.594305 0.079909
vn 0.853313 0.477602 0.209172
vn 0.725104 0.671341 0.153380
vn 0.853313 0.477602 0.209172
vn 0.715631 0.679633 0.161157
vn 0.800260 0.594305 0.079909
vn 0.789882 0.547900 0.275487
vn 0.853313 0.477602 0.209172
vn 0.770638 0.614528 0.168735
vn 0.770286 0.573280 0.279302
vn 0.789882 0.547900 0.275487
vn 0.770638 0.614528 0.168735
vn 0.789882 0.547900 0.275487
vn 0.800260 0.594305 0.079909
vn 0.170208 0.793538 0.584232
vn 0.062271 0.701213 0.710227
vn -0.081887 0.729280 0.679298
vn -0.623666 0.691881 -0.363787
vn -0.599261 0.701213 -0.386246
vn -0.565901 0.793538 -0.223727
vn -0.623666 0.691881 -0.363787
vn -0.565901 0.793538 -0.223727
vn -0.644589 0.693181 -0.322497
vn -0.604562 0.690869 -0.396490
vn -0.603280 0.681323 -0.414550
vn -0.599261 0.701213 -0.386246
vn -0.604562 0.690869 -0.396490
vn -0.599261 0.701213 -0.386246
vn -0.623666 0.691881 -0.363787
vn -0.599261 0.701213 -0.386246
vn -0.460672 0.656923 -0.596853
vn -0.486444 0.729280 -0.481169
vn -0.603280 0.681323 -0.414550
vn -0.601335 0.671415 -0.433127
vn -0.460672 0.656923 -0.596853
vn -0.603280 0.681323 -0.414550
vn -0.460672 0.656923 -0.596853
vn -0.599261 0.701213 -0.386246
vn -0.565733 0.671341 0.478799
vn -0.608240 0.704947 0.364820
vn -0.613693 0.700072 0.365076
vn -0.565733 0.671341 0.478799
vn -0.613693 0.700072 0.365076
vn -0.471475 0.715507 0.515520
vn -0.471475 0.715507 0.515520
vn -0.605780 0.614528 0.505357
vn -0.553768 0.594305 0.583218
vn -0.471475 0.715507 0.515520
vn -0.553768 0.594305 0.583218
vn -0.565733 0.671341 0.478799
vn -0.566068 0.679633 0.466547
vn -0.449545 0.810772 0.374911
vn -0.608240 0.704947 0.364820
vn -0.566068 0.679633 0.466547
vn -0.608240 0.704947 0.364820
vn -0.565733 0.671341 0.478799
vn -0.566068 0.679633 0.466547
vn -0.188016 0.927606 0.322796
vn -0.449545 0.810772 0.374911
vn -0.565733 0.671341 0.478799
vn -0.553768 0.594305 0.583218
vn -0.688413 0.477602 0.545878
vn -0.565733 0.671341 0.478799
vn -0.688413 0.477602 0.545878
vn -0.566068 0.679633 0.466547
vn -0.553768 0.594305 0.583218
vn -0.701913 0.547900 0.455110
vn -0.688413 0.477602 0.545878
vn -0.605780 0.614528 0.505357
vn -0.692913 0.573280 0.437290
vn -0.701913 0.547900 0.455110
vn -0.605780 0.614528 0.505357
vn -0.701913 0.547900 0.455110
vn -0.553768 0.594305 0.583218
vn -0.565901 0.793538 -0.223727
vn -0.599261 0.701213 -0.386246
vn -0.486444 0.729280 -0.481169
vn -0.040258 0.691881 -0.720888
vn -0.008066 0.701213 -0.712906
vn -0.125274 0.793538 -0.595486
vn -0.040258 0.691881 -0.720888
vn -0.125274 0.793538 -0.595486
vn -0.086241 0.693181 -0.715585
vn -0.002441 0.690869 -0.722975
vn 0.013334 0.681323 -0.731861
vn -0.008066 0.701213 -0.712906
vn -0.002441 0.690869 -0.722975
vn -0.008066 0.701213 -0.712906
vn -0.040258 0.691881 -0.720888
vn -0.008066 0.701213 -0.712906
vn 0.244049 0.656923 -0.713367
vn 0.133322 0.729280 -0.671101
vn 0.013334 0.681323 -0.731861
vn 0.029907 0.671415 -0.740478
vn 0.244049 0.656923 -0.713367
vn 0.013334 0.681323 -0.731861
vn 0.244049 0.656923 -0.713367
vn -0.008066 0.701213 -0.712906
vn -0.711336 0.671341 -0.208092
vn -0.639670 0.704947 -0.306387
vn -0.642889 0.700072 -0.310796
vn -0.711336 0.671341 -0.208092
vn -0.642889 0.700072 -0.310796
vn -0.690017 0.715507 -0.109207
vn -0.690017 0.715507 -0.109207
vn -0.755571 0.614528 -0.226866
vn -0.791863 0.594305 -0.140550
vn -0.690017 0.715507 -0.109207
vn -0.791863 0.594305 -0.140550
vn -0.711336 0.671341 -0.208092
vn -0.701299 0.679633 -0.215126
vn -0.560612 0.810772 -0.168417
vn -0.639670 0.704947 -0.306387
vn -0.701299 0.679633 -0.215126
vn -0.639670 0.704947 -0.306387
vn -0.711336 0.671341 -0.208092
vn -0.701299 0.679633 -0.215126
vn -0.372966 0.927606 0.021063
vn -0.560612 0.810772 -0.168417
vn -0.711336 0.671341 -0.208092
vn -0.791863 0.594305 -0.140550
vn -0.834930 0.477602 -0.273475
vn -0.711336 0.671341 -0.208092
vn -0.834930 0.477602 -0.273475
vn -0.701299 0.679633 -0.215126
vn -0.791863 0.594305 -0.140550
vn -0.766638 0.547900 -0.334772
vn -0.834930 0.477602 -0.273475
vn -0.755571 0.614528 -0.226866
vn -0.746809 0.573280 -0.337086
vn -0.766638 0.547900 -0.334772
vn -0.755571 0.614528 -0.226866
vn -0.766638 0.547900 -0.334772
vn -0.791863 0.594305 -0.140550
vn -0.125274 0.793538 -0.595486
vn -0.008066 0.701213 -0.712906
vn 0.133322 0.729280 -0.671101
vn -0.623000 0.696348 -0.356329
vn -0.627304 0.759177 -0.173611
vn -0.694479 0.719409 -0.012190
vn -0.623000 0.696348 -0.356329
vn -0.694479 0.719409 -0.012190
vn -0.725154 0.688586 0.000226
vn -0.627304 0.759177 -0.173611
vn -0.623000 0.696348 -0.356329
vn -0.517848 0.802153 -0.297296
vn -0.655987 0.698427 -0.286149
vn -0.623000 0.696348 -0.356329
vn -0.725154 0.688586 0.000226
vn -0.655987 0.698427 -0.286149
vn -0.725154 0.688586 0.000226
vn -0.727922 0.682568 -0.065041
vn -0.684211 0.685675 -0.248405
vn -0.655987 0.698427 -0.286149
vn -0.727922 0.682568 -0.065041
vn -0.684211 0.685675 -0.248405
vn -0.727922 0.682568 -0.065041
vn -0.696639 0.696204 -0.173191
vn -0.507024 0.705443 -0.495255
vn -0.517848 0.802153 -0.297296
vn -0.623000 0.696348 -0.356329
vn -0.507024 0.705443 -0.495255
vn -0.623000 0.696348 -0.356329
vn -0.655987 0.698427 -0.286149
vn -0.655987 0.698427 -0.286149
vn -0.684211 0.685675 -0.248405
vn -0.637112 0.676129 -0.370050
vn -0.655987 0.698427 -0.286149
vn -0.637112 0.676129 -0.370050
vn -0.507024 0.705443 -0.495255
vn -0.684211 0.685675 -0.248405
vn -0.713533 0.679484 -0.170798
vn -0.637112 0.676129 -0.370050
vn -0.684211 0.685675 -0.248405
vn -0.696639 0.696204 -0.173191
vn -0.713533 0.679484 -0.170798
vn -0.476754 0.879036 0.000752
vn -0.627304 0.759177 -0.173611
vn -0.517848 0.802153 -0.297296
vn -0.427172 0.674055 -0.602640
vn -0.427172 0.674055 -0.602640
vn -0.427172 0.674055 -0.602640
vn -0.427172 0.674055 -0.602640
vn -0.427172 0.674055 -0.602640
vn -0.427172 0.674055 -0.602640
vn -0.427172 0.674055 -0.602640
vn -0.427172 0.674055 -0.602640
vn -0.427172 0.674055 -0.602640
vn -0.427172 0.674055 -0.602640
vn -0.427172 0.674055 -0.602640
vn -0.427172 0.674055 -0.602640
vn -0.427172 0.674055 -0.602640
vn -0.427172 0.674055 -0.602640
vn -0.427172 0.674055 -0.602640
vn -0.427172 0.674055 -0.602640
vn -0.427172 0.674055 -0.602640
vn -0.427172 0.674055 -0.602640
vn -0.427172 0.674055 -0.602640
vn -0.427172 0.674055 -0.602640
vn -0.427172 0.674055 -0.602640
vn -0.427172 0.674055 -0.602640
vn -0.427172 0.674055 -0.602640
vn -0.427172 0.674055 -0.602640
vn -0.427172 0.674055 -0.602640
vn -0.427172 0.674055 -0.602640
vn -0.427172 0.674055 -0.602640
vn -0.427172 0.674055 -0.602640
vn -0.427172 0.674055 -0.602640
vn -0.427172 0.674055 -0.602640
vn -0.427172 0.674055 -0.602640
vn -0.427172 0.674055 -0.602640
vn -0.427172 0.674055 -0.602640
vn -0.427172 0.674055 -0.602640
vn -0.427172 0.674055 -0.602640
vn -0.427172 0.674055 -0.602640
vn -0.427172 0.674055 -0.602640
vn -0.427172 0.674055 -0.602640
vn -0.427172 0.674055 -0.602640
vn -0.427172 0.674055 -0.602640
vn -0.427172 0.674055 -0.602640
vn -0.427172 0.674055 -0.602640
vn 0.366296 0.861274 0.352185
vn 0.572491 0.809104 0.132685
vn 0.540396 0.813756 0.213945
vn 0.366296 0.861274 0.352185
vn 0.540396 0.813756 0.213945
vn 0.441350 0.806232 0.393954
vn 0.572491 0.809104 0.132685
vn 0.544191 0.833698 -0.093834
vn 0.628685 0.772981 -0.085178
vn 0.572491 0.809104 0.132685
vn 0.628685 0.772981 -0.085178
vn 0.543132 0.838753 0.038752
vn 0.572491 0.809104 0.132685
vn 0.543132 0.838753 0.038752
vn 0.540396 0.813756 0.213945
vn 0.540396 0.813756 0.213945
vn 0.543132 0.838753 0.038752
vn 0.402790 0.895238 0.190551
vn 0.543132 0.838753 0.038752
vn 0.362312 0.924276 0.120184
vn 0.402790 0.895238 0.190551
vn 0.402790 0.895238 0.190551
vn 0.398719 0.895405 0.198176
vn 0.441350 0.806232 0.393954
vn 0.402790 0.895238 0.190551
vn 0.441350 0.806232 0.393954
vn 0.540396 0.813756 0.213945
vn 0.223037 0.974510 -0.024179
vn 0.398719 0.895405 0.198176
vn 0.402790 0.895238 0.190551
vn -0.204362 0.696348 0.687994
vn -0.025505 0.759177 0.650385
vn 0.147004 0.719409 0.678852
vn -0.204362 0.696348 0.687994
vn 0.147004 0.719409 0.678852
vn 0.166107 0.688586 0.705874
vn -0.025505 0.759177 0.650385
vn -0.204362 0.696348 0.687994
vn -0.170949 0.802153 0.572126
vn -0.128497 0.698427 0.704051
vn -0.204362 0.696348 0.687994
vn 0.166107 0.688586 0.705874
vn -0.128497 0.698427 0.704051
vn 0.166107 0.688586 0.705874
vn 0.103205 0.682568 0.723498
vn -0.085297 0.685675 0.722893
vn -0.128497 0.698427 0.704051
vn 0.103205 0.682568 0.723498
vn -0.085297 0.685675 0.722893
vn 0.103205 0.682568 0.723498
vn -0.009234 0.696204 0.717785
vn -0.366134 0.705443 0.606874
vn -0.170949 0.802153 0.572126
vn -0.204362 0.696348 0.687994
vn -0.366134 0.705443 0.606874
vn -0.204362 0.696348 0.687994
vn -0.128497 0.698427 0.704051
vn -0.128497 0.698427 0.704051
vn -0.085297 0.685675 0.722893
vn -0.214490 0.676129 0.704871
vn -0.128497 0.698427 0.704051
vn -0.214490 0.676129 0.704871
vn -0.366134 0.705443 0.606874
vn -0.085297 0.685675 0.722893
vn -0.003039 0.679484 0.733684
vn -0.214490 0.676129 0.704871
vn -0.085297 0.685675 0.722893
vn -0.009234 0.696204 0.717785
vn -0.003039 0.679484 0.733684
vn 0.109795 0.879036 0.463940
vn -0.025505 0.759177 0.650385
vn -0.170949 0.802153 0.572126
vn 0.674469 0.630441 0.384235
vn 0.528825 0.783262 0.326870
vn 0.466499 0.790128 0.397588
vn 0.674469 0.630441 0.384235
vn 0.466499 0.790128 0.397588
vn 0.614564 0.643586 0.456188
vn 0.614564 0.643586 0.456188
vn 0.466499 0.790128 0.397588
vn 0.378320 0.799997 0.465703
vn 0.344919 0.894788 0.283524
vn 0.466499 0.790128 0.397588
vn 0.528825 0.783262 0.326870
vn 0.344919 0.894788 0.283524
vn 0.528825 0.783262 0.326870
vn 0.338244 0.914903 0.220324
vn 0.466499 0.790128 0.397588
vn 0.344919 0.894788 0.283524
vn 0.354694 0.867672 0.348334
vn 0.466499 0.790128 0.397588
vn 0.354694 0.867672 0.348334
vn 0.378320 0.799997 0.465703
vn 0.497013 0.840776 0.214648
vn 0.344919 0.894788 0.283524
vn 0.338244 0.914903 0.220324
vn 0.497013 0.840776 0.214648
vn 0.338244 0.914903 0.220324
vn 0.469509 0.867004 0.166933
vn 0.497013 0.840776 0.214648
vn 0.469509 0.867004 0.166933
vn 0.738015 0.672421 0.056430
vn 0.497013 0.840776 0.214648
vn 0.738015 0.672421 0.056430
vn 0.698913 0.706859 0.108952
vn 0.698913 0.706859 0.108952
vn 0.738015 0.672421 0.056430
vn 0.788511 0.614855 0.014286
vn 0.497013 0.840776 0.214648
vn 0.698913 0.706859 0.108952
vn 0.664416 0.730684 0.157011
vn 0.497013 0.840776 0.214648
vn 0.664416 0.730684 0.157011
vn 0.523740 0.810436 0.262470
vn 0.761978 0.641327 0.089943
vn 0.664416 0.730684 0.157011
vn 0.698913 0.706859 0.108952
vn 0.344919 0.894788 0.283524
vn 0.497013 0.840776 0.214648
vn 0.523740 0.810436 0.262470
vn 0.344919 0.894788 0.283524
vn 0.523740 0.810436 0.262470
vn 0.354694 0.867672 0.348334
vn -0.723749 0.630441 -0.280593
vn -0.571239 0.783262 -0.245328
vn -0.520021 0.790128 -0.324463
vn -0.723749 0.630441 -0.280593
vn -0.520021 0.790128 -0.324463
vn -0.675108 0.643586 -0.360591
vn -0.675108 0.643586 -0.360591
vn -0.520021 0.790128 -0.324463
vn -0.442848 0.799997 -0.404834
vn -0.382952 0.894788 -0.229570
vn -0.520021 0.790128 -0.324463
vn -0.571239 0.783262 -0.245328
vn -0.382952 0.894788 -0.229570
vn -0.571239 0.783262 -0.245328
vn -0.367032 0.914903 -0.168046
vn -0.520021 0.790128 -0.324463
vn -0.382952 0.894788 -0.229570
vn -0.402176 0.867672 -0.292231
vn -0.520021 0.790128 -0.324463
vn -0.402176 0.867672 -0.292231
vn -0.442848 0.799997 -0.404834
vn -0.523228 0.840776 -0.139023
vn -0.382952 0.894788 -0.229570
vn -0.367032 0.914903 -0.168046
vn -0.523228 0.840776 -0.139023
vn -0.367032 0.914903 -0.168046
vn -0.488990 0.867003 -0.095884
vn -0.523228 0.840776 -0.139023
vn -0.488990 0.867003 -0.095884
vn -0.738269 0.672421 0.053000
vn -0.523228 0.840776 -0.139023
vn -0.738269 0.672421 0.053000
vn -0.707339 0.706859 -0.004714
vn -0.707339 0.706859 -0.004714
vn -0.738269 0.672421 0.053000
vn -0.782000 0.614855 0.102128
vn -0.523228 0.840776 -0.139023
vn -0.707339 0.706859 -0.004714
vn -0.680304 0.730684 -0.057334
vn -0.523228 0.840776 -0.139023
vn -0.680304 0.730684 -0.057334
vn -0.556714 0.810436 -0.182382
vn -0.766911 0.641327 0.023386
vn -0.680304 0.730684 -0.057334
vn -0.707339 0.706859 -0.004714
vn -0.382952 0.894788 -0.229570
vn -0.523228 0.840776 -0.139023
vn -0.556714 0.810436 -0.182382
vn -0.382952 0.894788 -0.229570
vn -0.556714 0.810436 -0.182382
vn -0.402176 0.867672 -0.292231
vn 0.719144 0.691881 0.064285
vn 0.706596 0.701213 0.094986
vn 0.607336 0.793538 -0.037952
vn 0.719144 0.691881 0.064285
vn 0.607336 0.793538 -0.037952
vn 0.720538 0.693181 0.018018
vn 0.715747 0.690869 0.102007
vn 0.722261 0.681323 0.118900
vn 0.706596 0.701213 0.094986
vn 0.715747 0.690869 0.102007
vn 0.706596 0.701213 0.094986
vn 0.719144 0.691881 0.064285
vn 0.706596 0.701213 0.094986
vn 0.670638 0.656923 0.344525
vn 0.644808 0.729280 0.228853
vn 0.722261 0.681323 0.118900
vn 0.728394 0.671415 0.136543
vn 0.670638 0.656923 0.344525
vn 0.722261 0.681323 0.118900
vn 0.670638 0.656923 0.344525
vn 0.706596 0.701213 0.094986
vn 0.308651 0.671341 -0.673822
vn 0.395564 0.704947 -0.588710
vn 0.400392 0.700072 -0.591258
vn 0.308651 0.671341 -0.673822
vn 0.400392 0.700072 -0.591258
vn 0.207723 0.715507 -0.667009
vn 0.207723 0.715507 -0.667009
vn 0.333617 0.614528 -0.714881
vn 0.253448 0.594305 -0.763260
vn 0.207723 0.715507 -0.667009
vn 0.253448 0.594305 -0.763260
vn 0.308651 0.671341 -0.673822
vn 0.314161 0.679633 -0.662874
vn 0.247622 0.810771 -0.530408
vn 0.395564 0.704947 -0.588710
vn 0.314161 0.679633 -0.662874
vn 0.395564 0.704947 -0.588710
vn 0.308651 0.671341 -0.673822
vn 0.314161 0.679633 -0.662874
vn 0.033026 0.927606 -0.372098
vn 0.247622 0.810771 -0.530408
vn 0.308651 0.671341 -0.673822
vn 0.253448 0.594305 -0.763260
vn 0.391199 0.477602 -0.786676
vn 0.308651 0.671341 -0.673822
vn 0.391199 0.477602 -0.786676
vn 0.314161 0.679633 -0.662874
vn 0.253448 0.594305 -0.763260
vn 0.441990 0.547900 -0.710247
vn 0.391199 0.477602 -0.786676
vn 0.333617 0.614528 -0.714881
vn 0.441416 0.573280 -0.690291
vn 0.441990 0.547900 -0.710247
vn 0.333617 0.614528 -0.714881
vn 0.441990 0.547900 -0.710247
vn 0.253448 0.594305 -0.763260
vn 0.607336 0.793538 -0.037952
vn 0.706596 0.701213 0.094986
vn 0.644808 0.729280 0.228853
vn 0.661332 0.672346 -0.332551
vn 0.736047 0.658446 -0.157112
vn 0.601390 0.715647 -0.355217
vn 0.661332 0.672346 -0.332551
vn 0.601390 0.715647 -0.355217
vn 0.579599 0.677162 -0.453339
vn 0.825435 0.556413 0.095193
vn 0.736047 0.658446 -0.157112
vn 0.661332 0.672346 -0.332551
vn 0.825435 0.556413 0.095193
vn 0.654425 0.580952 0.483965
vn 0.725037 0.663173 0.185803
vn 0.825435 0.556413 0.095193
vn 0.725037 0.663173 0.185803
vn 0.736047 0.658446 -0.157112
vn 0.654425 0.580952 0.483965
vn 0.368319 0.737769 0.565720
vn 0.519769 0.743271 0.421175
vn 0.654425 0.580952 0.483965
vn 0.519769 0.743271 0.421175
vn 0.725037 0.663173 0.185803
vn 0.736047 0.658446 -0.157112
vn 0.725037 0.663173 0.185803
vn 0.694187 0.719653 0.014290
vn 0.736047 0.658446 -0.157112
vn 0.694187 0.719653 0.014290
vn 0.601390 0.715647 -0.355217
vn 0.694187 0.719653 0.014290
vn 0.725037 0.663173 0.185803
vn 0.519769 0.743271 0.421175
vn 0.694187 0.719653 0.014290
vn 0.519769 0.743271 0.421175
vn 0.683773 0.697173 0.215417
vn 0.519769 0.743271 0.421175
vn 0.498909 0.811237 0.304932
vn 0.563839 0.783455 0.261313
vn 0.519769 0.743271 0.421175
vn 0.563839 0.783455 0.261313
vn 0.683773 0.697173 0.215417
vn 0.498909 0.811237 0.304932
vn 0.508245 0.825468 0.245539
vn 0.563839 0.783455 0.261313
vn 0.498909 0.811237 0.304932
vn 0.519769 0.743271 0.421175
vn 0.368319 0.737769 0.565720
vn 0.361003 0.633718 0.684163
vn 0.176809 0.616481 0.767261
vn 0.382156 0.680147 0.625585
vn 0.361003 0.633718 0.684163
vn 0.382156 0.680147 0.625585
vn 0.484886 0.642574 0.593283
vn -0.096318 0.511130 0.854090
vn 0.176809 0.616481 0.767261
vn 0.361003 0.633718 0.684163
vn -0.096318 0.511130 0.854090
vn -0.507741 0.547672 0.665022
vn -0.188632 0.623735 0.758533
vn -0.096318 0.511130 0.854090
vn -0.188632 0.623735 0.758533
vn 0.176809 0.616481 0.767261
vn -0.507741 0.547672 0.665022
vn -0.618691 0.656392 0.431706
vn -0.445402 0.642222 0.623833
vn -0.507741 0.547672 0.665022
vn -0.445402 0.642222 0.623833
vn -0.188632 0.623735 0.758533
vn 0.176809 0.616481 0.767261
vn -0.188632 0.623735 0.758533
vn -0.005297 0.680807 0.732443
vn 0.176809 0.616481 0.767261
vn -0.005297 0.680807 0.732443
vn 0.382156 0.680147 0.625585
vn -0.005297 0.680807 0.732443
vn -0.188632 0.623735 0.758533
vn -0.445402 0.642222 0.623833
vn -0.005297 0.680807 0.732443
vn -0.445402 0.642222 0.623833
vn -0.199489 0.635376 0.745990
vn -0.445402 0.642222 0.623833
vn -0.287422 0.634982 0.717068
vn -0.199489 0.635376 0.745990
vn -0.445402 0.642222 0.623833
vn -0.199489 0.635376 0.745990
vn -0.199489 0.635376 0.745990
vn -0.287422 0.634982 0.717068
vn -0.199489 0.635376 0.745990
vn -0.199489 0.635376 0.745990
vn -0.287422 0.634982 0.717068
vn -0.445402 0.642222 0.623833
vn -0.618691 0.656392 0.431706
vn -0.683361 0.630441 0.368188
vn -0.557509 0.783262 0.275107
vn -0.584429 0.790128 0.184770
vn -0.683361 0.630441 0.368188
vn -0.584429 0.790128 0.184770
vn -0.712612 0.643586 0.279250
vn -0.712612 0.643586 0.279250
vn -0.584429 0.790128 0.184770
vn -0.595437 0.799997 0.073892
vn -0.423258 0.894788 0.142152
vn -0.584429 0.790128 0.184770
vn -0.557509 0.783262 0.275107
vn -0.423258 0.894788 0.142152
vn -0.557509 0.783262 0.275107
vn -0.366132 0.914903 0.169997
vn -0.584429 0.790128 0.184770
vn -0.423258 0.894788 0.142152
vn -0.483394 0.867672 0.116082
vn -0.584429 0.790128 0.184770
vn -0.483394 0.867672 0.116082
vn -0.595437 0.799997 0.073892
vn -0.445490 0.840776 0.307627
vn -0.423258 0.894788 0.142152
vn -0.366132 0.914903 0.169997
vn -0.445490 0.840776 0.307627
vn -0.366132 0.914903 0.169997
vn -0.390450 0.867003 0.309602
vn -0.445490 0.840776 0.307627
vn -0.390450 0.867003 0.309602
vn -0.439100 0.672421 0.595854
vn -0.445490 0.840776 0.307627
vn -0.439100 0.672421 0.595854
vn -0.462905 0.706859 0.534855
vn -0.462905 0.706859 0.534855
vn -0.439100 0.672421 0.595854
vn -0.430136 0.614855 0.661012
vn -0.445490 0.840776 0.307627
vn -0.462905 0.706859 0.534855
vn -0.485366 0.730684 0.480126
vn -0.445490 0.840776 0.307627
vn -0.485366 0.730684 0.480126
vn -0.500207 0.810436 0.304937
vn -0.480220 0.641327 0.598405
vn -0.485366 0.730684 0.480126
vn -0.462905 0.706859 0.534855
vn -0.423258 0.894788 0.142152
vn -0.445490 0.840776 0.307627
vn -0.500207 0.810436 0.304937
vn -0.423258 0.894788 0.142152
vn -0.500207 0.810436 0.304937
vn -0.483394 0.867672 0.116082
vn -0.290955 0.696348 0.656083
vn -0.108751 0.759177 0.641735
vn 0.058678 0.719409 0.692103
vn -0.290955 0.696348 0.656083
vn 0.058678 0.719409 0.692103
vn 0.074157 0.688586 0.721353
vn -0.108751 0.759177 0.641735
vn -0.290955 0.696348 0.656083
vn -0.242950 0.802153 0.545460
vn -0.217778 0.698427 0.681742
vn -0.290955 0.696348 0.656083
vn 0.074157 0.688586 0.721353
vn -0.217778 0.698427 0.681742
vn 0.074157 0.688586 0.721353
vn 0.009512 0.682568 0.730760
vn -0.177353 0.685675 0.705971
vn -0.217778 0.698427 0.681742
vn 0.009512 0.682568 0.730760
vn -0.177353 0.685675 0.705971
vn 0.009512 0.682568 0.730760
vn -0.101264 0.696204 0.710666
vn -0.440981 0.705443 0.554874
vn -0.242950 0.802153 0.545460
vn -0.290955 0.696348 0.656083
vn -0.440981 0.705443 0.554874
vn -0.290955 0.696348 0.656083
vn -0.217778 0.698427 0.681742
vn -0.217778 0.698427 0.681742
vn -0.177353 0.685675 0.705971
vn -0.303166 0.676129 0.671520
vn -0.217778 0.698427 0.681742
vn -0.303166 0.676129 0.671520
vn -0.440981 0.705443 0.554874
vn -0.177353 0.685675 0.705971
vn -0.097160 0.679484 0.727229
vn -0.303166 0.676129 0.671520
vn -0.177353 0.685675 0.705971
vn -0.101264 0.696204 0.710666
vn -0.097160 0.679484 0.727229
vn 0.049355 0.879036 0.474193
vn -0.108751 0.759177 0.641735
vn -0.242950 0.802153 0.545460
vn -0.117080 0.630441 0.767357
vn -0.115705 0.783262 0.610829
vn -0.204058 0.790128 0.577977
vn -0.117080 0.630441 0.767357
vn -0.204058 0.790128 0.577977
vn -0.205719 0.643586 0.737208
vn -0.205719 0.643586 0.737208
vn -0.204058 0.790128 0.577977
vn -0.299243 0.799997 0.520056
vn -0.141125 0.894788 0.423602
vn -0.204058 0.790128 0.577977
vn -0.115705 0.783262 0.610829
vn -0.141125 0.894788 0.423602
vn -0.115705 0.783262 0.610829
vn -0.084512 0.914903 0.394727
vn -0.204058 0.790128 0.577977
vn -0.141125 0.894788 0.423602
vn -0.198131 0.867672 0.455949
vn -0.204058 0.790128 0.577977
vn -0.198131 0.867672 0.455949
vn -0.299243 0.799997 0.520056
vn -0.022330 0.840776 0.540922
vn -0.141125 0.894788 0.423602
vn -0.084512 0.914903 0.394727
vn -0.022330 0.840776 0.540922
vn -0.084512 0.914903 0.394727
vn 0.012364 0.867003 0.498149
vn -0.022330 0.840776 0.540922
vn 0.012364 0.867003 0.498149
vn 0.211731 0.672421 0.709239
vn -0.022330 0.840776 0.540922
vn 0.211731 0.672421 0.709239
vn 0.148686 0.706859 0.691551
vn 0.148686 0.706859 0.691551
vn 0.211731 0.672421 0.709239
vn 0.269169 0.614855 0.741284
vn -0.022330 0.840776 0.540922
vn 0.148686 0.706859 0.691551
vn 0.091458 0.730684 0.676562
vn -0.022330 0.840776 0.540922
vn 0.091458 0.730684 0.676562
vn -0.057401 0.810436 0.583009
vn 0.189028 0.641327 0.743618
vn 0.091458 0.730684 0.676562
vn 0.148686 0.706859 0.691551
vn -0.141125 0.894788 0.423602
vn -0.022330 0.840776 0.540922
vn -0.057401 0.810436 0.583009
vn -0.141125 0.894788 0.423602
vn -0.057401 0.810436 0.583009
vn -0.198131 0.867672 0.455949
vn 0.592591 0.691881 0.412476
vn 0.566469 0.701213 0.432912
vn 0.546206 0.793538 0.268247
vn 0.592591 0.691881 0.412476
vn 0.546206 0.793538 0.268247
vn 0.616748 0.693181 0.372991
vn 0.570934 0.690869 0.443547
vn 0.568212 0.681323 0.461447
vn 0.566469 0.701213 0.432912
vn 0.570934 0.690869 0.443547
vn 0.566469 0.701213 0.432912
vn 0.592591 0.691881 0.412476
vn 0.566469 0.701213 0.432912
vn 0.411488 0.656923 0.631767
vn 0.446425 0.729280 0.518513
vn 0.568212 0.681323 0.461447
vn 0.564788 0.671415 0.479809
vn 0.411488 0.656923 0.631767
vn 0.568212 0.681323 0.461447
vn 0.411488 0.656923 0.631767
vn 0.566469 0.701213 0.432912
vn 0.602195 0.671341 -0.432044
vn 0.635456 0.704947 -0.315033
vn 0.640912 0.700072 -0.314851
vn 0.602195 0.671341 -0.432044
vn 0.640912 0.700072 -0.314851
vn 0.511175 0.715507 -0.476182
vn 0.511175 0.715507 -0.476182
vn 0.644238 0.614528 -0.455316
vn 0.598616 0.594305 -0.537086
vn 0.511175 0.715507 -0.476182
vn 0.598616 0.594305 -0.537086
vn 0.602195 0.671341 -0.432044
vn 0.601551 0.679633 -0.419805
vn 0.478076 0.810771 -0.337777
vn 0.635456 0.704947 -0.315033
vn 0.601551 0.679633 -0.419805
vn 0.635456 0.704947 -0.315033
vn 0.602195 0.671341 -0.432044
vn 0.601551 0.679633 -0.419805
vn 0.213218 0.927606 -0.306734
vn 0.478076 0.810771 -0.337777
vn 0.602195 0.671341 -0.432044
vn 0.598616 0.594305 -0.537086
vn 0.729846 0.477602 -0.489103
vn 0.602195 0.671341 -0.432044
vn 0.729846 0.477602 -0.489103
vn 0.601551 0.679633 -0.419805
vn 0.598616 0.594305 -0.537086
vn 0.736046 0.547900 -0.397545
vn 0.729846 0.477602 -0.489103
vn 0.644238 0.614528 -0.455316
vn 0.725650 0.573280 -0.380502
vn 0.736046 0.547900 -0.397545
vn 0.644238 0.614528 -0.455316
vn 0.736046 0.547900 -0.397545
vn 0.598616 0.594305 -0.537086
vn 0.546206 0.793538 0.268247
vn 0.566469 0.701213 0.432912
vn 0.446425 0.729280 0.518513
vn -0.675824 0.672346 -0.302015
vn -0.587165 0.658446 -0.470836
vn -0.655477 0.715647 -0.241246
vn -0.675824 0.672346 -0.302015
vn -0.655477 0.715647 -0.241246
vn -0.717708 0.677162 -0.162315
vn -0.448239 0.556413 -0.699633
vn -0.587165 0.658446 -0.470836
vn -0.675824 0.672346 -0.302015
vn -0.448239 0.556413 -0.699633
vn -0.038930 0.580952 -0.813006
vn -0.314559 0.663173 -0.679157
vn -0.448239 0.556413 -0.699633
vn -0.314559 0.663173 -0.679157
vn -0.587165 0.658446 -0.470836
vn -0.038930 0.580952 -0.813006
vn 0.205328 0.737769 -0.643069
vn -0.002418 0.743271 -0.668986
vn -0.038930 0.580952 -0.813006
vn -0.002418 0.743271 -0.668986
vn -0.314559 0.663173 -0.679157
vn -0.587165 0.658446 -0.470836
vn -0.314559 0.663173 -0.679157
vn -0.427915 0.719653 -0.546798
vn -0.587165 0.658446 -0.470836
vn -0.427915 0.719653 -0.546798
vn -0.655477 0.715647 -0.241246
vn -0.427915 0.719653 -0.546798
vn -0.314559 0.663173 -0.679157
vn -0.002418 0.743271 -0.668986
vn -0.427915 0.719653 -0.546798
vn -0.002418 0.743271 -0.668986
vn -0.265523 0.697173 -0.665918
vn -0.002418 0.743271 -0.668986
vn -0.079276 0.811237 -0.579318
vn -0.154126 0.783455 -0.602033
vn -0.002418 0.743271 -0.668986
vn -0.154126 0.783455 -0.602033
vn -0.265523 0.697173 -0.665918
vn -0.079276 0.811237 -0.579318
vn -0.131190 0.825468 -0.548991
vn -0.154126 0.783455 -0.602033
vn -0.079276 0.811237 -0.579318
vn -0.002418 0.743271 -0.668986
vn 0.205328 0.737769 -0.643069
vn 0.301708 0.633718 -0.712302
vn 0.482561 0.616481 -0.622162
vn 0.242954 0.680147 -0.691646
vn 0.301708 0.633718 -0.712302
vn 0.242954 0.680147 -0.691646
vn 0.152966 0.642574 -0.750800
vn 0.722542 0.511130 -0.465489
vn 0.482561 0.616481 -0.622162
vn 0.301708 0.633718 -0.712302
vn 0.722542 0.511130 -0.465489
vn 0.836250 0.547672 -0.027213
vn 0.706895 0.623735 -0.333549
vn 0.722542 0.511130 -0.465489
vn 0.706895 0.623735 -0.333549
vn 0.482561 0.616481 -0.622162
vn 0.836250 0.547672 -0.027213
vn 0.725671 0.656392 0.206279
vn 0.764921 0.642222 -0.049458
vn 0.836250 0.547672 -0.027213
vn 0.764921 0.642222 -0.049458
vn 0.706895 0.623735 -0.333549
vn 0.482561 0.616481 -0.622162
vn 0.706895 0.623735 -0.333549
vn 0.570747 0.680807 -0.459074
vn 0.482561 0.616481 -0.622162
vn 0.570747 0.680807 -0.459074
vn 0.242954 0.680147 -0.691646
vn 0.570747 0.680807 -0.459074
vn 0.706895 0.623735 -0.333549
vn 0.764921 0.642222 -0.049458
vn 0.570747 0.680807 -0.459074
vn 0.764921 0.642222 -0.049458
vn 0.704043 0.635376 -0.317207
vn 0.764921 0.642222 -0.049458
vn 0.737245 0.634982 -0.230798
vn 0.704043 0.635376 -0.317207
vn 0.764921 0.642222 -0.049458
vn 0.704043 0.635376 -0.317207
vn 0.704043 0.635376 -0.317207
vn 0.737245 0.634982 -0.230798
vn 0.704043 0.635376 -0.317207
vn 0.704043 0.635376 -0.317207
vn 0.737245 0.634982 -0.230798
vn 0.764921 0.642222 -0.049458
vn 0.725671 0.656392 0.206279
vn 0.327901 0.691881 -0.643258
vn 0.351706 0.701213 -0.620164
vn 0.191336 0.793538 -0.577657
vn 0.327901 0.691881 -0.643258
vn 0.191336 0.793538 -0.577657
vn 0.285493 0.693181 -0.661811
vn 0.361633 0.690869 -0.626036
vn 0.379737 0.681323 -0.625778
vn 0.351706 0.701213 -0.620164
vn 0.361633 0.690869 -0.626036
vn 0.351706 0.701213 -0.620164
vn 0.327901 0.691881 -0.643258
vn 0.351706 0.701213 -0.620164
vn 0.569820 0.656923 -0.493718
vn 0.452862 0.729280 -0.512900
vn 0.379737 0.681323 -0.625778
vn 0.398394 0.671415 -0.624887
vn 0.569820 0.656923 -0.493718
vn 0.379737 0.681323 -0.625778
vn 0.569820 0.656923 -0.493718
vn 0.351706 0.701213 -0.620164
vn -0.510054 0.671341 -0.537723
vn -0.398664 0.704947 -0.586615
vn -0.399228 0.700072 -0.592044
vn -0.510054 0.671341 -0.537723
vn -0.399228 0.700072 -0.592044
vn -0.541381 0.715507 -0.441539
vn -0.541381 0.715507 -0.441539
vn -0.538836 0.614528 -0.576203
vn -0.613628 0.594305 -0.519867
vn -0.541381 0.715507 -0.441539
vn -0.613628 0.594305 -0.519867
vn -0.510054 0.671341 -0.537723
vn -0.497841 0.679633 -0.538752
vn -0.399757 0.810772 -0.427603
vn -0.398664 0.704947 -0.586615
vn -0.497841 0.679633 -0.538752
vn -0.398664 0.704947 -0.586615
vn -0.510054 0.671341 -0.537723
vn -0.497841 0.679633 -0.538752
vn -0.332921 0.927606 -0.169443
vn -0.399757 0.810772 -0.427603
vn -0.510054 0.671341 -0.537723
vn -0.613628 0.594305 -0.519867
vn -0.583970 0.477602 -0.656411
vn -0.510054 0.671341 -0.537723
vn -0.583970 0.477602 -0.656411
vn -0.497841 0.679633 -0.538752
vn -0.613628 0.594305 -0.519867
vn -0.494111 0.547900 -0.675026
vn -0.583970 0.477602 -0.656411
vn -0.538836 0.614528 -0.576203
vn -0.475810 0.573280 -0.667049
vn -0.494111 0.547900 -0.675026
vn -0.538836 0.614528 -0.576203
vn -0.494111 0.547900 -0.675026
vn -0.613628 0.594305 -0.519867
vn 0.191336 0.793538 -0.577657
vn 0.351706 0.701213 -0.620164
vn 0.452862 0.729280 -0.512900
vn -0.724453 0.672346 0.152049
vn -0.751734 0.658446 -0.036675
vn -0.672317 0.715647 0.189314
vn -0.724453 0.672346 0.152049
vn -0.672317 0.715647 0.189314
vn -0.676387 0.677162 0.289744
vn -0.773509 0.556413 -0.303460
vn -0.751734 0.658446 -0.036675
vn -0.724453 0.672346 0.152049
vn -0.773509 0.556413 -0.303460
vn -0.508619 0.580952 -0.635454
vn -0.653251 0.663173 -0.365328
vn -0.773509 0.556413 -0.303460
vn -0.653251 0.663173 -0.365328
vn -0.751734 0.658446 -0.036675
vn -0.508619 0.580952 -0.635454
vn -0.211116 0.737769 -0.641192
vn -0.394539 0.743271 -0.540266
vn -0.508619 0.580952 -0.635454
vn -0.394539 0.743271 -0.540266
vn -0.653251 0.663173 -0.365328
vn -0.751734 0.658446 -0.036675
vn -0.653251 0.663173 -0.365328
vn -0.667365 0.719653 -0.191635
vn -0.751734 0.658446 -0.036675
vn -0.667365 0.719653 -0.191635
vn -0.672317 0.715647 0.189314
vn -0.667365 0.719653 -0.191635
vn -0.653251 0.663173 -0.365328
vn -0.394539 0.743271 -0.540266
vn -0.667365 0.719653 -0.191635
vn -0.394539 0.743271 -0.540266
vn -0.605778 0.697173 -0.383384
vn -0.394539 0.743271 -0.540266
vn -0.404152 0.811237 -0.422558
vn -0.478089 0.783455 -0.397026
vn -0.394539 0.743271 -0.540266
vn -0.478089 0.783455 -0.397026
vn -0.605778 0.697173 -0.383384
vn -0.404152 0.811237 -0.422558
vn -0.428390 0.825468 -0.367538
vn -0.478089 0.783455 -0.397026
vn -0.404152 0.811237 -0.422558
vn -0.394539 0.743271 -0.540266
vn -0.211116 0.737769 -0.641192
vn -0.173704 0.633718 -0.753809
vn 0.025631 0.616481 -0.786952
vn -0.209156 0.680147 -0.702605
vn -0.173704 0.633718 -0.753809
vn -0.209156 0.680147 -0.702605
vn -0.316733 0.642574 -0.697695
vn 0.311887 0.511130 -0.800920
vn 0.025631 0.616481 -0.786952
vn -0.173704 0.633718 -0.753809
vn 0.311887 0.511130 -0.800920
vn 0.661151 0.547672 -0.512771
vn 0.376643 0.623735 -0.684905
vn 0.311887 0.511130 -0.800920
vn 0.376643 0.623735 -0.684905
vn 0.025631 0.616481 -0.786952
vn 0.661151 0.547672 -0.512771
vn 0.708634 0.656392 -0.258819
vn 0.590341 0.642222 -0.488925
vn 0.661151 0.547672 -0.512771
vn 0.590341 0.642222 -0.488925
vn 0.376643 0.623735 -0.684905
vn 0.025631 0.616481 -0.786952
vn 0.376643 0.623735 -0.684905
vn 0.192742 0.680807 -0.706649
vn 0.025631 0.616481 -0.786952
vn 0.192742 0.680807 -0.706649
vn -0.209156 0.680147 -0.702605
vn 0.192742 0.680807 -0.706649
vn 0.376643 0.623735 -0.684905
vn 0.590341 0.642222 -0.488925
vn 0.192742 0.680807 -0.706649
vn 0.590341 0.642222 -0.488925
vn 0.383924 0.635376 -0.669999
vn 0.590341 0.642222 -0.488925
vn 0.461516 0.634982 -0.619517
vn 0.383924 0.635376 -0.669999
vn 0.590341 0.642222 -0.488925
vn 0.383924 0.635376 -0.669999
vn 0.383924 0.635376 -0.669999
vn 0.461516 0.634982 -0.619517
vn 0.383924 0.635376 -0.669999
vn 0.383924 0.635376 -0.669999
vn 0.461516 0.634982 -0.619517
vn 0.590341 0.642222 -0.488925
vn 0.708634 0.656392 -0.258819
vn 0.527500 0.672346 0.519321
vn 0.385393 0.658446 0.646469
vn 0.529694 0.715647 0.455274
vn 0.527500 0.672346 0.519321
vn 0.529694 0.715647 0.455274
vn 0.615602 0.677162 0.403096
vn 0.175216 0.556413 0.812222
vn 0.385393 0.658446 0.646469
vn 0.527500 0.672346 0.519321
vn 0.175216 0.556413 0.812222
vn -0.247894 0.580952 0.775270
vn 0.057141 0.663173 0.746282
vn 0.175216 0.556413 0.812222
vn 0.057141 0.663173 0.746282
vn 0.385393 0.658446 0.646469
vn -0.247894 0.580952 0.775270
vn -0.417285 0.737769 0.530632
vn -0.231726 0.743271 0.627576
vn -0.247894 0.580952 0.775270
vn -0.231726 0.743271 0.627576
vn 0.057141 0.663173 0.746282
vn 0.385393 0.658446 0.646469
vn 0.057141 0.663173 0.746282
vn 0.209632 0.719653 0.661932
vn 0.385393 0.658446 0.646469
vn 0.209632 0.719653 0.661932
vn 0.529694 0.715647 0.455274
vn 0.209632 0.719653 0.661932
vn 0.057141 0.663173 0.746282
vn -0.231726 0.743271 0.627576
vn 0.209632 0.719653 0.661932
vn -0.231726 0.743271 0.627576
vn 0.015833 0.697173 0.716728
vn -0.231726 0.743271 0.627576
vn -0.128359 0.811237 0.570454
vn -0.066182 0.783455 0.617915
vn -0.231726 0.743271 0.627576
vn -0.066182 0.783455 0.617915
vn 0.015833 0.697173 0.716728
vn -0.128359 0.811237 0.570454
vn -0.069118 0.825468 0.560201
vn -0.066182 0.783455 0.617915
vn -0.128359 0.811237 0.570454
vn -0.231726 0.743271 0.627576
vn -0.417285 0.737769 0.530632
vn -0.531793 0.633718 0.561781
vn -0.669694 0.616481 0.414078
vn -0.469524 0.680147 0.562980
vn -0.531793 0.633718 0.561781
vn -0.469524 0.680147 0.562980
vn -0.405911 0.642574 0.649873
vn -0.839717 0.511130 0.183363
vn -0.669694 0.616481 0.414078
vn -0.531793 0.633718 0.561781
vn -0.839717 0.511130 0.183363
vn -0.792947 0.547672 -0.267001
vn -0.778910 0.623735 0.065230
vn -0.839717 0.511130 0.183363
vn -0.778910 0.623735 0.065230
vn -0.669694 0.616481 0.414078
vn -0.792947 0.547672 -0.267001
vn -0.607684 0.656392 -0.447067
vn -0.733904 0.642222 -0.221213
vn -0.792947 0.547672 -0.267001
vn -0.733904 0.642222 -0.221213
vn -0.778910 0.623735 0.065230
vn -0.669694 0.616481 0.414078
vn -0.778910 0.623735 0.065230
vn -0.695267 0.680807 0.230447
vn -0.669694 0.616481 0.414078
vn -0.695267 0.680807 0.230447
vn -0.469524 0.680147 0.562980
vn -0.695267 0.680807 0.230447
vn -0.778910 0.623735 0.065230
vn -0.733904 0.642222 -0.221213
vn -0.695267 0.680807 0.230447
vn -0.733904 0.642222 -0.221213
vn -0.770522 0.635376 0.050918
vn -0.733904 0.642222 -0.221213
vn -0.771404 0.634982 -0.041646
vn -0.770522 0.635376 0.050918
vn -0.733904 0.642222 -0.221213
vn -0.770522 0.635376 0.050918
vn -0.770522 0.635376 0.050918
vn -0.771404 0.634982 -0.041646
vn -0.770522 0.635376 0.050918
vn -0.770522 0.635376 0.050918
vn -0.771404 0.634982 -0.041646
vn -0.733904 0.642222 -0.221213
vn -0.607684 0.656392 -0.447067
vn 0.595353 0.672346 0.439893
vn 0.472559 0.658446 0.585779
vn 0.588508 0.715647 0.376175
vn 0.595353 0.672346 0.439893
vn 0.588508 0.715647 0.376175
vn 0.666216 0.677162 0.312423
vn 0.287809 0.556413 0.779468
vn 0.472559 0.658446 0.585779
vn 0.595353 0.672346 0.439893
vn 0.287809 0.556413 0.779468
vn -0.136290 0.580952 0.802446
vn 0.161627 0.663173 0.730807
vn 0.287809 0.556413 0.779468
vn 0.161627 0.663173 0.730807
vn 0.472559 0.658446 0.585779
vn -0.136290 0.580952 0.802446
vn -0.338432 0.737769 0.584090
vn -0.141074 0.743271 0.653947
vn -0.136290 0.580952 0.802446
vn -0.141074 0.743271 0.653947
vn 0.161627 0.663173 0.730807
vn 0.472559 0.658446 0.585779
vn 0.161627 0.663173 0.730807
vn 0.300726 0.719653 0.625830
vn 0.472559 0.658446 0.585779
vn 0.300726 0.719653 0.625830
vn 0.588508 0.715647 0.376175
vn 0.300726 0.719653 0.625830
vn 0.161627 0.663173 0.730807
vn -0.141074 0.743271 0.653947
vn 0.300726 0.719653 0.625830
vn -0.141074 0.743271 0.653947
vn 0.116570 0.697173 0.707362
vn -0.141074 0.743271 0.653947
vn -0.046777 0.811237 0.582843
vn 0.021462 0.783455 0.621078
vn -0.141074 0.743271 0.653947
vn 0.021462 0.783455 0.621078
vn 0.116570 0.697173 0.707362
vn -0.046777 0.811237 0.582843
vn 0.010431 0.825468 0.564352
vn 0.021462 0.783455 0.621078
vn -0.046777 0.811237 0.582843
vn -0.141074 0.743271 0.653947
vn -0.338432 0.737769 0.584090
vn -0.447414 0.633718 0.631048
vn -0.604735 0.616481 0.504229
vn -0.385597 0.680147 0.623470
vn -0.447414 0.633718 0.631048
vn -0.385597 0.680147 0.623470
vn -0.310386 0.642574 0.700542
vn -0.805543 0.511130 0.299745
vn -0.604735 0.616481 0.504229
vn -0.447414 0.633718 0.631048
vn -0.805543 0.511130 0.299745
vn -0.822637 0.547672 -0.152718
vn -0.761971 0.623735 0.174229
vn -0.805543 0.511130 0.299745
vn -0.761971 0.623735 0.174229
vn -0.604735 0.616481 0.504229
vn -0.822637 0.547672 -0.152718
vn -0.664567 0.656392 -0.357071
vn -0.757737 0.642222 -0.115697
vn -0.822637 0.547672 -0.152718
vn -0.757737 0.642222 -0.115697
vn -0.761971 0.623735 0.174229
vn -0.604735 0.616481 0.504229
vn -0.761971 0.623735 0.174229
vn -0.655903 0.680807 0.326026
vn -0.604735 0.616481 0.504229
vn -0.655903 0.680807 0.326026
vn -0.385597 0.680147 0.623470
vn -0.655903 0.680807 0.326026
vn -0.761971 0.623735 0.174229
vn -0.757737 0.642222 -0.115697
vn -0.655903 0.680807 0.326026
vn -0.757737 0.642222 -0.115697
vn -0.755682 0.635376 0.158878
vn -0.757737 0.642222 -0.115697
vn -0.769585 0.634982 0.067360
vn -0.755682 0.635376 0.158878
vn -0.757737 0.642222 -0.115697
vn -0.755682 0.635376 0.158878
vn -0.755682 0.635376 0.158878
vn -0.769585 0.634982 0.067360
vn -0.755682 0.635376 0.158878
vn -0.755682 0.635376 0.158878
vn -0.769585 0.634982 0.067360
vn -0.757737 0.642222 -0.115697
vn -0.664567 0.656392 -0.357071
vn -0.718313 0.646762 -0.256372
vn -0.670183 0.670893 -0.317421
vn -0.494506 0.708484 -0.503502
vn -0.718313 0.646762 -0.256372
vn -0.494506 0.708484 -0.503502
vn -0.602114 0.591228 -0.536571
vn -0.720442 0.691701 -0.050137
vn -0.719216 0.688477 -0.093421
vn -0.670183 0.670893 -0.317421
vn -0.720442 0.691701 -0.050137
vn -0.670183 0.670893 -0.317421
vn -0.718313 0.646762 -0.256372
vn -0.670183 0.670893 -0.317421
vn -0.540859 0.744984 -0.390474
vn -0.431560 0.767918 -0.473348
vn -0.670183 0.670893 -0.317421
vn -0.431560 0.767918 -0.473348
vn -0.494506 0.708484 -0.503502
vn -0.719216 0.688477 -0.093421
vn -0.716611 0.686148 -0.125180
vn -0.540859 0.744984 -0.390474
vn -0.719216 0.688477 -0.093421
vn -0.540859 0.744984 -0.390474
vn -0.670183 0.670893 -0.317421
vn 0.178416 0.674055 -0.716811
vn 0.178416 0.674055 -0.716811
vn 0.178416 0.674055 -0.716811
vn 0.178416 0.674055 -0.716811
vn 0.178416 0.674055 -0.716811
vn 0.178416 0.674055 -0.716811
vn 0.178416 0.674055 -0.716811
vn 0.178416 0.674055 -0.716811
vn 0.178416 0.674055 -0.716811
vn 0.178416 0.674055 -0.716811
vn 0.178416 0.674055 -0.716811
vn 0.178416 0.674055 -0.716811
vn 0.178416 0.674055 -0.716811
vn 0.178416 0.674055 -0.716811
vn 0.178416 0.674055 -0.716811
vn 0.178416 0.674055 -0.716811
vn 0.178416 0.674055 -0.716811
vn 0.178416 0.674055 -0.716811
vn 0.178416 0.674055 -0.716811
vn 0.178416 0.674055 -0.716811
vn 0.178416 0.674055 -0.716811
vn 0.178416 0.674055 -0.716811
vn 0.178416 0.674055 -0.716811
vn 0.178416 0.674055 -0.716811
vn 0.178416 0.674055 -0.716811
vn 0.178416 0.674055 -0.716811
vn 0.178416 0.674055 -0.716811
vn 0.178416 0.674055 -0.716811
vn 0.178416 0.674055 -0.716811
vn 0.178416 0.674055 -0.716811
vn 0.178416 0.674055 -0.716811
vn 0.178416 0.674055 -0.716811
vn 0.178416 0.674055 -0.716811
vn 0.178416 0.674055 -0.716811
vn 0.178416 0.674055 -0.716811
vn 0.178416 0.674055 -0.716811
vn 0.178416 0.674055 -0.716811
vn 0.178416 0.674055 -0.716811
vn 0.178416 0.674055 -0.716811
vn 0.178416 0.674055 -0.716811
vn 0.178416 0.674055 -0.716811
vn 0.178416 0.674055 -0.716811
vn -0.028208 0.861274 0.507357
vn 0.272661 0.809104 0.520584
vn 0.190122 0.813756 0.549230
vn -0.028208 0.861274 0.507357
vn 0.190122 0.813756 0.549230
vn -0.010943 0.806232 0.591498
vn 0.272661 0.809104 0.520584
vn 0.425959 0.833698 0.351436
vn 0.474487 0.772981 0.421145
vn 0.272661 0.809104 0.520584
vn 0.474487 0.772981 0.421145
vn 0.324740 0.838753 0.437079
vn 0.272661 0.809104 0.520584
vn 0.324740 0.838753 0.437079
vn 0.190122 0.813756 0.549230
vn 0.190122 0.813756 0.549230
vn 0.324740 0.838753 0.437079
vn 0.118141 0.895238 0.429642
vn 0.324740 0.838753 0.437079
vn 0.145101 0.924276 0.353071
vn 0.118141 0.895238 0.429642
vn 0.118141 0.895238 0.429642
vn 0.109704 0.895405 0.431527
vn -0.010943 0.806232 0.591498
vn 0.118141 0.895238 0.429642
vn -0.010943 0.806232 0.591498
vn 0.190122 0.813756 0.549230
vn 0.163753 0.974510 0.153346
vn 0.109704 0.895405 0.431527
vn 0.118141 0.895238 0.429642
vn -0.705744 0.630441 -0.323218
vn -0.555606 0.783262 -0.278929
vn -0.499764 0.790128 -0.354871
vn -0.705744 0.630441 -0.323218
vn -0.499764 0.790128 -0.354871
vn -0.652423 0.643586 -0.400176
vn -0.652423 0.643586 -0.400176
vn -0.499764 0.790128 -0.354871
vn -0.417940 0.799997 -0.430501
vn -0.368593 0.894788 -0.251980
vn -0.499764 0.790128 -0.354871
vn -0.555606 0.783262 -0.278929
vn -0.368593 0.894788 -0.251980
vn -0.555606 0.783262 -0.278929
vn -0.356367 0.914903 -0.189616
vn -0.499764 0.790128 -0.354871
vn -0.368593 0.894788 -0.251980
vn -0.384049 0.867672 -0.315675
vn -0.499764 0.790128 -0.354871
vn -0.384049 0.867672 -0.315675
vn -0.417940 0.799997 -0.430501
vn -0.514015 0.840776 -0.169952
vn -0.368593 0.894788 -0.251980
vn -0.356367 0.914903 -0.189616
vn -0.514015 0.840776 -0.169952
vn -0.356367 0.914903 -0.189616
vn -0.482408 0.867003 -0.124850
vn -0.514015 0.840776 -0.169952
vn -0.482408 0.867003 -0.124850
vn -0.740116 0.672421 0.008916
vn -0.514015 0.840776 -0.169952
vn -0.740116 0.672421 0.008916
vn -0.705801 0.706859 -0.046851
vn -0.705801 0.706859 -0.046851
vn -0.740116 0.672421 0.008916
vn -0.786695 0.614855 0.055352
vn -0.514015 0.840776 -0.169952
vn -0.705801 0.706859 -0.046851
vn -0.675679 0.730684 -0.097767
vn -0.514015 0.840776 -0.169952
vn -0.675679 0.730684 -0.097767
vn -0.544858 0.810436 -0.215229
vn -0.766942 0.641327 -0.022351
vn -0.675679 0.730684 -0.097767
vn -0.705801 0.706859 -0.046851
vn -0.368593 0.894788 -0.251980
vn -0.514015 0.840776 -0.169952
vn -0.544858 0.810436 -0.215229
vn -0.368593 0.894788 -0.251980
vn -0.544858 0.810436 -0.215229
vn -0.384049 0.867672 -0.315675
vn -0.097129 0.646762 -0.756482
vn -0.020894 0.670893 -0.741259
vn 0.224608 0.708484 -0.669030
vn -0.097129 0.646762 -0.756482
vn 0.224608 0.708484 -0.669030
vn 0.205301 0.591228 -0.779937
vn -0.281919 0.691701 -0.664885
vn -0.242782 0.688477 -0.683415
vn -0.020894 0.670893 -0.741259
vn -0.281919 0.691701 -0.664885
vn -0.020894 0.670893 -0.741259
vn -0.097129 0.646762 -0.756482
vn -0.020894 0.670893 -0.741259
vn 0.102848 0.744984 -0.659106
vn 0.226267 0.767918 -0.599254
vn -0.020894 0.670893 -0.741259
vn 0.226267 0.767918 -0.599254
vn 0.224608 0.708484 -0.669030
vn -0.242782 0.688477 -0.683415
vn -0.213294 0.686148 -0.695491
vn 0.102848 0.744984 -0.659106
vn -0.242782 0.688477 -0.683415
vn 0.102848 0.744984 -0.659106
vn -0.020894 0.670893 -0.741259
vn 0.664002 0.630441 -0.402052
vn 0.542985 0.783262 -0.302767
vn 0.574409 0.790128 -0.213896
vn 0.664002 0.630441 -0.402052
vn 0.574409 0.790128 -0.213896
vn 0.697684 0.643586 -0.314695
vn 0.697684 0.643586 -0.314695
vn 0.574409 0.790128 -0.213896
vn 0.590973 0.799997 -0.103711
vn 0.415583 0.894788 -0.163235
vn 0.574409 0.790128 -0.213896
vn 0.542985 0.783262 -0.302767
vn 0.415583 0.894788 -0.163235
vn 0.542985 0.783262 -0.302767
vn 0.357130 0.914903 -0.188175
vn 0.574409 0.790128 -0.213896
vn 0.415583 0.894788 -0.163235
vn 0.476952 0.867672 -0.140219
vn 0.574409 0.790128 -0.213896
vn 0.476952 0.867672 -0.140219
vn 0.590973 0.799997 -0.103711
vn 0.429473 0.840776 -0.329618
vn 0.415583 0.894788 -0.163235
vn 0.357130 0.914903 -0.188175
vn 0.429473 0.840776 -0.329618
vn 0.357130 0.914903 -0.188175
vn 0.374404 0.867003 -0.328826
vn 0.429473 0.840776 -0.329618
vn 0.374404 0.867003 -0.328826
vn 0.408613 0.672421 -0.617160
vn 0.429473 0.840776 -0.329618
vn 0.408613 0.672421 -0.617160
vn 0.435451 0.706859 -0.557433
vn 0.435451 0.706859 -0.557433
vn 0.408613 0.672421 -0.617160
vn 0.396387 0.614855 -0.681785
vn 0.429473 0.840776 -0.329618
vn 0.435451 0.706859 -0.557433
vn 0.460634 0.730684 -0.503902
vn 0.429473 0.840776 -0.329618
vn 0.460634 0.730684 -0.503902
vn 0.484257 0.810436 -0.329680
vn 0.449553 0.641327 -0.621774
vn 0.460634 0.730684 -0.503902
vn 0.435451 0.706859 -0.557433
vn 0.415583 0.894788 -0.163235
vn 0.429473 0.840776 -0.329618
vn 0.484257 0.810436 -0.329680
vn 0.415583 0.894788 -0.163235
vn 0.484257 0.810436 -0.329680
vn 0.476952 0.867672 -0.140219
vn 0.613343 0.696348 0.372707
vn 0.622485 0.759177 0.190168
vn 0.693913 0.719409 0.030582
vn 0.613343 0.696348 0.372707
vn 0.693913 0.719409 0.030582
vn 0.724906 0.688586 0.018984
vn 0.622485 0.759177 0.190168
vn 0.613343 0.696348 0.372707
vn 0.509791 0.802153 0.310909
vn 0.648176 0.698427 0.303426
vn 0.613343 0.696348 0.372707
vn 0.724906 0.688586 0.018984
vn 0.648176 0.698427 0.303426
vn 0.724906 0.688586 0.018984
vn 0.725944 0.682568 0.084300
vn 0.677391 0.685675 0.266443
vn 0.648176 0.698427 0.303426
vn 0.725944 0.682568 0.084300
vn 0.677391 0.685675 0.266443
vn 0.725944 0.682568 0.084300
vn 0.691806 0.696204 0.191584
vn 0.493726 0.705443 0.508512
vn 0.509791 0.802153 0.310909
vn 0.613343 0.696348 0.372707
vn 0.493726 0.705443 0.508512
vn 0.613343 0.696348 0.372707
vn 0.648176 0.698427 0.303426
vn 0.648176 0.698427 0.303426
vn 0.677391 0.685675 0.266443
vn 0.627086 0.676129 0.386797
vn 0.648176 0.698427 0.303426
vn 0.627086 0.676129 0.386797
vn 0.493726 0.705443 0.508512
vn 0.677391 0.685675 0.266443
vn 0.708758 0.679484 0.189639
vn 0.627086 0.676129 0.386797
vn 0.677391 0.685675 0.266443
vn 0.691806 0.696204 0.191584
vn 0.708758 0.679484 0.189639
vn 0.476607 0.879036 0.011877
vn 0.622485 0.759177 0.190168
vn 0.509791 0.802153 0.310909
vn -0.570799 0.646762 0.505853
vn -0.601098 0.670893 0.434261
vn -0.679486 0.708484 0.190655
vn -0.570799 0.646762 0.505853
vn -0.679486 0.708484 0.190655
vn -0.760319 0.591228 0.269007
vn -0.391118 0.691701 0.607105
vn -0.428454 0.688477 0.585172
vn -0.601098 0.670893 0.434261
vn -0.391118 0.691701 0.607105
vn -0.601098 0.670893 0.434261
vn -0.570799 0.646762 0.505853
vn -0.601098 0.670893 0.434261
vn -0.602787 0.744984 0.285740
vn -0.622730 0.767918 0.150031
vn -0.601098 0.670893 0.434261
vn -0.622730 0.767918 0.150031
vn -0.679486 0.708484 0.190655
vn -0.428454 0.688477 0.585172
vn -0.455026 0.686148 0.567585
vn -0.602787 0.744984 0.285740
vn -0.428454 0.688477 0.585172
vn -0.602787 0.744984 0.285740
vn -0.601098 0.670893 0.434261
vn 0.699453 0.691881 -0.179070
vn 0.697854 0.701213 -0.145943
vn 0.559963 0.793538 -0.238199
vn 0.699453 0.691881 -0.179070
vn 0.559963 0.793538 -0.238199
vn 0.685347 0.693181 -0.223157
vn 0.708822 0.690869 -0.142374
vn 0.720594 0.681323 -0.128617
vn 0.697854 0.701213 -0.145943
vn 0.708822 0.690869 -0.142374
vn 0.697854 0.701213 -0.145943
vn 0.699453 0.691881 -0.179070
vn 0.697854 0.701213 -0.145943
vn 0.747120 0.656923 0.101313
vn 0.684215 0.729280 0.000864
vn 0.720594 0.681323 -0.128617
vn 0.732257 0.671415 -0.114027
vn 0.747120 0.656923 0.101313
vn 0.720594 0.681323 -0.128617
vn 0.747120 0.656923 0.101313
vn 0.697854 0.701213 -0.145943
vn 0.066429 0.671341 -0.738166
vn 0.176740 0.704947 -0.686887
vn 0.180442 0.700072 -0.690898
vn 0.066429 0.671341 -0.738166
vn 0.180442 0.700072 -0.690898
vn -0.026457 0.715507 -0.698104
vn -0.026457 0.715507 -0.698104
vn 0.076283 0.614528 -0.785198
vn -0.015426 0.594305 -0.804092
vn -0.026457 0.715507 -0.698104
vn -0.015426 0.594305 -0.804092
vn 0.066429 0.671341 -0.738166
vn 0.075273 0.679633 -0.729680
vn 0.056687 0.810772 -0.582611
vn 0.176740 0.704947 -0.686887
vn 0.075273 0.679633 -0.729680
vn 0.176740 0.704947 -0.686887
vn 0.066429 0.671341 -0.738166
vn 0.075273 0.679633 -0.729680
vn -0.092877 0.927606 -0.361831
vn 0.056687 0.810772 -0.582611
vn 0.066429 0.671341 -0.738166
vn -0.015426 0.594305 -0.804092
vn 0.106645 0.477602 -0.872080
vn 0.066429 0.671341 -0.738166
vn 0.106645 0.477602 -0.872080
vn 0.075273 0.679633 -0.729680
vn -0.015426 0.594305 -0.804092
vn 0.180005 0.547900 -0.816948
vn 0.106645 0.477602 -0.872080
vn 0.076283 0.614528 -0.785198
vn 0.186114 0.573280 -0.797942
vn 0.180005 0.547900 -0.816948
vn 0.076283 0.614528 -0.785198
vn 0.180005 0.547900 -0.816948
vn -0.015426 0.594305 -0.804092
vn 0.559963 0.793538 -0.238199
vn 0.697854 0.701213 -0.145943
vn 0.684215 0.729280 0.000864
vn -0.755648 0.646762 -0.103419
vn -0.721079 0.670893 -0.173050
vn -0.587353 0.708484 -0.391238
vn -0.755648 0.646762 -0.103419
vn -0.587353 0.708484 -0.391238
vn -0.699458 0.591228 -0.401507
vn -0.715386 0.691701 0.098859
vn -0.723074 0.688477 0.056245
vn -0.721079 0.670893 -0.173050
vn -0.715386 0.691701 0.098859
vn -0.721079 0.670893 -0.173050
vn -0.755648 0.646762 -0.103419
vn -0.721079 0.670893 -0.173050
vn -0.609511 0.744984 -0.271100
vn -0.519556 0.767918 -0.374651
vn -0.721079 0.670893 -0.173050
vn -0.519556 0.767918 -0.374651
vn -0.587353 0.708484 -0.391238
vn -0.723074 0.688477 0.056245
vn -0.727045 0.686148 0.024629
vn -0.609511 0.744984 -0.271100
vn -0.723074 0.688477 0.056245
vn -0.609511 0.744984 -0.271100
vn -0.721079 0.670893 -0.173050
vn -0.748750 0.646762 0.145163
vn -0.738419 0.670893 0.068112
vn -0.681989 0.708484 -0.181496
vn -0.748750 0.646762 0.145163
vn -0.681989 0.708484 -0.181496
vn -0.791439 0.591228 -0.155156
vn -0.645558 0.691701 0.323737
vn -0.666546 0.688477 0.285861
vn -0.738419 0.670893 0.068112
vn -0.645558 0.691701 0.323737
vn -0.738419 0.670893 0.068112
vn -0.748750 0.646762 0.145163
vn -0.738419 0.670893 0.068112
vn -0.664323 0.744984 -0.060616
vn -0.612461 0.767918 -0.187600
vn -0.738419 0.670893 0.068112
vn -0.612461 0.767918 -0.187600
vn -0.681989 0.708484 -0.181496
vn -0.666546 0.688477 0.285861
vn -0.680476 0.686148 0.257203
vn -0.664323 0.744984 -0.060616
vn -0.666546 0.688477 0.285861
vn -0.664323 0.744984 -0.060616
vn -0.738419 0.670893 0.068112
vn 0.697258 0.674055 -0.243889
vn 0.697258 0.674055 -0.243889
vn 0.697258 0.674055 -0.243889
vn 0.697258 0.674055 -0.243889
vn 0.697258 0.674055 -0.243889
vn 0.697258 0.674055 -0.243889
vn 0.697258 0.674055 -0.243889
vn 0.697258 0.674055 -0.243889
vn 0.697258 0.674055 -0.243889
vn 0.697258 0.674055 -0.243889
vn 0.697258 0.674055 -0.243889
vn 0.697258 0.674055 -0.243889
vn 0.697258 0.674055 -0.243889
vn 0.697258 0.674055 -0.243889
vn 0.697258 0.674055 -0.243889
vn 0.697258 0.674055 -0.243889
vn 0.697258 0.674055 -0.243889
vn 0.697258 0.674055 -0.243889
vn 0.697258 0.674055 -0.243889
vn 0.697258 0.674055 -0.243889
vn 0.697258 0.674055 -0.243889
vn 0.697258 0.674055 -0.243889
vn 0.697258 0.674055 -0.243889
vn 0.697258 0.674055 -0.243889
vn 0.697258 0.674055 -0.243889
vn 0.697258 0.674055 -0.243889
vn 0.697258 0.674055 -0.243889
vn 0.697258 0.674055 -0.243889
vn 0.697258 0.674055 -0.243889
vn 0.697258 0.674055 -0.243889
vn 0.697258 0.674055 -0.243889
vn 0.697258 0.674055 -0.243889
vn 0.697258 0.674055 -0.243889
vn 0.697258 0.674055 -0.243889
vn 0.697258 0.674055 -0.243889
vn 0.697258 0.674055 -0.243889
vn 0.697258 0.674055 -0.243889
vn 0.697258 0.674055 -0.243889
vn 0.697258 0.674055 -0.243889
vn 0.697258 0.674055 -0.243889
vn 0.697258 0.674055 -0.243889
vn 0.697258 0.674055 -0.243889
vn -0.439735 0.861274 0.254637
vn -0.285805 0.809104 0.513485
vn -0.355023 0.813756 0.460173
vn -0.439735 0.861274 0.254637
vn -0.355023 0.813756 0.460173
vn -0.500629 0.806232 0.315215
vn -0.285805 0.809104 0.513485
vn -0.060293 0.833698 0.548920
vn -0.091974 0.772981 0.627727
vn -0.285805 0.809104 0.513485
vn -0.091974 0.772981 0.627727
vn -0.187417 0.838753 0.511242
vn -0.285805 0.809104 0.513485
vn -0.187417 0.838753 0.511242
vn -0.355023 0.813756 0.460173
vn -0.355023 0.813756 0.460173
vn -0.187417 0.838753 0.511242
vn -0.294493 0.895238 0.334400
vn -0.187417 0.838753 0.511242
vn -0.215678 0.924276 0.314956
vn -0.294493 0.895238 0.334400
vn -0.294493 0.895238 0.334400
vn -0.300696 0.895405 0.328379
vn -0.500629 0.806232 0.315215
vn -0.294493 0.895238 0.334400
vn -0.500629 0.806232 0.315215
vn -0.355023 0.813756 0.460173
vn -0.038433 0.974510 0.221027
vn -0.300696 0.895405 0.328379
vn -0.294493 0.895238 0.334400
vn -0.311937 0.674055 -0.669586
vn -0.311937 0.674055 -0.669586
vn -0.311937 0.674055 -0.669586
vn -0.311937 0.674055 -0.669586
vn -0.311937 0.674055 -0.669586
vn -0.311937 0.674055 -0.669586
vn -0.311937 0.674055 -0.669586
vn -0.311937 0.674055 -0.669586
vn -0.311937 0.674055 -0.669586
vn -0.311937 0.674055 -0.669586
vn -0.311937 0.674055 -0.669586
vn -0.311937 0.674055 -0.669586
vn -0.311937 0.674055 -0.669586
vn -0.311937 0.674055 -0.669586
vn -0.311937 0.674055 -0.669586
vn -0.311937 0.674055 -0.669586
vn -0.311937 0.674055 -0.669586
vn -0.311937 0.674055 -0.669586
vn -0.311937 0.674055 -0.669586
vn -0.311937 0.674055 -0.669586
vn -0.311937 0.674055 -0.669586
vn -0.311937 0.674055 -0.669586
vn -0.311937 0.674055 -0.669586
vn -0.311937 0.674055 -0.669586
vn -0.311937 0.674055 -0.669586
vn -0.311937 0.674055 -0.669586
vn -0.311937 0.674055 -0.669586
vn -0.311937 0.674055 -0.669586
vn -0.311937 0.674055 -0.669586
vn -0.311937 0.674055 -0.669586
vn -0.311937 0.674055 -0.669586
vn -0.311937 0.674055 -0.669586
vn -0.311937 0.674055 -0.669586
vn -0.311937 0.674055 -0.669586
vn -0.311937 0.674055 -0.669586
vn -0.311937 0.674055 -0.669586
vn -0.311937 0.674055 -0.669586
vn -0.311937 0.674055 -0.669586
vn -0.311937 0.674055 -0.669586
vn -0.311937 0.674055 -0.669586
vn -0.311937 0.674055 -0.669586
vn -0.311937 0.674055 -0.669586
vn 0.297054 0.861274 0.412269
vn 0.539333 0.809104 0.233391
vn 0.493160 0.813756 0.307561
vn 0.297054 0.861274 0.412269
vn 0.493160 0.813756 0.307561
vn 0.363381 0.806232 0.466845
vn 0.539333 0.809104 0.233391
vn 0.552194 0.833698 0.005474
vn 0.633758 0.772981 0.029171
vn 0.539333 0.809104 0.233391
vn 0.633758 0.772981 0.029171
vn 0.527329 0.838753 0.135712
vn 0.539333 0.809104 0.233391
vn 0.527329 0.838753 0.135712
vn 0.493160 0.813756 0.307561
vn 0.493160 0.813756 0.307561
vn 0.527329 0.838753 0.135712
vn 0.361997 0.895238 0.259823
vn 0.527329 0.838753 0.135712
vn 0.334820 0.924276 0.183329
vn 0.361997 0.895238 0.259823
vn 0.361997 0.895238 0.259823
vn 0.356621 0.895405 0.266593
vn 0.363381 0.806232 0.466845
vn 0.361997 0.895238 0.259823
vn 0.363381 0.806232 0.466845
vn 0.493160 0.813756 0.307561
vn 0.223752 0.974510 0.016290
vn 0.356621 0.895405 0.266593
vn 0.361997 0.895238 0.259823
vn 0.503642 0.630441 -0.590668
vn 0.420041 0.783262 -0.458329
vn 0.477849 0.790128 -0.383873
vn 0.503642 0.630441 -0.590668
vn 0.477849 0.790128 -0.383873
vn 0.563116 0.643586 -0.518359
vn 0.563116 0.643586 -0.518359
vn 0.477849 0.790128 -0.383873
vn 0.528262 0.799997 -0.284507
vn 0.343051 0.894788 -0.285781
vn 0.477849 0.790128 -0.383873
vn 0.420041 0.783262 -0.458329
vn 0.343051 0.894788 -0.285781
vn 0.420041 0.783262 -0.458329
vn 0.279718 0.914903 -0.291049
vn 0.477849 0.790128 -0.383873
vn 0.343051 0.894788 -0.285781
vn 0.408546 0.867672 -0.283258
vn 0.477849 0.790128 -0.383873
vn 0.408546 0.867672 -0.283258
vn 0.528262 0.799997 -0.284507
vn 0.303848 0.840776 -0.448075
vn 0.343051 0.894788 -0.285781
vn 0.279718 0.914903 -0.291049
vn 0.303848 0.840776 -0.448075
vn 0.279718 0.914903 -0.291049
vn 0.251829 0.867003 -0.429985
vn 0.303848 0.840776 -0.448075
vn 0.251829 0.867003 -0.429985
vn 0.193515 0.672421 -0.714425
vn 0.303848 0.840776 -0.448075
vn 0.193515 0.672421 -0.714425
vn 0.237793 0.706859 -0.666186
vn 0.237793 0.706859 -0.666186
vn 0.193515 0.672421 -0.714425
vn 0.161563 0.614855 -0.771914
vn 0.303848 0.840776 -0.448075
vn 0.237793 0.706859 -0.666186
vn 0.278550 0.730684 -0.623306
vn 0.303848 0.840776 -0.448075
vn 0.278550 0.730684 -0.623306
vn 0.355826 0.810436 -0.465383
vn 0.230920 0.641327 -0.731694
vn 0.278550 0.730684 -0.623306
vn 0.237793 0.706859 -0.666186
vn 0.343051 0.894788 -0.285781
vn 0.303848 0.840776 -0.448075
vn 0.355826 0.810436 -0.465383
vn 0.343051 0.894788 -0.285781
vn 0.355826 0.810436 -0.465383
vn 0.408546 0.867672 -0.283258
vn -0.711433 0.646762 -0.274886
vn -0.661739 0.670893 -0.334669
vn -0.481302 0.708484 -0.516138
vn -0.711433 0.646762 -0.274886
vn -0.481302 0.708484 -0.516138
vn -0.588018 0.591228 -0.551982
vn -0.718902 0.691701 -0.068775
vn -0.716556 0.688477 -0.112013
vn -0.661739 0.670893 -0.334669
vn -0.718902 0.691701 -0.068775
vn -0.661739 0.670893 -0.334669
vn -0.711433 0.646762 -0.274886
vn -0.661739 0.670893 -0.334669
vn -0.530567 0.744984 -0.404348
vn -0.419158 0.767918 -0.484364
vn -0.661739 0.670893 -0.334669
vn -0.419158 0.767918 -0.484364
vn -0.481302 0.708484 -0.516138
vn -0.716556 0.688477 -0.112013
vn -0.713130 0.686148 -0.143693
vn -0.530567 0.744984 -0.404348
vn -0.716556 0.688477 -0.112013
vn -0.530567 0.744984 -0.404348
vn -0.661739 0.670893 -0.334669
vn -0.520338 0.630441 0.576015
vn -0.432984 0.783262 0.446122
vn -0.488637 0.790128 0.370042
vn -0.520338 0.630441 0.576015
vn -0.488637 0.790128 0.370042
vn -0.577719 0.643586 0.502033
vn -0.577719 0.643586 0.502033
vn -0.488637 0.790128 0.370042
vn -0.536187 0.799997 0.269274
vn -0.351088 0.894788 0.275847
vn -0.488637 0.790128 0.370042
vn -0.432984 0.783262 0.446122
vn -0.351088 0.894788 0.275847
vn -0.432984 0.783262 0.446122
vn -0.287932 0.914903 0.282926
vn -0.488637 0.790128 0.370042
vn -0.351088 0.894788 0.275847
vn -0.416484 0.867672 0.271451
vn -0.488637 0.790128 0.370042
vn -0.416484 0.867672 0.271451
vn -0.536187 0.799997 0.269274
vn -0.316546 0.840776 0.439197
vn -0.351088 0.894788 0.275847
vn -0.287932 0.914903 0.282926
vn -0.316546 0.840776 0.439197
vn -0.287932 0.914903 0.282926
vn -0.264030 0.867003 0.422602
vn -0.316546 0.840776 0.439197
vn -0.264030 0.867003 0.422602
vn -0.213879 0.672421 0.708595
vn -0.316546 0.840776 0.439197
vn -0.213879 0.672421 0.708595
vn -0.256759 0.706859 0.659109
vn -0.256759 0.706859 0.659109
vn -0.213879 0.672421 0.708595
vn -0.183585 0.614855 0.766975
vn -0.316546 0.840776 0.439197
vn -0.256759 0.706859 0.659109
vn -0.296272 0.730684 0.615080
vn -0.316546 0.840776 0.439197
vn -0.296272 0.730684 0.615080
vn -0.368998 0.810436 0.455011
vn -0.251763 0.641327 0.724787
vn -0.296272 0.730684 0.615080
vn -0.256759 0.706859 0.659109
vn -0.351088 0.894788 0.275847
vn -0.316546 0.840776 0.439197
vn -0.368998 0.810436 0.455011
vn -0.351088 0.894788 0.275847
vn -0.368998 0.810436 0.455011
vn -0.416484 0.867672 0.271451
vn 0.657387 0.674055 0.336887
vn 0.657387 0.674055 0.336887
vn 0.657387 0.674055 0.336887
vn 0.657387 0.674055 0.336887
vn 0.657387 0.674055 0.336887
vn 0.657387 0.674055 0.336887
vn 0.657387 0.674055 0.336887
vn 0.657387 0.674055 0.336887
vn 0.657387 0.674055 0.336887
vn 0.657387 0.674055 0.336887
vn 0.657387 0.674055 0.336887
vn 0.657387 0.674055 0.336887
vn 0.657387 0.674055 0.336887
vn 0.657387 0.674055 0.336887
vn 0.657387 0.674055 0.336887
vn 0.657387 0.674055 0.336887
vn 0.657387 0.674055 0.336887
vn 0.657387 0.674055 0.336887
vn 0.657387 0.674055 0.336887
vn 0.657387 0.674055 0.336887
vn 0.657387 0.674055 0.336887
vn 0.657387 0.674055 0.336887
vn 0.657387 0.674055 0.336887
vn 0.657387 0.674055 0.336887
vn 0.657387 0.674055 0.336887
vn 0.657387 0.674055 0.336887
vn 0.657387 0.674055 0.336887
vn 0.657387 0.674055 0.336887
vn 0.657387 0.674055 0.336887
vn 0.657387 0.674055 0.336887
vn 0.657387 0.674055 0.336887
vn 0.657387 0.674055 0.336887
vn 0.657387 0.674055 0.336887
vn 0.657387 0.674055 0.336887
vn 0.657387 0.674055 0.336887
vn 0.657387 0.674055 0.336887
vn 0.657387 0.674055 0.336887
vn 0.657387 0.674055 0.336887
vn 0.657387 0.674055 0.336887
vn 0.657387 0.674055 0.336887
vn 0.657387 0.674055 0.336887
vn 0.657387 0.674055 0.336887
vn -0.487620 0.861274 -0.142948
vn -0.568980 0.809104 0.147013
vn -0.578088 0.813756 0.060121
vn -0.487620 0.861274 -0.142948
vn -0.578088 0.813756 0.060121
vn -0.573482 0.806232 -0.145287
vn -0.568980 0.809104 0.147013
vn -0.439165 0.833698 0.334788
vn -0.518089 0.772981 0.366175
vn -0.568980 0.809104 0.147013
vn -0.518089 0.772981 0.366175
vn -0.499521 0.838753 0.216732
vn -0.568980 0.809104 0.147013
vn -0.499521 0.838753 0.216732
vn -0.578088 0.813756 0.060121
vn -0.578088 0.813756 0.060121
vn -0.499521 0.838753 0.216732
vn -0.445255 0.895238 0.017248
vn -0.499521 0.838753 0.216732
vn -0.376831 0.924276 0.060930
vn -0.445255 0.895238 0.017248
vn -0.445255 0.895238 0.017248
vn -0.445170 0.895405 0.008604
vn -0.573482 0.806232 -0.145287
vn -0.445255 0.895238 0.017248
vn -0.573482 0.806232 -0.145287
vn -0.578088 0.813756 0.060121
vn -0.186593 0.974510 0.124552
vn -0.445170 0.895405 0.008604
vn -0.445255 0.895238 0.017248
vn -0.705134 0.691881 -0.155195
vn -0.688785 0.701213 -0.184052
vn -0.607233 0.793538 -0.039572
vn -0.705134 0.691881 -0.155195
vn -0.607233 0.793538 -0.039572
vn -0.712400 0.693181 -0.109480
vn -0.696970 0.690869 -0.192179
vn -0.701283 0.681323 -0.209763
vn -0.688785 0.701213 -0.184052
vn -0.696970 0.690869 -0.192179
vn -0.688785 0.701213 -0.184052
vn -0.705134 0.691881 -0.155195
vn -0.688785 0.701213 -0.184052
vn -0.621393 0.656923 -0.426993
vn -0.610479 0.729280 -0.308977
vn -0.701283 0.681323 -0.209763
vn -0.705123 0.671415 -0.228043
vn -0.621393 0.656923 -0.426993
vn -0.701283 0.681323 -0.209763
vn -0.621393 0.656923 -0.426993
vn -0.688785 0.701213 -0.184052
vn -0.391816 0.671341 0.629112
vn -0.467202 0.704947 0.533640
vn -0.472315 0.700072 0.535554
vn -0.391816 0.671341 0.629112
vn -0.472315 0.700072 0.535554
vn -0.290841 0.715507 0.635186
vn -0.290841 0.715507 0.635186
vn -0.421799 0.614528 0.666664
vn -0.348432 0.594305 0.724843
vn -0.290841 0.715507 0.635186
vn -0.348432 0.594305 0.724843
vn -0.391816 0.671341 0.629112
vn -0.395889 0.679633 0.617553
vn -0.313048 0.810772 0.494621
vn -0.467202 0.704947 0.533640
vn -0.395889 0.679633 0.617553
vn -0.467202 0.704947 0.533640
vn -0.391816 0.671341 0.629112
vn -0.395889 0.679633 0.617553
vn -0.080067 0.927606 0.364879
vn -0.313048 0.810772 0.494621
vn -0.391816 0.671341 0.629112
vn -0.348432 0.594305 0.724843
vn -0.488042 0.477602 0.730555
vn -0.391816 0.671341 0.629112
vn -0.488042 0.477602 0.730555
vn -0.395889 0.679633 0.617553
vn -0.348432 0.594305 0.724843
vn -0.528704 0.547900 0.648289
vn -0.488042 0.477602 0.730555
vn -0.421799 0.614528 0.666664
vn -0.525597 0.573280 0.628568
vn -0.528704 0.547900 0.648289
vn -0.421799 0.614528 0.666664
vn -0.528704 0.547900 0.648289
vn -0.348432 0.594305 0.724843
vn -0.607233 0.793538 -0.039572
vn -0.688785 0.701213 -0.184052
vn -0.610479 0.729280 -0.308977
vn 0.711443 0.691881 0.123083
vn 0.696418 0.701213 0.152650
vn 0.608402 0.793538 0.012015
vn 0.711443 0.691881 0.123083
vn 0.608402 0.793538 0.012015
vn 0.716629 0.693181 0.077086
vn 0.704962 0.690869 0.160398
vn 0.710068 0.681323 0.177769
vn 0.696418 0.701213 0.152650
vn 0.704962 0.690869 0.160398
vn 0.696418 0.701213 0.152650
vn 0.711443 0.691881 0.123083
vn 0.696418 0.701213 0.152650
vn 0.640104 0.656923 0.398396
vn 0.623853 0.729280 0.280995
vn 0.710068 0.681323 0.177769
vn 0.714733 0.671415 0.195856
vn 0.640104 0.656923 0.398396
vn 0.710068 0.681323 0.177769
vn 0.640104 0.656923 0.398396
vn 0.696418 0.701213 0.152650
vn 0.362905 0.671341 -0.646221
vn 0.442540 0.704947 -0.554263
vn 0.447561 0.700072 -0.556407
vn 0.362905 0.671341 -0.646221
vn 0.447561 0.700072 -0.556407
vn 0.261759 0.715507 -0.647713
vn 0.261759 0.715507 -0.647713
vn 0.391156 0.614528 -0.685093
vn 0.315228 0.594305 -0.739887
vn 0.261759 0.715507 -0.647713
vn 0.315228 0.594305 -0.739887
vn 0.362905 0.671341 -0.646221
vn 0.367498 0.679633 -0.634858
vn 0.290313 0.810772 -0.508299
vn 0.442540 0.704947 -0.554263
vn 0.367498 0.679633 -0.634858
vn 0.442540 0.704947 -0.554263
vn 0.362905 0.671341 -0.646221
vn 0.367498 0.679633 -0.634858
vn 0.063450 0.927606 -0.368133
vn 0.290313 0.810772 -0.508299
vn 0.362905 0.671341 -0.646221
vn 0.315228 0.594305 -0.739887
vn 0.454436 0.477602 -0.751920
vn 0.362905 0.671341 -0.646221
vn 0.454436 0.477602 -0.751920
vn 0.367498 0.679633 -0.634858
vn 0.315228 0.594305 -0.739887
vn 0.498784 0.547900 -0.671581
vn 0.454436 0.477602 -0.751920
vn 0.391156 0.614528 -0.685093
vn 0.496574 0.573280 -0.651740
vn 0.498784 0.547900 -0.671581
vn 0.391156 0.614528 -0.685093
vn 0.498784 0.547900 -0.671581
vn 0.315228 0.594305 -0.739887
vn 0.608402 0.793538 0.012015
vn 0.696418 0.701213 0.152650
vn 0.623853 0.729280 0.280995
vn -0.224265 0.630441 0.743135
vn -0.200800 0.783262 0.588370
vn -0.283629 0.790128 0.543371
vn -0.224265 0.630441 0.743135
vn -0.283629 0.790128 0.543371
vn -0.307758 0.643586 0.700772
vn -0.307758 0.643586 0.700772
vn -0.283629 0.790128 0.543371
vn -0.369681 0.799997 0.472589
vn -0.199527 0.894788 0.399429
vn -0.283629 0.790128 0.543371
vn -0.200800 0.783262 0.588370
vn -0.199527 0.894788 0.399429
vn -0.200800 0.783262 0.588370
vn -0.139405 0.914903 0.378838
vn -0.283629 0.790128 0.543371
vn -0.199527 0.894788 0.399429
vn -0.260530 0.867672 0.423402
vn -0.283629 0.790128 0.543371
vn -0.260530 0.867672 0.423402
vn -0.369681 0.799997 0.472589
vn -0.098490 0.840776 0.532349
vn -0.199527 0.894788 0.399429
vn -0.139405 0.914903 0.378838
vn -0.098490 0.840776 0.532349
vn -0.139405 0.914903 0.378838
vn -0.058103 0.867003 0.494903
vn -0.098490 0.840776 0.532349
vn -0.058103 0.867003 0.494903
vn 0.109458 0.672421 0.732031
vn -0.098490 0.840776 0.532349
vn 0.109458 0.672421 0.732031
vn 0.049543 0.706859 0.705617
vn 0.049543 0.706859 0.705617
vn 0.109458 0.672421 0.732031
vn 0.161796 0.614855 0.771865
vn -0.098490 0.840776 0.532349
vn 0.049543 0.706859 0.705617
vn -0.004995 0.730684 0.682697
vn -0.098490 0.840776 0.532349
vn -0.004995 0.730684 0.682697
vn -0.139152 0.810436 0.569061
vn 0.082128 0.641327 0.762860
vn -0.004995 0.730684 0.682697
vn 0.049543 0.706859 0.705617
vn -0.199527 0.894788 0.399429
vn -0.098490 0.840776 0.532349
vn -0.139152 0.810436 0.569061
vn -0.199527 0.894788 0.399429
vn -0.139152 0.810436 0.569061
vn -0.260530 0.867672 0.423402
f 1/1/1 2/2/2 3/3/3
f 4/4/4 5/5/5 6/6/6
f 7/7/7 8/8/8 9/9/9
f 10/10/10 11/11/11 12/12/12
f 13/13/13 14/14/14 15/15/15
f 16/16/16 17/17/17 18/18/18
f 19/19/19 20/20/20 21/21/21
f 22/22/22 23/23/23 24/24/24
f 25/25/25 26/26/26 27/27/27
f 28/28/28 29/29/29 30/30/30
f 31/31/31 32/32/32 33/33/33
f 34/34/34 35/35/35 36/36/36
f 37/37/37 38/38/38 39/39/39
f 40/40/40 41/41/41 42/42/42
f 43/43/43 44/44/44 45/45/45
f 46/46/46 47/47/47 48/48/48
f 49/49/49 50/50/50 51/51/51
f 52/52/52 53/53/53 54/54/54
f 55/55/55 56/56/56 57/57/57
f 58/58/58 59/59/59 60/60/60
f 61/61/61 62/62/62 63/63/63
f 64/64/64 65/65/65 66/66/66
f 67/67/67 68/68/68 69/69/69
f 70/70/70 71/71/71 72/72/72
f 73/73/73 74/74/74 75/75/75
f 76/76/76 77/77/77 78/78/78
f 79/79/79 80/80/80 81/81/81
f 82/82/82 83/83/83 84/84/84
f 85/85/85 86/86/86 87/87/87
f 88/88/88 89/89/89 90/90/90
f 91/91/91 92/92/92 93/93/93
f 94/94/94 95/95/95 96/96/96
f 97/97/97 98/98/98 99/99/99
f 100/100/100 101/101/101 102/102/102
f 103/103/103 104/104/104 105/105/105
f 106/106/106 107/107/107 108/108/108
f 109/109/109 110/110/110 111/111/111
f 112/112/112 113/113/113 114/114/114
f 115/115/115 116/116/116 117/117/117
f 118/118/118 119/119/119 120/120/120
f 121/121/121 122/122/122 123/123/123
f 124/124/124 125/125/125 126/126/126
f 127/127/127 128/128/128 129/129/129
f 130/130/130 131/131/131 132/132/132
f 133/133/133 134/134/134 135/135/135
f 136/136/136 137/137/137 138/138/138
f 139/139/139 140/140/140 141/141/141
f 142/142/142 143/143/143 144/144/144
f 145/145/145 146/146/146 147/147/147
f 148/148/148 149/149/149 150/150/150
f 151/151/151 152/152/152 153/153/153
f 154/154/154 155/155/155 156/156/156
f 157/157/157 158/158/158 159/159/159
f 160/160/160 161/161/161 162/162/162
f 163/163/163 164/164/164 165/165/165
f 166/166/166 167/167/167 168/168/168
f 169/169/169 170/170/170 171/171/171
f 172/172/172 173/173/173 174/174/174
f 175/175/175 176/176/176 177/177/177
f 178/178/178 179/179/179 180/180/180
f 181/181/181 182/182/182 183/183/183
f 184/184/184 185/185/185 186/186/186
f 187/187/187 188/188/188 189/189/189
f 190/190/190 191/191/191 192/192/192
f 193/193/193 194/194/194 195/195/195
f 196/196/196 197/197/197 198/198/198
f 199/199/199 200/200/200 201/201/201
f 202/202/202 203/203/203 204/204/204
f 205/205/205 206/206/206 207/207/207
f 208/208/208 209/209/209 210/210/210
f 211/211/211 212/212/212 213/213/213
f 214/214/214 215/215/215 216/216/216
f 217/217/217 218/218/218 219/219/219
f 220/220/220 221/221/221 222/222/222
f 223/223/223 224/224/224 225/225/225
f 226/226/226 227/227/227 228/228/228
f 229/229/229 230/230/230 231/231/231
f 232/232/232 233/233/233 234/234/234
f 235/235/235 236/236/236 237/237/237
f 238/238/238 239/239/239 240/240/240
f 241/241/241 242/242/242 243/243/243
f 244/244/244 245/245/245 246/246/246
f 247/247/247 248/248/248 249/249/249
f 250/250/250 251/251/251 252/252/252
f 253/253/253 254/254/254 255/255/255
f 256/256/256 257/257/257 258/258/258
f 259/259/259 260/260/260 261/261/261
f 262/262/262 263/263/263 264/264/264
f 265/265/265 266/266/266 267/267/267
f 268/268/268 269/269/269 270/270/270
f 271/271/271 272/272/272 273/273/273
f 274/274/274 275/275/275 276/276/276
f 277/277/277 278/278/278 279/279/279
f 280/280/280 281/281/281 282/282/282
f 283/283/283 284/284/284 285/285/285
f 286/286/286 287/287/287 288/288/288
f 289/289/289 290/290/290 291/291/291
f 292/292/292 293/293/293 294/294/294
f 295/295/295 296/296/296 297/297/297
f 298/298/298 299/299/299 300/300/300
f 301/301/301 302/302/302 303/303/303
f 304/304/304 305/305/305 306/306/306
f 307/307/307 308/308/308 309/309/309
f 310/310/310 311/311/311 312/312/312
f 313/313/313 314/314/314 315/315/315
f 316/316/316 317/317/317 318/318/318
f 319/319/319 320/320/320 321/321/321
f 322/322/322 323/323/323 324/324/324
f 325/325/325 326/326/326 327/327/327
f 328/328/328 329/329/329 330/330/330
f 331/331/331 332/332/332 333/333/333
f 334/334/334 335/335/335 336/336/336
f 337/337/337 338/338/338 339/339/339
f 340/340/340 341/341/341 342/342/342
f 343/343/343 344/344/344 345/345/345
f 346/346/346 347/347/347 348/348/348
f 349/349/349 350/350/350 351/351/351
f 352/352/352 353/353/353 354/354/354
f 355/355/355 356/356/356 357/357/357
f 358/358/358 359/359/359 360/360/360
f 361/361/361 362/362/362 363/363/363
f 364/364/364 365/365/365 366/366/366
f 367/367/367 368/368/368 369/369/369
f 370/370/370 371/371/371 372/372/372
f 373/373/373 374/374/374 375/375/375
f 376/376/376 377/377/377 378/378/378
f 379/379/379 380/380/380 381/381/381
f 382/382/382 383/383/383 384/384/384
f 385/385/385 386/386/386 387/387/387
f 388/388/388 389/389/389 390/390/390
f 391/391/391 392/392/392 393/393/393
f 394/394/394 395/395/395 396/396/396
f 397/397/397 398/398/398 399/399/399
f 400/400/400 401/401/401 402/402/402
f 403/403/403 404/404/404 405/405/405
f 406/406/406 407/407/407 408/408/408
f 409/409/409 410/410/410 411/411/411
f 412/412/412 413/413/413 414/414/414
f 415/415/415 416/416/416 417/417/417
f 418/418/418 419/419/419 420/420/420
f 421/421/421 422/422/422 423/423/423
f 424/424/424 425/425/425 426/426/426
f 427/427/427 428/428/428 429/429/429
f 430/430/430 431/431/431 432/432/432
f 433/433/433 434/434/434 435/435/435
f 436/436/436 437/437/437 438/438/438
f 439/439/439 440/440/440 441/441/441
f 442/442/442 443/443/443 444/444/444
f 445/445/445 446/446/446 447/447/447
f 448/448/448 449/449/449 450/450/450
f 451/451/451 452/452/452 453/453/453
f 454/454/454 455/455/455 456/456/456
f 457/457/457 458/458/458 459/459/459
f 460/460/460 461/461/461 462/462/462
f 463/463/463 464/464/464 465/465/465
f 466/466/466 467/467/467 468/468/468
f 469/469/469 470/470/470 471/471/471
f 472/472/472 473/473/473 474/474/474
f 475/475/475 476/476/476 477/477/477
f 478/478/478 479/479/479 480/480/480
f 481/481/481 482/482/482 483/483/483
f 484/484/484 485/485/485 486/486/486
f 487/487/487 488/488/488 489/489/489
f 490/490/490 491/491/491 492/492/492
f 493/493/493 494/494/494 495/495/495
f 496/496/496 497/497/497 498/498/498
f 499/499/499 500/500/500 501/501/501
f 502/502/502 503/503/503 504/504/504
f 505/505/505 506/506/506 507/507/507
f 508/508/508 509/509/509 510/510/510
f 511/511/511 512/512/512 513/513/513
f 514/514/514 515/515/515 516/516/516
f 517/517/517 518/518/518 519/519/519
f 520/520/520 521/521/521 522/522/522
f 523/523/523 524/524/524 525/525/525
f 526/526/526 527/527/527 528/528/528
f 529/529/529 530/530/530 531/531/531
f 532/532/532 533/533/533 534/534/534
f 535/535/535 536/536/536 537/537/537
f 538/538/538 539/539/539 540/540/540
f 541/541/541 542/542/542 543/543/543
f 544/544/544 545/545/545 546/546/546
f 547/547/547 548/548/548 549/549/549
f 550/550/550 551/551/551 552/552/552
f 553/553/553 554/554/554 555/555/555
f 556/556/556 557/557/557 558/558/558
f 559/559/559 560/560/560 561/561/561
f 562/562/562 563/563/563 564/564/564
f 565/565/565 566/566/566 567/567/567
f 568/568/568 569/569/569 570/570/570
f 571/571/571 572/572/572 573/573/573
f 574/574/574 575/575/575 576/576/576
f 577/577/577 578/578/578 579/579/579
f 580/580/580 581/581/581 582/582/582
f 583/583/583 584/584/584 585/585/585
f 586/586/586 587/587/587 588/588/588
f 589/589/589 590/590/590 591/591/591
f 592/592/592 593/593/593 594/594/594
f 595/595/595 596/596/596 597/597/597
f 598/598/598 599/599/599 600/600/600
f 601/601/601 602/602/602 603/603/603
f 604/604/604 605/605/605 606/606/606
f 607/607/607 608/608/608 609/609/609
f 610/610/610 611/611/611 612/612/612
f 613/613/613 614/614/614 615/615/615
f 616/616/616 617/617/617 618/618/618
f 619/619/619 620/620/620 621/621/621
f 622/622/622 623/623/623 624/624/624
f 625/625/625 626/626/626 627/627/627
f 628/628/628 629/629/629 630/630/630
f 631/631/631 632/632/632 633/633/633
f 634/634/634 635/635/635 636/636/636
f 637/637/637 638/638/638 639/639/639
f 640/640/640 641/641/641 642/642/642
f 643/643/643 644/644/644 645/645/645
f 646/646/646 647/647/647 648/648/648
f 649/649/649 650/650/650 651/651/651
f 652/652/652 653/653/653 654/654/654
f 655/655/655 656/656/656 657/657/657
f 658/658/658 659/659/659 660/660/660
f 661/661/661 662/662/662 663/663/663
f 664/664/664 665/665/665 666/666/666
f 667/667/667 668/668/668 669/669/669
f 670/670/670 671/671/671 672/672/672
f 673/673/673 674/674/674 675/675/675
f 676/676/676 677/677/677 678/678/678
f 679/679/679 680/680/680 681/681/681
f 682/682/682 683/683/683 684/684/684
f 685/685/685 686/686/686 687/687/687
f 688/688/688 689/689/689 690/690/690
f 691/691/691 692/692/692 693/693/693
f 694/694/694 695/695/695 696/696/696
f 697/697/697 698/698/698 699/699/699
f 700/700/700 701/701/701 702/702/702
f 703/703/703 704/704/704 705/705/705
f 706/706/706 707/707/707 708/708/708
f 709/709/709 710/710/710 711/711/711
f 712/712/712 713/713/713 714/714/714
f 715/715/715 716/716/716 717/717/717
f 718/718/718 719/719/719 720/720/720
f 721/721/721 722/722/722 723/723/723
f 724/724/724 725/725/725 726/726/726
f 727/727/727 728/728/728 729/729/729
f 730/730/730 731/731/731 732/732/732
f 733/733/733 734/734/734 735/735/735
f 736/736/736 737/737/737 738/738/738
f 739/739/739 740/740/740 741/741/741
f 742/742/742 743/743/743 744/744/744
f 745/745/745 746/746/746 747/747/747
f 748/748/748 749/749/749 750/750/750
f 751/751/751 752/752/752 753/753/753
f 754/754/754 755/755/755 756/756/756
f 757/757/757 758/758/758 759/759/759
f 760/760/760 761/761/761 762/762/762
f 763/763/763 764/764/764 765/765/765
f 766/766/766 767/767/767 768/768/768
f 769/769/769 770/770/770 771/771/771
f 772/772/772 773/773/773 774/774/774
f 775/775/775 776/776/776 777/777/777
f 778/778/778 779/779/779 780/780/780
f 781/781/781 782/782/782 783/783/783
f 784/784/784 785/785/785 786/786/786
f 787/787/787 788/788/788 789/789/789
f 790/790/790 791/791/791 792/792/792
f 793/793/793 794/794/794 795/795/795
f 796/796/796 797/797/797 798/798/798
f 799/799/799 800/800/800 801/801/801
f 802/802/802 803/803/803 804/804/804
f 805/805/805 806/806/806 807/807/807
f 808/808/808 809/809/809 810/810/810
f 811/811/811 812/812/812 813/813/813
f 814/814/814 815/815/815 816/816/816
f 817/817/817 818/818/818 819/819/819
f 820/820/820 821/821/821 822/822/822
f 823/823/823 824/824/824 825/825/825
f 826/826/826 827/827/827 828/828/828
f 829/829/829 830/830/830 831/831/831
f 832/832/832 833/833/833 834/834/834
f 835/835/835 836/836/836 837/837/837
f 838/838/838 839/839/839 840/840/840
f 841/841/841 842/842/842 843/843/843
f 844/844/844 845/845/845 846/846/846
f 847/847/847 848/848/848 849/849/849
f 850/850/850 851/851/851 852/852/852
f 853/853/853 854/854/854 855/855/855
f 856/856/856 857/857/857 858/858/858
f 859/859/859 860/860/860 861/861/861
f 862/862/862 863/863/863 864/864/864
f 865/865/865 866/866/866 867/867/867
f 868/868/868 869/869/869 870/870/870
f 871/871/871 872/872/872 873/873/873
f 874/874/874 875/875/875 876/876/876
f 877/877/877 878/878/878 879/879/879
f 880/880/880 881/881/881 882/882/882
f 883/883/883 884/884/884 885/885/885
f 886/886/886 887/887/887 888/888/888
f 889/889/889 890/890/890 891/891/891
f 892/892/892 893/893/893 894/894/894
f 895/895/895 896/896/896 897/897/897
f 898/898/898 899/899/899 900/900/900
f 901/901/901 902/902/902 903/903/903
f 904/904/904 905/905/905 906/906/906
f 907/907/907 908/908/908 909/909/909
f 910/910/910 911/911/911 912/912/912
f 913/913/913 914/914/914 915/915/915
f 916/916/916 917/917/917 918/918/918
f 919/919/919 920/920/920 921/921/921
f 922/922/922 923/923/923 924/924/924
f 925/925/925 926/926/926 927/927/927
f 928/928/928 929/929/929 930/930/930
f 931/931/931 932/932/932 933/933/933
f 934/934/934 935/935/935 936/936/936
f 937/937/937 938/938/938 939/939/939
f 940/940/940 941/941/941 942/942/942
f 943/943/943 944/944/944 945/945/945
f 946/946/946 947/947/947 948/948/948
f 949/949/949 950/950/950 951/951/951
f 952/952/952 953/953/953 954/954/954
f 955/955/955 956/956/956 957/957/957
f 958/958/958 959/959/959 960/960/960
f 961/961/961 962/962/962 963/963/963
f 964/964/964 965/965/965 966/966/966
f 967/967/967 968/968/968 969/969/969
f 970/970/970 971/971/971 972/972/972
f 973/973/973 974/974/974 975/975/975
f 976/976/976 977/977/977 978/978/978
f 979/979/979 980/980/980 981/981/981
f 982/982/982 983/983/983 984/984/984
f 985/985/985 986/986/986 987/987/987
f 988/988/988 989/989/989 990/990/990
f 991/991/991 992/992/992 993/993/993
f 994/994/994 995/995/995 996/996/996
f 997/997/997 998/998/998 999/999/999
f 1000/1000/1000 1001/1001/1001 1002/1002/1002
f 1003/1003/1003 1004/1004/1004 1005/1005/1005
f 1006/1006/1006 1007/1007/1007 1008/1008/1008
f 1009/1009/1009 1010/1010/1010 1011/1011/1011
f 1012/1012/1012 1013/1013/1013 1014/1014/1014
f 1015/1015/1015 1016/1016/1016 1017/1017/1017
f 1018/1018/1018 1019/1019/1019 1020/1020/1020
f 1021/1021/1021 1022/1022/1022 1023/1023/1023
f 1024/1024/1024 1025/1025/1025 1026/1026/1026
f 1027/1027/1027 1028/1028/1028 1029/1029/1029
f 1030/1030/1030 1031/1031/1031 1032/1032/1032
f 1033/1033/1033 1034/1034/1034 1035/1035/1035
f 1036/1036/1036 1037/1037/1037 1038/1038/1038
f 1039/1039/1039 1040/1040/1040 1041/1041/1041
f 1042/1042/1042 1043/1043/1043 1044/1044/1044
f 1045/1045/1045 1046/1046/1046 1047/1047/1047
f 1048/1048/1048 1049/1049/1049 1050/1050/1050
f 1051/1051/1051 1052/1052/1052 1053/1053/1053
f 1054/1054/1054 1055/1055/1055 1056/1056/1056
f 1057/1057/1057 1058/1058/1058 1059/1059/1059
f 1060/1060/1060 1061/1061/1061 1062/1062/1062
f 1063/1063/1063 1064/1064/1064 1065/1065/1065
f 1066/1066/1066 1067/1067/1067 1068/1068/1068
f 1069/1069/1069 1070/1070/1070 1071/1071/1071
f 1072/1072/1072 1073/1073/1073 1074/1074/1074
f 1075/1075/1075 1076/1076/1076 1077/1077/1077
f 1078/1078/1078 1079/1079/1079 1080/1080/1080
f 1081/1081/1081 1082/1082/1082 1083/1083/1083
f 1084/1084/1084 1085/1085/1085 1086/1086/1086
f 1087/1087/1087 1088/1088/1088 1089/1089/1089
f 1090/1090/1090 1091/1091/1091 1092/1092/1092
f 1093/1093/1093 1094/1094/1094 1095/1095/1095
f 1096/1096/1096 1097/1097/1097 1098/1098/1098
f 1099/1099/1099 1100/1100/1100 1101/1101/1101
f 1102/1102/1102 1103/1103/1103 1104/1104/1104
f 1105/1105/1105 1106/1106/1106 1107/1107/1107
f 1108/1108/1108 1109/1109/1109 1110/1110/1110
f 1111/1111/1111 1112/1112/1112 1113/1113/1113
f 1114/1114/1114 1115/1115/1115 1116/1116/1116
f 1117/1117/1117 1118/1118/1118 1119/1119/1119
f 1120/1120/1120 1121/1121/1121 1122/1122/1122
f 1123/1123/1123 1124/1124/1124 1125/1125/1125
f 1126/1126/1126 1127/1127/1127 1128/1128/1128
f 1129/1129/1129 1130/1130/1130 1131/1131/1131
f 1132/1132/1132 1133/1133/1133 1134/1134/1134
f 1135/1135/1135 1136/1136/1136 1137/1137/1137
f 1138/1138/1138 1139/1139/1139 1140/1140/1140
f 1141/1141/1141 1142/1142/1142 1143/1143/1143
f 1144/1144/1144 1145/1145/1145 1146/1146/1146
f 1147/1147/1147 1148/1148/1148 1149/1149/1149
f 1150/1150/1150 1151/1151/1151 1152/1152/1152
f 1153/1153/1153 1154/1154/1154 1155/1155/1155
f 1156/1156/1156 1157/1157/1157 1158/1158/1158
f 1159/1159/1159 1160/1160/1160 1161/1161/1161
f 1162/1162/1162 1163/1163/1163 1164/1164/1164
f 1165/1165/1165 1166/1166/1166 1167/1167/1167
f 1168/1168/1168 1169/1169/1169 1170/1170/1170
f 1171/1171/1171 1172/1172/1172 1173/1173/1173
f 1174/1174/1174 1175/1175/1175 1176/1176/1176
f 1177/1177/1177 1178/1178/1178 1179/1179/1179
f 1180/1180/1180 1181/1181/1181 1182/1182/1182
f 1183/1183/1183 1184/1184/1184 1185/1185/1185
f 1186/1186/1186 1187/1187/1187 1188/1188/1188
f 1189/1189/1189 1190/1190/1190 1191/1191/1191
f 1192/1192/1192 1193/1193/1193 1194/1194/1194
f 1195/1195/1195 1196/1196/1196 1197/1197/1197
f 1198/1198/1198 1199/1199/1199 1200/1200/1200
f 1201/1201/1201 1202/1202/1202 1203/1203/1203
f 1204/1204/1204 1205/1205/1205 1206/1206/1206
f 1207/1207/1207 1208/1208/1208 1209/1209/1209
f 1210/1210/1210 1211/1211/1211 1212/1212/1212
f 1213/1213/1213 1214/1214/1214 1215/1215/1215
f 1216/1216/1216 1217/1217/1217 1218/1218/1218
f 1219/1219/1219 1220/1220/1220 1221/1221/1221
f 1222/1222/1222 1223/1223/1223 1224/1224/1224
f 1225/1225/1225 1226/1226/1226 1227/1227/1227
f 1228/1228/1228 1229/1229/1229 1230/1230/1230
f 1231/1231/1231 1232/1232/1232 1233/1233/1233
f 1234/1234/1234 1235/1235/1235 1236/1236/1236
f 1237/1237/1237 1238/1238/1238 1239/1239/1239
f 1240/1240/1240 1241/1241/1241 1242/1242/1242
f 1243/1243/1243 1244/1244/1244 1245/1245/1245
f 1246/1246/1246 1247/1247/1247 1248/1248/1248
f 1249/1249/1249 1250/1250/1250 1251/1251/1251
f 1252/1252/1252 1253/1253/1253 1254/1254/1254
f 1255/1255/1255 1256/1256/1256 1257/1257/1257
f 1258/1258/1258 1259/1259/1259 1260/1260/1260
f 1261/1261/1261 1262/1262/1262 1263/1263/1263
f 1264/1264/1264 1265/1265/1265 1266/1266/1266
f 1267/1267/1267 1268/1268/1268 1269/1269/1269
f 1270/1270/1270 1271/1271/1271 1272/1272/1272
f 1273/1273/1273 1274/1274/1274 1275/1275/1275
f 1276/1276/1276 1277/1277/1277 1278/1278/1278
f 1279/1279/1279 1280/1280/1280 1281/1281/1281
f 1282/1282/1282 1283/1283/1283 1284/1284/1284
f 1285/1285/1285 1286/1286/1286 1287/1287/1287
f 1288/1288/1288 1289/1289/1289 1290/1290/1290
f 1291/1291/1291 1292/1292/1292 1293/1293/1293
f 1294/1294/1294 1295/1295/1295 1296/1296/1296
f 1297/1297/1297 1298/1298/1298 1299/1299/1299
f 1300/1300/1300 1301/1301/1301 1302/1302/1302
f 1303/1303/1303 1304/1304/1304 1305/1305/1305
f 1306/1306/1306 1307/1307/1307 1308/1308/1308
f 1309/1309/1309 1310/1310/1310 1311/1311/1311
f 1312/1312/1312 1313/1313/1313 1314/1314/1314
f 1315/1315/1315 1316/1316/1316 1317/1317/1317
f 1318/1318/1318 1319/1319/1319 1320/1320/1320
f 1321/1321/1321 1322/1322/1322 1323/1323/1323
f 1324/1324/1324 1325/1325/1325 1326/1326/1326
f 1327/1327/1327 1328/1328/1328 1329/1329/1329
f 1330/1330/1330 1331/1331/1331 1332/1332/1332
f 1333/1333/1333 1334/1334/1334 1335/1335/1335
f 1336/1336/1336 1337/1337/1337 1338/1338/1338
f 1339/1339/1339 1340/1340/1340 1341/1341/1341
f 1342/1342/1342 1343/1343/1343 1344/1344/1344
f 1345/1345/1345 1346/1346/1346 1347/1347/1347
f 1348/1348/1348 1349/1349/1349 1350/1350/1350
f 1351/1351/1351 1352/1352/1352 1353/1353/1353
f 1354/1354/1354 1355/1355/1355 1356/1356/1356
f 1357/1357/1357 1358/1358/1358 1359/1359/1359
f 1360/1360/1360 1361/1361/1361 1362/1362/1362
f 1363/1363/1363 1364/1364/1364 1365/1365/1365
f 1366/1366/1366 1367/1367/1367 1368/1368/1368
f 1369/1369/1369 1370/1370/1370 1371/1371/1371
f 1372/1372/1372 1373/1373/1373 1374/1374/1374
f 1375/1375/1375 1376/1376/1376 1377/1377/1377
f 1378/1378/1378 1379/1379/1379 1380/1380/1380
f 1381/1381/1381 1382/1382/1382 1383/1383/1383
f 1384/1384/1384 1385/1385/1385 1386/1386/1386
f 1387/1387/1387 1388/1388/1388 1389/1389/1389
f 1390/1390/1390 1391/1391/1391 1392/1392/1392
f 1393/1393/1393 1394/1394/1394 1395/1395/1395
f 1396/1396/1396 1397/1397/1397 1398/1398/1398
f 1399/1399/1399 1400/1400/1400 1401/1401/1401
f 1402/1402/1402 1403/1403/1403 1404/1404/1404
f 1405/1405/1405 1406/1406/1406 1407/1407/1407
f 1408/1408/1408 1409/1409/1409 1410/1410/1410
f 1411/1411/1411 1412/1412/1412 1413/1413/1413
f 1414/1414/1414 1415/1415/1415 1416/1416/1416
f 1417/1417/1417 1418/1418/1418 1419/1419/1419
f 1420/1420/1420 1421/1421/1421 1422/1422/1422
f 1423/1423/1423 1424/1424/1424 1425/1425/1425
f 1426/1426/1426 1427/1427/1427 1428/1428/1428
f 1429/1429/1429 1430/1430/1430 1431/1431/1431
f 1432/1432/1432 1433/1433/1433 1434/1434/1434
f 1435/1435/1435 1436/1436/1436 1437/1437/1437
f 1438/1438/1438 1439/1439/1439 1440/1440/1440
f 1441/1441/1441 1442/1442/1442 1443/1443/1443
f 1444/1444/1444 1445/1445/1445 1446/1446/1446
f 1447/1447/1447 1448/1448/1448 1449/1449/1449
f 1450/1450/1450 1451/1451/1451 1452/1452/1452
f 1453/1453/1453 1454/1454/1454 1455/1455/1455
f 1456/1456/1456 1457/1457/1457 1458/1458/1458
f 1459/1459/1459 1460/1460/1460 1461/1461/1461
f 1462/1462/1462 1463/1463/1463 1464/1464/1464
f 1465/1465/1465 1466/1466/1466 1467/1467/1467
f 1468/1468/1468 1469/1469/1469 1470/1470/1470
f 1471/1471/1471 1472/1472/1472 1473/1473/1473
f 1474/1474/1474 1475/1475/1475 1476/1476/1476
f 1477/1477/1477 1478/1478/1478 1479/1479/1479
f 1480/1480/1480 1481/1481/1481 1482/1482/1482
f 1483/1483/1483 1484/1484/1484 1485/1485/1485
f 1486/1486/1486 1487/1487/1487 1488/1488/1488
f 1489/1489/1489 1490/1490/1490 1491/1491/1491
f 1492/1492/1492 1493/1493/1493 1494/1494/1494
f 1495/1495/1495 1496/1496/1496 1497/1497/1497
f 1498/1498/1498 1499/1499/1499 1500/1500/1500
f 1501/1501/1501 1502/1502/1502 1503/1503/1503
f 1504/1504/1504 1505/1505/1505 1506/1506/1506
f 1507/1507/1507 1508/1508/1508 1509/1509/1509
f 1510/1510/1510 1511/1511/1511 1512/1512/1512
f 1513/1513/1513 1514/1514/1514 1515/1515/1515
f 1516/1516/1516 1517/1517/1517 1518/1518/1518
f 1519/1519/1519 1520/1520/1520 1521/1521/1521
f 1522/1522/1522 1523/1523/1523 1524/1524/1524
f 1525/1525/1525 1526/1526/1526 1527/1527/1527
f 1528/1528/1528 1529/1529/1529 1530/1530/1530
f 1531/1531/1531 1532/1532/1532 1533/1533/1533
f 1534/1534/1534 1535/1535/1535 1536/1536/1536
f 1537/1537/1537 1538/1538/1538 1539/1539/1539
f 1540/1540/1540 1541/1541/1541 1542/1542/1542
f 1543/1543/1543 1544/1544/1544 1545/1545/1545
f 1546/1546/1546 1547/1547/1547 1548/1548/1548
f 1549/1549/1549 1550/1550/1550 1551/1551/1551
f 1552/1552/1552 1553/1553/1553 1554/1554/1554
f 1555/1555/1555 1556/1556/1556 1557/1557/1557
f 1558/1558/1558 1559/1559/1559 1560/1560/1560
f 1561/1561/1561 1562/1562/1562 1563/1563/1563
f 1564/1564/1564 1565/1565/1565 1566/1566/1566
f 1567/1567/1567 1568/1568/1568 1569/1569/1569
f 1570/1570/1570 1571/1571/1571 1572/1572/1572
f 1573/1573/1573 1574/1574/1574 1575/1575/1575
f 1576/1576/1576 1577/1577/1577 1578/1578/1578
f 1579/1579/1579 1580/1580/1580 1581/1581/1581
f 1582/1582/1582 1583/1583/1583 1584/1584/1584
f 1585/1585/1585 1586/1586/1586 1587/1587/1587
f 1588/1588/1588 1589/1589/1589 1590/1590/1590
f 1591/1591/1591 1592/1592/1592 1593/1593/1593
f 1594/1594/1594 1595/1595/1595 1596/1596/1596
f 1597/1597/1597 1598/1598/1598 1599/1599/1599
f 1600/1600/1600 1601/1601/1601 1602/1602/1602
f 1603/1603/1603 1604/1604/1604 1605/1605/1605
f 1606/1606/1606 1607/1607/1607 1608/1608/1608
f 1609/1609/1609 1610/1610/1610 1611/1611/1611
f 1612/1612/1612 1613/1613/1613 1614/1614/1614
f 1615/1615/1615 1616/1616/1616 1617/1617/1617
f 1618/1618/1618 1619/1619/1619 1620/1620/1620
f 1621/1621/1621 1622/1622/1622 1623/1623/1623
f 1624/1624/1624 1625/1625/1625 1626/1626/1626
f 1627/1627/1627 1628/1628/1628 1629/1629/1629
f 1630/1630/1630 1631/1631/1631 1632/1632/1632
f 1633/1633/1633 1634/1634/1634 1635/1635/1635
f 1636/1636/1636 1637/1637/1637 1638/1638/1638
f 1639/1639/1639 1640/1640/1640 1641/1641/1641
f 1642/1642/1642 1643/1643/1643 1644/1644/1644
f 1645/1645/1645 1646/1646/1646 1647/1647/1647
f 1648/1648/1648 1649/1649/1649 1650/1650/1650
f 1651/1651/1651 1652/1652/1652 1653/1653/1653
f 1654/1654/1654 1655/1655/1655 1656/1656/1656
f 1657/1657/1657 1658/1658/1658 1659/1659/1659
f 1660/1660/1660 1661/1661/1661 1662/1662/1662
f 1663/1663/1663 1664/1664/1664 1665/1665/1665
f 1666/1666/1666 1667/1667/1667 1668/1668/1668
f 1669/1669/1669 1670/1670/1670 1671/1671/1671
f 1672/1672/1672 1673/1673/1673 1674/1674/1674
f 1675/1675/1675 1676/1676/1676 1677/1677/1677
f 1678/1678/1678 1679/1679/1679 1680/1680/1680
f 1681/1681/1681 1682/1682/1682 1683/1683/1683
f 1684/1684/1684 1685/1685/1685 1686/1686/1686
f 1687/1687/1687 1688/1688/1688 1689/1689/1689
f 1690/1690/1690 1691/1691/1691 1692/1692/1692
f 1693/1693/1693 1694/1694/1694 1695/1695/1695
f 1696/1696/1696 1697/1697/1697 1698/1698/1698
f 1699/1699/1699 1700/1700/1700 1701/1701/1701
f 1702/1702/1702 1703/1703/1703 1704/1704/1704
f 1705/1705/1705 1706/1706/1706 1707/1707/1707
f 1708/1708/1708 1709/1709/1709 1710/1710/1710
f 1711/1711/1711 1712/1712/1712 1713/1713/1713
f 1714/1714/1714 1715/1715/1715 1716/1716/1716
f 1717/1717/1717 1718/1718/1718 1719/1719/1719
f 1720/1720/1720 1721/1721/1721 1722/1722/1722
f 1723/1723/1723 1724/1724/1724 1725/1725/1725
f 1726/1726/1726 1727/1727/1727 1728/1728/1728
f 1729/1729/1729 1730/1730/1730 1731/1731/1731
f 1732/1732/1732 1733/1733/1733 1734/1734/1734
f 1735/1735/1735 1736/1736/1736 1737/1737/1737
f 1738/1738/1738 1739/1739/1739 1740/1740/1740
f 1741/1741/1741 1742/1742/1742 1743/1743/1743
f 1744/1744/1744 1745/1745/1745 1746/1746/1746
f 1747/1747/1747 1748/1748/1748 1749/1749/1749
f 1750/1750/1750 1751/1751/1751 1752/1752/1752
f 1753/1753/1753 1754/1754/1754 1755/1755/1755
f 1756/1756/1756 1757/1757/1757 1758/1758/1758
f 1759/1759/1759 1760/1760/1760 1761/1761/1761
f 1762/1762/1762 1763/1763/1763 1764/1764/1764
f 1765/1765/1765 1766/1766/1766 1767/1767/1767
f 1768/1768/1768 1769/1769/1769 1770/1770/1770
f 1771/1771/1771 1772/1772/1772 1773/1773/1773
f 1774/1774/1774 1775/1775/1775 1776/1776/1776
f 1777/1777/1777 1778/1778/1778 1779/1779/1779
f 1780/1780/1780 1781/1781/1781 1782/1782/1782
f 1783/1783/1783 1784/1784/1784 1785/1785/1785
f 1786/1786/1786 1787/1787/1787 1788/1788/1788
f 1789/1789/1789 1790/1790/1790 1791/1791/1791
f 1792/1792/1792 1793/1793/1793 1794/1794/1794
f 1795/1795/1795 1796/1796/1796 1797/1797/1797
f 1798/1798/1798 1799/1799/1799 1800/1800/1800
f 1801/1801/1801 1802/1802/1802 1803/1803/1803
f 1804/1804/1804 1805/1805/1805 1806/1806/1806
f 1807/1807/1807 1808/1808/1808 1809/1809/1809
f 1810/1810/1810 1811/1811/1811 1812/1812/1812
f 1813/1813/1813 1814/1814/1814 1815/1815/1815
f 1816/1816/1816 1817/1817/1817 1818/1818/1818
f 1819/1819/1819 1820/1820/1820 1821/1821/1821
f 1822/1822/1822 1823/1823/1823 1824/1824/1824
f 1825/1825/1825 1826/1826/1826 1827/1827/1827
f 1828/1828/1828 1829/1829/1829 1830/1830/1830
f 1831/1831/1831 1832/1832/1832 1833/1833/1833
f 1834/1834/1834 1835/1835/1835 1836/1836/1836
f 1837/1837/1837 1838/1838/1838 1839/1839/1839
f 1840/1840/1840 1841/1841/1841 1842/1842/1842
f 1843/1843/1843 1844/1844/1844 1845/1845/1845
f 1846/1846/1846 1847/1847/1847 1848/1848/1848
f 1849/1849/1849 1850/1850/1850 1851/1851/1851
f 1852/1852/1852 1853/1853/1853 1854/1854/1854
f 1855/1855/1855 1856/1856/1856 1857/1857/1857
f 1858/1858/1858 1859/1859/1859 1860/1860/1860
f 1861/1861/1861 1862/1862/1862 1863/1863/1863
f 1864/1864/1864 1865/1865/1865 1866/1866/1866
f 1867/1867/1867 1868/1868/1868 1869/1869/1869
f 1870/1870/1870 1871/1871/1871 1872/1872/1872
f 1873/1873/1873 1874/1874/1874 1875/1875/1875
f 1876/1876/1876 1877/1877/1877 1878/1878/1878
f 1879/1879/1879 1880/1880/1880 1881/1881/1881
f 1882/1882/1882 1883/1883/1883 1884/1884/1884
f 1885/1885/1885 1886/1886/1886 1887/1887/1887
f 1888/1888/1888 1889/1889/1889 1890/1890/1890
f 1891/1891/1891 1892/1892/1892 1893/1893/1893
f 1894/1894/1894 1895/1895/1895 1896/1896/1896
f 1897/1897/1897 1898/1898/1898 1899/1899/1899
f 1900/1900/1900 1901/1901/1901 1902/1902/1902
f 1903/1903/1903 1904/1904/1904 1905/1905/1905
f 1906/1906/1906 1907/1907/1907 1908/1908/1908
f 1909/1909/1909 1910/1910/1910 1911/1911/1911
f 1912/1912/1912 1913/1913/1913 1914/1914/1914
f 1915/1915/1915 1916/1916/1916 1917/1917/1917
f 1918/1918/1918 1919/1919/1919 1920/1920/1920
f 1921/1921/1921 1922/1922/1922 1923/1923/1923
f 1924/1924/1924 1925/1925/1925 1926/1926/1926
f 1927/1927/1927 1928/1928/1928 1929/1929/1929
f 1930/1930/1930 1931/1931/1931 1932/1932/1932
f 1933/1933/1933 1934/1934/1934 1935/1935/1935
f 1936/1936/1936 1937/1937/1937 1938/1938/1938
f 1939/1939/1939 1940/1940/1940 1941/1941/1941
f 1942/1942/1942 1943/1943/1943 1944/1944/1944
f 1945/1945/1945 1946/1946/1946 1947/1947/1947
f 1948/1948/1948 1949/1949/1949 1950/1950/1950
f 1951/1951/1951 1952/1952/1952 1953/1953/1953
f 1954/1954/1954 1955/1955/1955 1956/1956/1956
f 1957/1957/1957 1958/1958/1958 1959/1959/1959
f 1960/1960/1960 1961/1961/1961 1962/1962/1962
f 1963/1963/1963 1964/1964/1964 1965/1965/1965
f 1966/1966/1966 1967/1967/1967 1968/1968/1968
f 1969/1969/1969 1970/1970/1970 1971/1971/1971
f 1972/1972/1972 1973/1973/1973 1974/1974/1974
f 1975/1975/1975 1976/1976/1976 1977/1977/1977
f 1978/1978/1978 1979/1979/1979 1980/1980/1980
f 1981/1981/1981 1982/1982/1982 1983/1983/1983
f 1984/1984/1984 1985/1985/1985 1986/1986/1986
f 1987/1987/1987 1988/1988/1988 1989/1989/1989
f 1990/1990/1990 1991/1991/1991 1992/1992/1992
f 1993/1993/1993 1994/1994/1994 1995/1995/1995
f 1996/1996/1996 1997/1997/1997 1998/1998/1998
f 1999/1999/1999 2000/2000/2000 2001/2001/2001
f 2002/2002/2002 2003/2003/2003 2004/2004/2004
f 2005/2005/2005 2006/2006/2006 2007/2007/2007
f 2008/2008/2008 2009/2009/2009 2010/2010/2010
f 2011/2011/2011 2012/2012/2012 2013/2013/2013
f 2014/2014/2014 2015/2015/2015 2016/2016/2016
f 2017/2017/2017 2018/2018/2018 2019/2019/2019
f 2020/2020/2020 2021/2021/2021 2022/2022/2022
f 2023/2023/2023 2024/2024/2024 2025/2025/2025
f 2026/2026/2026 2027/2027/2027 2028/2028/2028
f 2029/2029/2029 2030/2030/2030 2031/2031/2031
f 2032/2032/2032 2033/2033/2033 2034/2034/2034
f 2035/2035/2035 2036/2036/2036 2037/2037/2037
f 2038/2038/2038 2039/2039/2039 2040/2040/2040
f 2041/2041/2041 2042/2042/2042 2043/2043/2043
f 2044/2044/2044 2045/2045/2045 2046/2046/2046
f 2047/2047/2047 2048/2048/2048 2049/2049/2049
f 2050/2050/2050 2051/2051/2051 2052/2052/2052
f 2053/2053/2053 2054/2054/2054 2055/2055/2055
f 2056/2056/2056 2057/2057/2057 2058/2058/2058
f 2059/2059/2059 2060/2060/2060 2061/2061/2061
f 2062/2062/2062 2063/2063/2063 2064/2064/2064
f 2065/2065/2065 2066/2066/2066 2067/2067/2067
f 2068/2068/2068 2069/2069/2069 2070/2070/2070
f 2071/2071/2071 2072/2072/2072 2073/2073/2073
f 2074/2074/2074 2075/2075/2075 2076/2076/2076
f 2077/2077/2077 2078/2078/2078 2079/2079/2079
f 2080/2080/2080 2081/2081/2081 2082/2082/2082
f 2083/2083/2083 2084/2084/2084 2085/2085/2085
f 2086/2086/2086 2087/2087/2087 2088/2088/2088
f 2089/2089/2089 2090/2090/2090 2091/2091/2091
f 2092/2092/2092 2093/2093/2093 2094/2094/2094
f 2095/2095/2095 2096/2096/2096 2097/2097/2097
f 2098/2098/2098 2099/2099/2099 2100/2100/2100
f 2101/2101/2101 2102/2102/2102 2103/2103/2103
f 2104/2104/2104 2105/2105/2105 2106/2106/2106
f 2107/2107/2107 2108/2108/2108 2109/2109/2109
f 2110/2110/2110 2111/2111/2111 2112/2112/2112
f 2113/2113/2113 2114/2114/2114 2115/2115/2115
f 2116/2116/2116 2117/2117/2117 2118/2118/2118
f 2119/2119/2119 2120/2120/2120 2121/2121/2121
f 2122/2122/2122 2123/2123/2123 2124/2124/2124
f 2125/2125/2125 2126/2126/2126 2127/2127/2127
f 2128/2128/2128 2129/2129/2129 2130/2130/2130
f 2131/2131/2131 2132/2132/2132 2133/2133/2133
f 2134/2134/2134 2135/2135/2135 2136/2136/2136
f 2137/2137/2137 2138/2138/2138 2139/2139/2139
f 2140/2140/2140 2141/2141/2141 2142/2142/2142
f 2143/2143/2143 2144/2144/2144 2145/2145/2145
f 2146/2146/2146 2147/2147/2147 2148/2148/2148
f 2149/2149/2149 2150/2150/2150 2151/2151/2151
f 2152/2152/2152 2153/2153/2153 2154/2154/2154
f 2155/2155/2155 2156/2156/2156 2157/2157/2157
f 2158/2158/2158 2159/2159/2159 2160/2160/2160
f 2161/2161/2161 2162/2162/2162 2163/2163/2163
f 2164/2164/2164 2165/2165/2165 2166/2166/2166
f 2167/2167/2167 2168/2168/2168 2169/2169/2169
f 2170/2170/2170 2171/2171/2171 2172/2172/2172
f 2173/2173/2173 2174/2174/2174 2175/2175/2175
f 2176/2176/2176 2177/2177/2177 2178/2178/2178
f 2179/2179/2179 2180/2180/2180 2181/2181/2181
f 2182/2182/2182 2183/2183/2183 2184/2184/2184
f 2185/2185/2185 2186/2186/2186 2187/2187/2187
f 2188/2188/2188 2189/2189/2189 2190/2190/2190
f 2191/2191/2191 2192/2192/2192 2193/2193/2193
f 2194/2194/2194 2195/2195/2195 2196/2196/2196
f 2197/2197/2197 2198/2198/2198 2199/2199/2199
f 2200/2200/2200 2201/2201/2201 2202/2202/2202
f 2203/2203/2203 2204/2204/2204 2205/2205/2205
f 2206/2206/2206 2207/2207/2207 2208/2208/2208
f 2209/2209/2209 2210/2210/2210 2211/2211/2211
f 2212/2212/2212 2213/2213/2213 2214/2214/2214
f 2215/2215/2215 2216/2216/2216 2217/2217/2217
f 2218/2218/2218 2219/2219/2219 2220/2220/2220
f 2221/2221/2221 2222/2222/2222 2223/2223/2223
f 2224/2224/2224 2225/2225/2225 2226/2226/2226
f 2227/2227/2227 2228/2228/2228 2229/2229/2229
f 2230/2230/2230 2231/2231/2231 2232/2232/2232
f 2233/2233/2233 2234/2234/2234 2235/2235/2235
f 2236/2236/2236 2237/2237/2237 2238/2238/2238
f 2239/2239/2239 2240/2240/2240 2241/2241/2241
f 2242/2242/2242 2243/2243/2243 2244/2244/2244
f 2245/2245/2245 2246/2246/2246 2247/2247/2247
f 2248/2248/2248 2249/2249/2249 2250/2250/2250
f 2251/2251/2251 2252/2252/2252 2253/2253/2253
f 2254/2254/2254 2255/2255/2255 2256/2256/2256
f 2257/2257/2257 2258/2258/2258 2259/2259/2259
f 2260/2260/2260 2261/2261/2261 2262/2262/2262
f 2263/2263/2263 2264/2264/2264 2265/2265/2265
f 2266/2266/2266 2267/2267/2267 2268/2268/2268
f 2269/2269/2269 2270/2270/2270 2271/2271/2271
f 2272/2272/2272 2273/2273/2273 2274/2274/2274
f 2275/2275/2275 2276/2276/2276 2277/2277/2277
f 2278/2278/2278 2279/2279/2279 2280/2280/2280
f 2281/2281/2281 2282/2282/2282 2283/2283/2283
f 2284/2284/2284 2285/2285/2285 2286/2286/2286
f 2287/2287/2287 2288/2288/2288 2289/2289/2289
f 2290/2290/2290 2291/2291/2291 2292/2292/2292
f 2293/2293/2293 2294/2294/2294 2295/2295/2295
f 2296/2296/2296 2297/2297/2297 2298/2298/2298
f 2299/2299/2299 2300/2300/2300 2301/2301/2301
f 2302/2302/2302 2303/2303/2303 2304/2304/2304
f 2305/2305/2305 2306/2306/2306 2307/2307/2307
f 2308/2308/2308 2309/2309/2309 2310/2310/2310
f 2311/2311/2311 2312/2312/2312 2313/2313/2313
f 2314/2314/2314 2315/2315/2315 2316/2316/2316
f 2317/2317/2317 2318/2318/2318 2319/2319/2319
f 2320/2320/2320 2321/2321/2321 2322/2322/2322
f 2323/2323/2323 2324/2324/2324 2325/2325/2325
f 2326/2326/2326 2327/2327/2327 2328/2328/2328
f 2329/2329/2329 2330/2330/2330 2331/2331/2331
f 2332/2332/2332 2333/2333/2333 2334/2334/2334
f 2335/2335/2335 2336/2336/2336 2337/2337/2337
f 2338/2338/2338 2339/2339/2339 2340/2340/2340
f 2341/2341/2341 2342/2342/2342 2343/2343/2343
f 2344/2344/2344 2345/2345/2345 2346/2346/2346
f 2347/2347/2347 2348/2348/2348 2349/2349/2349
f 2350/2350/2350 2351/2351/2351 2352/2352/2352
f 2353/2353/2353 2354/2354/2354 2355/2355/2355
f 2356/2356/2356 2357/2357/2357 2358/2358/2358
f 2359/2359/2359 2360/2360/2360 2361/2361/2361
f 2362/2362/2362 2363/2363/2363 2364/2364/2364
f 2365/2365/2365 2366/2366/2366 2367/2367/2367
f 2368/2368/2368 2369/2369/2369 2370/2370/2370
f 2371/2371/2371 2372/2372/2372 2373/2373/2373
f 2374/2374/2374 2375/2375/2375 2376/2376/2376
f 2377/2377/2377 2378/2378/2378 2379/2379/2379
f 2380/2380/2380 2381/2381/2381 2382/2382/2382
f 2383/2383/2383 2384/2384/2384 2385/2385/2385
f 2386/2386/2386 2387/2387/2387 2388/2388/2388
f 2389/2389/2389 2390/2390/2390 2391/2391/2391
f 2392/2392/2392 2393/2393/2393 2394/2394/2394
f 2395/2395/2395 2396/2396/2396 2397/2397/2397
f 2398/2398/2398 2399/2399/2399 2400/2400/2400
f 2401/2401/2401 2402/2402/2402 2403/2403/2403
f 2404/2404/2404 2405/2405/2405 2406/2406/2406
f 2407/2407/2407 2408/2408/2408 2409/2409/2409
f 2410/2410/2410 2411/2411/2411 2412/2412/2412
f 2413/2413/2413 2414/2414/2414 2415/2415/2415
f 2416/2416/2416 2417/2417/2417 2418/2418/2418
f 2419/2419/2419 2420/2420/2420 2421/2421/2421
f 2422/2422/2422 2423/2423/2423 2424/2424/2424
f 2425/2425/2425 2426/2426/2426 2427/2427/2427
f 2428/2428/2428 2429/2429/2429 2430/2430/2430
f 2431/2431/2431 2432/2432/2432 2433/2433/2433
f 2434/2434/2434 2435/2435/2435 2436/2436/2436
f 2437/2437/2437 2438/2438/2438 2439/2439/2439
f 2440/2440/2440 2441/2441/2441 2442/2442/2442
f 2443/2443/2443 2444/2444/2444 2445/2445/2445
f 2446/2446/2446 2447/2447/2447 2448/2448/2448
f 2449/2449/2449 2450/2450/2450 2451/2451/2451
f 2452/2452/2452 2453/2453/2453 2454/2454/2454
f 2455/2455/2455 2456/2456/2456 2457/2457/2457
f 2458/2458/2458 2459/2459/2459 2460/2460/2460
f 2461/2461/2461 2462/2462/2462 2463/2463/2463
f 2464/2464/2464 2465/2465/2465 2466/2466/2466
f 2467/2467/2467 2468/2468/2468 2469/2469/2469
f 2470/2470/2470 2471/2471/2471 2472/2472/2472
f 2473/2473/2473 2474/2474/2474 2475/2475/2475
f 2476/2476/2476 2477/2477/2477 2478/2478/2478
f 2479/2479/2479 2480/2480/2480 2481/2481/2481
f 2482/2482/2482 2483/2483/2483 2484/2484/2484
f 2485/2485/2485 2486/2486/2486 2487/2487/2487
f 2488/2488/2488 2489/2489/2489 2490/2490/2490
f 2491/2491/2491 2492/2492/2492 2493/2493/2493
f 2494/2494/2494 2495/2495/2495 2496/2496/2496
f 2497/2497/2497 2498/2498/2498 2499/2499/2499
f 2500/2500/2500 2501/2501/2501 2502/2502/2502
f 2503/2503/2503 2504/2504/2504 2505/2505/2505
f 2506/2506/2506 2507/2507/2507 2508/2508/2508
f 2509/2509/2509 2510/2510/2510 2511/2511/2511
f 2512/2512/2512 2513/2513/2513 2514/2514/2514
f 2515/2515/2515 2516/2516/2516 2517/2517/2517
f 2518/2518/2518 2519/2519/2519 2520/2520/2520
f 2521/2521/2521 2522/2522/2522 2523/2523/2523
f 2524/2524/2524 2525/2525/2525 2526/2526/2526
f 2527/2527/2527 2528/2528/2528 2529/2529/2529
f 2530/2530/2530 2531/2531/2531 2532/2532/2532
f 2533/2533/2533 2534/2534/2534 2535/2535/2535
f 2536/2536/2536 2537/2537/2537 2538/2538/2538
f 2539/2539/2539 2540/2540/2540 2541/2541/2541
f 2542/2542/2542 2543/2543/2543 2544/2544/2544
f 2545/2545/2545 2546/2546/2546 2547/2547/2547
f 2548/2548/2548 2549/2549/2549 2550/2550/2550
f 2551/2551/2551 2552/2552/2552 2553/2553/2553
f 2554/2554/2554 2555/2555/2555 2556/2556/2556
f 2557/2557/2557 2558/2558/2558 2559/2559/2559
f 2560/2560/2560 2561/2561/2561 2562/2562/2562
f 2563/2563/2563 2564/2564/2564 2565/2565/2565
f 2566/2566/2566 2567/2567/2567 2568/2568/2568
f 2569/2569/2569 2570/2570/2570 2571/2571/2571
f 2572/2572/2572 2573/2573/2573 2574/2574/2574
f 2575/2575/2575 2576/2576/2576 2577/2577/2577
f 2578/2578/2578 2579/2579/2579 2580/2580/2580
f 2581/2581/2581 2582/2582/2582 2583/2583/2583
f 2584/2584/2584 2585/2585/2585 2586/2586/2586
f 2587/2587/2587 2588/2588/2588 2589/2589/2589
f 2590/2590/2590 2591/2591/2591 2592/2592/2592
f 2593/2593/2593 2594/2594/2594 2595/2595/2595
f 2596/2596/2596 2597/2597/2597 2598/2598/2598
f 2599/2599/2599 2600/2600/2600 2601/2601/2601
f 2602/2602/2602 2603/2603/2603 2604/2604/2604
f 2605/2605/2605 2606/2606/2606 2607/2607/2607
f 2608/2608/2608 2609/2609/2609 2610/2610/2610
f 2611/2611/2611 2612/2612/2612 2613/2613/2613
f 2614/2614/2614 2615/2615/2615 2616/2616/2616
f 2617/2617/2617 2618/2618/2618 2619/2619/2619
f 2620/2620/2620 2621/2621/2621 2622/2622/2622
f 2623/2623/2623 2624/2624/2624 2625/2625/2625
f 2626/2626/2626 2627/2627/2627 2628/2628/2628
f 2629/2629/2629 2630/2630/2630 2631/2631/2631
f 2632/2632/2632 2633/2633/2633 2634/2634/2634
f 2635/2635/2635 2636/2636/2636 2637/2637/2637
f 2638/2638/2638 2639/2639/2639 2640/2640/2640
f 2641/2641/2641 2642/2642/2642 2643/2643/2643
f 2644/2644/2644 2645/2645/2645 2646/2646/2646
f 2647/2647/2647 2648/2648/2648 2649/2649/2649
f 2650/2650/2650 2651/2651/2651 2652/2652/2652
f 2653/2653/2653 2654/2654/2654 2655/2655/2655
f 2656/2656/2656 2657/2657/2657 2658/2658/2658
f 2659/2659/2659 2660/2660/2660 2661/2661/2661
f 2662/2662/2662 2663/2663/2663 2664/2664/2664
f 2665/2665/2665 2666/2666/2666 2667/2667/2667
f 2668/2668/2668 2669/2669/2669 2670/2670/2670
f 2671/2671/2671 2672/2672/2672 2673/2673/2673
f 2674/2674/2674 2675/2675/2675 2676/2676/2676
f 2677/2677/2677 2678/2678/2678 2679/2679/2679
f 2680/2680/2680 2681/2681/2681 2682/2682/2682
f 2683/2683/2683 2684/2684/2684 2685/2685/2685
f 2686/2686/2686 2687/2687/2687 2688/2688/2688
f 2689/2689/2689 2690/2690/2690 2691/2691/2691
f 2692/2692/2692 2693/2693/2693 2694/2694/2694
f 2695/2695/2695 2696/2696/2696 2697/2697/2697
f 2698/2698/2698 2699/2699/2699 2700/2700/2700
f 2701/2701/2701 2702/2702/2702 2703/2703/2703
f 2704/2704/2704 2705/2705/2705 2706/2706/2706
f 2707/2707/2707 2708/2708/2708 2709/2709/2709
f 2710/2710/2710 2711/2711/2711 2712/2712/2712
f 2713/2713/2713 2714/2714/2714 2715/2715/2715
f 2716/2716/2716 2717/2717/2717 2718/2718/2718
f 2719/2719/2719 2720/2720/2720 2721/2721/2721
f 2722/2722/2722 2723/2723/2723 2724/2724/2724
f 2725/2725/2725 2726/2726/2726 2727/2727/2727
f 2728/2728/2728 2729/2729/2729 2730/2730/2730
f 2731/2731/2731 2732/2732/2732 2733/2733/2733
f 2734/2734/2734 2735/2735/2735 2736/2736/2736
f 2737/2737/2737 2738/2738/2738 2739/2739/2739
f 2740/2740/2740 2741/2741/2741 2742/2742/2742
f 2743/2743/2743 2744/2744/2744 2745/2745/2745
f 2746/2746/2746 2747/2747/2747 2748/2748/2748
f 2749/2749/2749 2750/2750/2750 2751/2751/2751
f 2752/2752/2752 2753/2753/2753 2754/2754/2754
f 2755/2755/2755 2756/2756/2756 2757/2757/2757
f 2758/2758/2758 2759/2759/2759 2760/2760/2760
f 2761/2761/2761 2762/2762/2762 2763/2763/2763
f 2764/2764/2764 2765/2765/2765 2766/2766/2766
f 2767/2767/2767 2768/2768/2768 2769/2769/2769
f 2770/2770/2770 2771/2771/2771 2772/2772/2772
f 2773/2773/2773 2774/2774/2774 2775/2775/2775
f 2776/2776/2776 2777/2777/2777 2778/2778/2778
f 2779/2779/2779 2780/2780/2780 2781/2781/2781
f 2782/2782/2782 2783/2783/2783 2784/2784/2784
f 2785/2785/2785 2786/2786/2786 2787/2787/2787
f 2788/2788/2788 2789/2789/2789 2790/2790/2790
f 2791/2791/2791 2792/2792/2792 2793/2793/2793
f 2794/2794/2794 2795/2795/2795 2796/2796/2796
f 2797/2797/2797 2798/2798/2798 2799/2799/2799
f 2800/2800/2800 2801/2801/2801 2802/2802/2802
f 2803/2803/2803 2804/2804/2804 2805/2805/2805
f 2806/2806/2806 2807/2807/2807 2808/2808/2808
f 2809/2809/2809 2810/2810/2810 2811/2811/2811
f 2812/2812/2812 2813/2813/2813 2814/2814/2814
f 2815/2815/2815 2816/2816/2816 2817/2817/2817
f 2818/2818/2818 2819/2819/2819 2820/2820/2820
f 2821/2821/2821 2822/2822/2822 2823/2823/2823
f 2824/2824/2824 2825/2825/2825 2826/2826/2826
f 2827/2827/2827 2828/2828/2828 2829/2829/2829
f 2830/2830/2830 2831/2831/2831 2832/2832/2832
f 2833/2833/2833 2834/2834/2834 2835/2835/2835
f 2836/2836/2836 2837/2837/2837 2838/2838/2838
f 2839/2839/2839 2840/2840/2840 2841/2841/2841
f 2842/2842/2842 2843/2843/2843 2844/2844/2844
f 2845/2845/2845 2846/2846/2846 2847/2847/2847
f 2848/2848/2848 2849/2849/2849 2850/2850/2850
f 2851/2851/2851 2852/2852/2852 2853/2853/2853
f 2854/2854/2854 2855/2855/2855 2856/2856/2856
f 2857/2857/2857 2858/2858/2858 2859/2859/2859
f 2860/2860/2860 2861/2861/2861 2862/2862/2862
f 2863/2863/2863 2864/2864/2864 2865/2865/2865
f 2866/2866/2866 2867/2867/2867 2868/2868/2868
f 2869/2869/2869 2870/2870/2870 2871/2871/2871
f 2872/2872/2872 2873/2873/2873 2874/2874/2874
f 2875/2875/2875 2876/2876/2876 2877/2877/2877
f 2878/2878/2878 2879/2879/2879 2880/2880/2880
f 2881/2881/2881 2882/2882/2882 2883/2883/2883
f 2884/2884/2884 2885/2885/2885 2886/2886/2886
f 2887/2887/2887 2888/2888/2888 2889/2889/2889
f 2890/2890/2890 2891/2891/2891 2892/2892/2892
f 2893/2893/2893 2894/2894/2894 2895/2895/2895
f 2896/2896/2896 2897/2897/2897 2898/2898/2898
f 2899/2899/2899 2900/2900/2900 2901/2901/2901
f 2902/2902/2902 2903/2903/2903 2904/2904/2904
f 2905/2905/2905 2906/2906/2906 2907/2907/2907
f 2908/2908/2908 2909/2909/2909 2910/2910/2910
f 2911/2911/2911 2912/2912/2912 2913/2913/2913
f 2914/2914/2914 2915/2915/2915 2916/2916/2916
f 2917/2917/2917 2918/2918/2918 2919/2919/2919
f 2920/2920/2920 2921/2921/2921 2922/2922/2922
f 2923/2923/2923 2924/2924/2924 2925/2925/2925
f 2926/2926/2926 2927/2927/2927 2928/2928/2928
f 2929/2929/2929 2930/2930/2930 2931/2931/2931
f 2932/2932/2932 2933/2933/2933 2934/2934/2934
f 2935/2935/2935 2936/2936/2936 2937/2937/2937
f 2938/2938/2938 2939/2939/2939 2940/2940/2940
f 2941/2941/2941 2942/2942/2942 2943/2943/2943
f 2944/2944/2944 2945/2945/2945 2946/2946/2946
f 2947/2947/2947 2948/2948/2948 2949/2949/2949
f 2950/2950/2950 2951/2951/2951 2952/2952/2952
f 2953/2953/2953 2954/2954/2954 2955/2955/2955
f 2956/2956/2956 2957/2957/2957 2958/2958/2958
f 2959/2959/2959 2960/2960/2960 2961/2961/2961
f 2962/2962/2962 2963/2963/2963 2964/2964/2964
f 2965/2965/2965 2966/2966/2966 2967/2967/2967
f 2968/2968/2968 2969/2969/2969 2970/2970/2970
f 2971/2971/2971 2972/2972/2972 2973/2973/2973
f 2974/2974/2974 2975/2975/2975 2976/2976/2976
f 2977/2977/2977 2978/2978/2978 2979/2979/2979
f 2980/2980/2980 2981/2981/2981 2982/2982/2982
f 2983/2983/2983 2984/2984/2984 2985/2985/2985
f 2986/2986/2986 2987/2987/2987 2988/2988/2988
f 2989/2989/2989 2990/2990/2990 2991/2991/2991
f 2992/2992/2992 2993/2993/2993 2994/2994/2994
f 2995/2995/2995 2996/2996/2996 2997/2997/2997
f 2998/2998/2998 2999/2999/2999 3000/3000/3000
f 3001/3001/3001 3002/3002/3002 3003/3003/3003
f 3004/3004/3004 3005/3005/3005 3006/3006/3006
f 3007/3007/3007 3008/3008/3008 3009/3009/3009
f 3010/3010/3010 3011/3011/3011 3012/3012/3012
f 3013/3013/3013 3014/3014/3014 3015/3015/3015
f 3016/3016/3016 3017/3017/3017 3018/3018/3018
f 3019/3019/3019 3020/3020/3020 3021/3021/3021
f 3022/3022/3022 3023/3023/3023 3024/3024/3024
f 3025/3025/3025 3026/3026/3026 3027/3027/3027
f 3028/3028/3028 3029/3029/3029 3030/3030/3030
f 3031/3031/3031 3032/3032/3032 3033/3033/3033
f 3034/3034/3034 3035/3035/3035 3036/3036/3036
f 3037/3037/3037 3038/3038/3038 3039/3039/3039
f 3040/3040/3040 3041/3041/3041 3042/3042/3042
f 3043/3043/3043 3044/3044/3044 3045/3045/3045
f 3046/3046/3046 3047/3047/3047 3048/3048/3048
f 3049/3049/3049 3050/3050/3050 3051/3051/3051
f 3052/3052/3052 3053/3053/3053 3054/3054/3054
f 3055/3055/3055 3056/3056/3056 3057/3057/3057
f 3058/3058/3058 3059/3059/3059 3060/3060/3060
f 3061/3061/3061 3062/3062/3062 3063/3063/3063
f 3064/3064/3064 3065/3065/3065 3066/3066/3066
f 3067/3067/3067 3068/3068/3068 3069/3069/3069
f 3070/3070/3070 3071/3071/3071 3072/3072/3072
f 3073/3073/3073 3074/3074/3074 3075/3075/3075
f 3076/3076/3076 3077/3077/3077 3078/3078/3078
f 3079/3079/3079 3080/3080/3080 3081/3081/3081
f 3082/3082/3082 3083/3083/3083 3084/3084/3084
f 3085/3085/3085 3086/3086/3086 3087/3087/3087
f 3088/3088/3088 3089/3089/3089 3090/3090/3090
f 3091/3091/3091 3092/3092/3092 3093/3093/3093
f 3094/3094/3094 3095/3095/3095 3096/3096/3096
f 3097/3097/3097 3098/3098/3098 3099/3099/3099
f 3100/3100/3100 3101/3101/3101 3102/3102/3102
f 3103/3103/3103 3104/3104/3104 3105/3105/3105
f 3106/3106/3106 3107/3107/3107 3108/3108/3108
f 3109/3109/3109 3110/3110/3110 3111/3111/3111
f 3112/3112/3112 3113/3113/3113 3114/3114/3114
f 3115/3115/3115 3116/3116/3116 3117/3117/3117
f 3118/3118/3118 3119/3119/3119 3120/3120/3120
f 3121/3121/3121 3122/3122/3122 3123/3123/3123
f 3124/3124/3124 3125/3125/3125 3126/3126/3126
f 3127/3127/3127 3128/3128/3128 3129/3129/3129
f 3130/3130/3130 3131/3131/3131 3132/3132/3132
f 3133/3133/3133 3134/3134/3134 3135/3135/3135
f 3136/3136/3136 3137/3137/3137 3138/3138/3138
f 3139/3139/3139 3140/3140/3140 3141/3141/3141
f 3142/3142/3142 3143/3143/3143 3144/3144/3144
f 3145/3145/3145 3146/3146/3146 3147/3147/3147
f 3148/3148/3148 3149/3149/3149 3150/3150/3150
f 3151/3151/3151 3152/3152/3152 3153/3153/3153
f 3154/3154/3154 3155/3155/3155 3156/3156/3156
f 3157/3157/3157 3158/3158/3158 3159/3159/3159
f 3160/3160/3160 3161/3161/3161 3162/3162/3162
f 3163/3163/3163 3164/3164/3164 3165/3165/3165
f 3166/3166/3166 3167/3167/3167 3168/3168/3168
f 3169/3169/3169 3170/3170/3170 3171/3171/3171
f 3172/3172/3172 3173/3173/3173 3174/3174/3174
f 3175/3175/3175 3176/3176/3176 3177/3177/3177
f 3178/3178/3178 3179/3179/3179 3180/3180/3180
f 3181/3181/3181 3182/3182/3182 3183/3183/3183
f 3184/3184/3184 3185/3185/3185 3186/3186/3186
f 3187/3187/3187 3188/3188/3188 3189/3189/3189
f 3190/3190/3190 3191/3191/3191 3192/3192/3192
f 3193/3193/3193 3194/3194/3194 3195/3195/3195
f 3196/3196/3196 3197/3197/3197 3198/3198/3198
f 3199/3199/3199 3200/3200/3200 3201/3201/3201
f 3202/3202/3202 3203/3203/3203 3204/3204/3204
f 3205/3205/3205 3206/3206/3206 3207/3207/3207
f 3208/3208/3208 3209/3209/3209 3210/3210/3210
f 3211/3211/3211 3212/3212/3212 3213/3213/3213
f 3214/3214/3214 3215/3215/3215 3216/3216/3216
f 3217/3217/3217 3218/3218/3218 3219/3219/3219
f 3220/3220/3220 3221/3221/3221 3222/3222/3222
f 3223/3223/3223 3224/3224/3224 3225/3225/3225
f 3226/3226/3226 3227/3227/3227 3228/3228/3228
f 3229/3229/3229 3230/3230/3230 3231/3231/3231
f 3232/3232/3232 3233/3233/3233 3234/3234/3234
f 3235/3235/3235 3236/3236/3236 3237/3237/3237
f 3238/3238/3238 3239/3239/3239 3240/3240/3240
f 3241/3241/3241 3242/3242/3242 3243/3243/3243
f 3244/3244/3244 3245/3245/3245 3246/3246/3246
f 3247/3247/3247 3248/3248/3248 3249/3249/3249
f 3250/3250/3250 3251/3251/3251 3252/3252/3252
f 3253/3253/3253 3254/3254/3254 3255/3255/3255
f 3256/3256/3256 3257/3257/3257 3258/3258/3258
f 3259/3259/3259 3260/3260/3260 3261/3261/3261
f 3262/3262/3262 3263/3263/3263 3264/3264/3264
f 3265/3265/3265 3266/3266/3266 3267/3267/3267
f 3268/3268/3268 3269/3269/3269 3270/3270/3270
f 3271/3271/3271 3272/3272/3272 3273/3273/3273
f 3274/3274/3274 3275/3275/3275 3276/3276/3276
f 3277/3277/3277 3278/3278/3278 3279/3279/3279
f 3280/3280/3280 3281/3281/3281 3282/3282/3282
f 3283/3283/3283 3284/3284/3284 3285/3285/3285
f 3286/3286/3286 3287/3287/3287 3288/3288/3288
f 3289/3289/3289 3290/3290/3290 3291/3291/3291
f 3292/3292/3292 3293/3293/3293 3294/3294/3294
f 3295/3295/3295 3296/3296/3296 3297/3297/3297
f 3298/3298/3298 3299/3299/3299 3300/3300/3300
f 3301/3301/3301 3302/3302/3302 3303/3303/3303
f 3304/3304/3304 3305/3305/3305 3306/3306/3306
f 3307/3307/3307 3308/3308/3308 3309/3309/3309
f 3310/3310/3310 3311/3311/3311 3312/3312/3312
f 3313/3313/3313 3314/3314/3314 3315/3315/3315
f 3316/3316/3316 3317/3317/3317 3318/3318/3318
f 3319/3319/3319 3320/3320/3320 3321/3321/3321
f 3322/3322/3322 3323/3323/3323 3324/3324/3324
f 3325/3325/3325 3326/3326/3326 3327/3327/3327
f 3328/3328/3328 3329/3329/3329 3330/3330/3330
f 3331/3331/3331 3332/3332/3332 3333/3333/3333
f 3334/3334/3334 3335/3335/3335 3336/3336/3336
f 3337/3337/3337 3338/3338/3338 3339/3339/3339
f 3340/3340/3340 3341/3341/3341 3342/3342/3342
f 3343/3343/3343 3344/3344/3344 3345/3345/3345
f 3346/3346/3346 3347/3347/3347 3348/3348/3348
f 3349/3349/3349 3350/3350/3350 3351/3351/3351
f 3352/3352/3352 3353/3353/3353 3354/3354/3354
f 3355/3355/3355 3356/3356/3356 3357/3357/3357
f 3358/3358/3358 3359/3359/3359 3360/3360/3360
f 3361/3361/3361 3362/3362/3362 3363/3363/3363
f 3364/3364/3364 3365/3365/3365 3366/3366/3366
f 3367/3367/3367 3368/3368/3368 3369/3369/3369
f 3370/3370/3370 3371/3371/3371 3372/3372/3372
f 3373/3373/3373 3374/3374/3374 3375/3375/3375
f 3376/3376/3376 3377/3377/3377 3378/3378/3378
f 3379/3379/3379 3380/3380/3380 3381/3381/3381
f 3382/3382/3382 3383/3383/3383 3384/3384/3384
f 3385/3385/3385 3386/3386/3386 3387/3387/3387
f 3388/3388/3388 3389/3389/3389 3390/3390/3390
f 3391/3391/3391 3392/3392/3392 3393/3393/3393
f 3394/3394/3394 3395/3395/3395 3396/3396/3396
f 3397/3397/3397 3398/3398/3398 3399/3399/3399
f 3400/3400/3400 3401/3401/3401 3402/3402/3402
f 3403/3403/3403 3404/3404/3404 3405/3405/3405
f 3406/3406/3406 3407/3407/3407 3408/3408/3408
f 3409/3409/3409 3410/3410/3410 3411/3411/3411
f 3412/3412/3412 3413/3413/3413 3414/3414/3414
f 3415/3415/3415 3416/3416/3416 3417/3417/3417
f 3418/3418/3418 3419/3419/3419 3420/3420/3420
f 3421/3421/3421 3422/3422/3422 3423/3423/3423
f 3424/3424/3424 3425/3425/3425 3426/3426/3426
f 3427/3427/3427 3428/3428/3428 3429/3429/3429
f 3430/3430/3430 3431/3431/3431 3432/3432/3432
f 3433/3433/3433 3434/3434/3434 3435/3435/3435
f 3436/3436/3436 3437/3437/3437 3438/3438/3438
f 3439/3439/3439 3440/3440/3440 3441/3441/3441
f 3442/3442/3442 3443/3443/3443 3444/3444/3444
f 3445/3445/3445 3446/3446/3446 3447/3447/3447
f 3448/3448/3448 3449/3449/3449 3450/3450/3450
f 3451/3451/3451 3452/3452/3452 3453/3453/3453
f 3454/3454/3454 3455/3455/3455 3456/3456/3456
f 3457/3457/3457 3458/3458/3458 3459/3459/3459
f 3460/3460/3460 3461/3461/3461 3462/3462/3462
f 3463/3463/3463 3464/3464/3464 3465/3465/3465
f 3466/3466/3466 3467/3467/3467 3468/3468/3468
f 3469/3469/3469 3470/3470/3470 3471/3471/3471
f 3472/3472/3472 3473/3473/3473 3474/3474/3474
f 3475/3475/3475 3476/3476/3476 3477/3477/3477
f 3478/3478/3478 3479/3479/3479 3480/3480/3480
f 3481/3481/3481 3482/3482/3482 3483/3483/3483
f 3484/3484/3484 3485/3485/3485 3486/3486/3486
f 3487/3487/3487 3488/3488/3488 3489/3489/3489
f 3490/3490/3490 3491/3491/3491 3492/3492/3492
f 3493/3493/3493 3494/3494/3494 3495/3495/3495
f 3496/3496/3496 3497/3497/3497 3498/3498/3498
f 3499/3499/3499 3500/3500/3500 3501/3501/3501
f 3502/3502/3502 3503/3503/3503 3504/3504/3504
f 3505/3505/3505 3506/3506/3506 3507/3507/3507
f 3508/3508/3508 3509/3509/3509 3510/3510/3510
f 3511/3511/3511 3512/3512/3512 3513/3513/3513
f 3514/3514/3514 3515/3515/3515 3516/3516/3516
f 3517/3517/3517 3518/3518/3518 3519/3519/3519
f 3520/3520/3520 3521/3521/3521 3522/3522/3522
f 3523/3523/3523 3524/3524/3524 3525/3525/3525
f 3526/3526/3526 3527/3527/3527 3528/3528/3528
f 3529/3529/3529 3530/3530/3530 3531/3531/3531
f 3532/3532/3532 3533/3533/3533 3534/3534/3534
f 3535/3535/3535 3536/3536/3536 3537/3537/3537
f 3538/3538/3538 3539/3539/3539 3540/3540/3540
f 3541/3541/3541 3542/3542/3542 3543/3543/3543
f 3544/3544/3544 3545/3545/3545 3546/3546/3546
f 3547/3547/3547 3548/3548/3548 3549/3549/3549
f 3550/3550/3550 3551/3551/3551 3552/3552/3552
f 3553/3553/3553 3554/3554/3554 3555/3555/3555
f 3556/3556/3556 3557/3557/3557 3558/3558/3558
f 3559/3559/3559 3560/3560/3560 3561/3561/3561
f 3562/3562/3562 3563/3563/3563 3564/3564/3564
f 3565/3565/3565 3566/3566/3566 3567/3567/3567
f 3568/3568/3568 3569/3569/3569 3570/3570/3570
f 3571/3571/3571 3572/3572/3572 3573/3573/3573
f 3574/3574/3574 3575/3575/3575 3576/3576/3576
f 3577/3577/3577 3578/3578/3578 3579/3579/3579
f 3580/3580/3580 3581/3581/3581 3582/3582/3582
f 3583/3583/3583 3584/3584/3584 3585/3585/3585
f 3586/3586/3586 3587/3587/3587 3588/3588/3588
f 3589/3589/3589 3590/3590/3590 3591/3591/3591
f 3592/3592/3592 3593/3593/3593 3594/3594/3594
f 3595/3595/3595 3596/3596/3596 3597/3597/3597
f 3598/3598/3598 3599/3599/3599 3600/3600/3600
f 3601/3601/3601 3602/3602/3602 3603/3603/3603
f 3604/3604/3604 3605/3605/3605 3606/3606/3606
f 3607/3607/3607 3608/3608/3608 3609/3609/3609
f 3610/3610/3610 3611/3611/3611 3612/3612/3612
f 3613/3613/3613 3614/3614/3614 3615/3615/3615
f 3616/3616/3616 3617/3617/3617 3618/3618/3618
f 3619/3619/3619 3620/3620/3620 3621/3621/3621
f 3622/3622/3622 3623/3623/3623 3624/3624/3624
f 3625/3625/3625 3626/3626/3626 3627/3627/3627
f 3628/3628/3628 3629/3629/3629 3630/3630/3630
f 3631/3631/3631 3632/3632/3632 3633/3633/3633
f 3634/3634/3634 3635/3635/3635 3636/3636/3636
f 3637/3637/3637 3638/3638/3638 3639/3639/3639
f 3640/3640/3640 3641/3641/3641 3642/3642/3642
f 3643/3643/3643 3644/3644/3644 3645/3645/3645
f 3646/3646/3646 3647/3647/3647 3648/3648/3648
f 3649/3649/3649 3650/3650/3650 3651/3651/3651
f 3652/3652/3652 3653/3653/3653 3654/3654/3654
f 3655/3655/3655 3656/3656/3656 3657/3657/3657
f 3658/3658/3658 3659/3659/3659 3660/3660/3660
f 3661/3661/3661 3662/3662/3662 3663/3663/3663
f 3664/3664/3664 3665/3665/3665 3666/3666/3666
f 3667/3667/3667 3668/3668/3668 3669/3669/3669
f 3670/3670/3670 3671/3671/3671 3672/3672/3672
f 3673/3673/3673 3674/3674/3674 3675/3675/3675
f 3676/3676/3676 3677/3677/3677 3678/3678/3678
f 3679/3679/3679 3680/3680/3680 3681/3681/3681
f 3682/3682/3682 3683/3683/3683 3684/3684/3684
f 3685/3685/3685 3686/3686/3686 3687/3687/3687
f 3688/3688/3688 3689/3689/3689 3690/3690/3690
f 3691/3691/3691 3692/3692/3692 3693/3693/3693
f 3694/3694/3694 3695/3695/3695 3696/3696/3696
f 3697/3697/3697 3698/3698/3698 3699/3699/3699
f 3700/3700/3700 3701/3701/3701 3702/3702/3702
f 3703/3703/3703 3704/3704/3704 3705/3705/3705
f 3706/3706/3706 3707/3707/3707 3708/3708/3708
f 3709/3709/3709 3710/3710/3710 3711/3711/3711
f 3712/3712/3712 3713/3713/3713 3714/3714/3714
f 3715/3715/3715 3716/3716/3716 3717/3717/3717
f 3718/3718/3718 3719/3719/3719 3720/3720/3720
f 3721/3721/3721 3722/3722/3722 3723/3723/3723
f 3724/3724/3724 3725/3725/3725 3726/3726/3726
f 3727/3727/3727 3728/3728/3728 3729/3729/3729
f 3730/3730/3730 3731/3731/3731 3732/3732/3732
f 3733/3733/3733 3734/3734/3734 3735/3735/3735
f 3736/3736/3736 3737/3737/3737 3738/3738/3738
f 3739/3739/3739 3740/3740/3740 3741/3741/3741
f 3742/3742/3742 3743/3743/3743 3744/3744/3744
f 3745/3745/3745 3746/3746/3746 3747/3747/3747
f 3748/3748/3748 3749/3749/3749 3750/3750/3750
f 3751/3751/3751 3752/3752/3752 3753/3753/3753
f 3754/3754/3754 3755/3755/3755 3756/3756/3756
f 3757/3757/3757 3758/3758/3758 3759/3759/3759
f 3760/3760/3760 3761/3761/3761 3762/3762/3762
f 3763/3763/3763 3764/3764/3764 3765/3765/3765
f 3766/3766/3766 3767/3767/3767 3768/3768/3768
f 3769/3769/3769 3770/3770/3770 3771/3771/3771
f 3772/3772/3772 3773/3773/3773 3774/3774/3774
f 3775/3775/3775 3776/3776/3776 3777/3777/3777
f 3778/3778/3778 3779/3779/3779 3780/3780/3780
f 3781/3781/3781 3782/3782/3782 3783/3783/3783
f 3784/3784/3784 3785/3785/3785 3786/3786/3786
f 3787/3787/3787 3788/3788/3788 3789/3789/3789
f 3790/3790/3790 3791/3791/3791 3792/3792/3792
f 3793/3793/3793 3794/3794/3794 3795/3795/3795
f 3796/3796/3796 3797/3797/3797 3798/3798/3798
f 3799/3799/3799 3800/3800/3800 3801/3801/3801
f 3802/3802/3802 3803/3803/3803 3804/3804/3804
f 3805/3805/3805 3806/3806/3806 3807/3807/3807
f 3808/3808/3808 3809/3809/3809 3810/3810/3810
f 3811/3811/3811 3812/3812/3812 3813/3813/3813
f 3814/3814/3814 3815/3815/3815 3816/3816/3816
f 3817/3817/3817 3818/3818/3818 3819/3819/3819
f 3820/3820/3820 3821/3821/3821 3822/3822/3822
f 3823/3823/3823 3824/3824/3824 3825/3825/3825
f 3826/3826/3826 3827/3827/3827 3828/3828/3828
f 3829/3829/3829 3830/3830/3830 3831/3831/3831
f 3832/3832/3832 3833/3833/3833 3834/3834/3834
f 3835/3835/3835 3836/3836/3836 3837/3837/3837
f 3838/3838/3838 3839/3839/3839 3840/3840/3840
f 3841/3841/3841 3842/3842/3842 3843/3843/3843
f 3844/3844/3844 3845/3845/3845 3846/3846/3846
f 3847/3847/3847 3848/3848/3848 3849/3849/3849
f 3850/3850/3850 3851/3851/3851 3852/3852/3852
f 3853/3853/3853 3854/3854/3854 3855/3855/3855
f 3856/3856/3856 3857/3857/3857 3858/3858/3858
f 3859/3859/3859 3860/3860/3860 3861/3861/3861
f 3862/3862/3862 3863/3863/3863 3864/3864/3864
f 3865/3865/3865 3866/3866/3866 3867/3867/3867
f 3868/3868/3868 3869/3869/3869 3870/3870/3870
f 3871/3871/3871 3872/3872/3872 3873/3873/3873
f 3874/3874/3874 3875/3875/3875 3876/3876/3876
f 3877/3877/3877 3878/3878/3878 3879/3879/3879
f 3880/3880/3880 3881/3881/3881 3882/3882/3882
f 3883/3883/3883 3884/3884/3884 3885/3885/3885
f 3886/3886/3886 3887/3887/3887 3888/3888/3888
f 3889/3889/3889 3890/3890/3890 3891/3891/3891
f 3892/3892/3892 3893/3893/3893 3894/3894/3894
f 3895/3895/3895 3896/3896/3896 3897/3897/3897
f 3898/3898/3898 3899/3899/3899 3900/3900/3900
f 3901/3901/3901 3902/3902/3902 3903/3903/3903
f 3904/3904/3904 3905/3905/3905 3906/3906/3906
f 3907/3907/3907 3908/3908/3908 3909/3909/3909
f 3910/3910/3910 3911/3911/3911 3912/3912/3912
f 3913/3913/3913 3914/3914/3914 3915/3915/3915
f 3916/3916/3916 3917/3917/3917 3918/3918/3918
f 3919/3919/3919 3920/3920/3920 3921/3921/3921
f 3922/3922/3922 3923/3923/3923 3924/3924/3924
f 3925/3925/3925 3926/3926/3926 3927/3927/3927
f 3928/3928/3928 3929/3929/3929 3930/3930/3930
f 3931/3931/3931 3932/3932/3932 3933/3933/3933
f 3934/3934/3934 3935/3935/3935 3936/3936/3936
f 3937/3937/3937 3938/3938/3938 3939/3939/3939
f 3940/3940/3940 3941/3941/3941 3942/3942/3942
f 3943/3943/3943 3944/3944/3944 3945/3945/3945
f 3946/3946/3946 3947/3947/3947 3948/3948/3948
f 3949/3949/3949 3950/3950/3950 3951/3951/3951
f 3952/3952/3952 3953/3953/3953 3954/3954/3954
f 3955/3955/3955 3956/3956/3956 3957/3957/3957
f 3958/3958/3958 3959/3959/3959 3960/3960/3960
f 3961/3961/3961 3962/3962/3962 3963/3963/3963
f 3964/3964/3964 3965/3965/3965 3966/3966/3966
f 3967/3967/3967 3968/3968/3968 3969/3969/3969
f 3970/3970/3970 3971/3971/3971 3972/3972/3972
f 3973/3973/3973 3974/3974/3974 3975/3975/3975
f 3976/3976/3976 3977/3977/3977 3978/3978/3978
f 3979/3979/3979 3980/3980/3980 3981/3981/3981
f 3982/3982/3982 3983/3983/3983 3984/3984/3984
f 3985/3985/3985 3986/3986/3986 3987/3987/3987
f 3988/3988/3988 3989/3989/3989 3990/3990/3990
f 3991/3991/3991 3992/3992/3992 3993/3993/3993
f 3994/3994/3994 3995/3995/3995 3996/3996/3996
f 3997/3997/3997 3998/3998/3998 3999/3999/3999
f 4000/4000/4000 4001/4001/4001 4002/4002/4002
f 4003/4003/4003 4004/4004/4004 4005/4005/4005
f 4006/4006/4006 4007/4007/4007 4008/4008/4008
f 4009/4009/4009 4010/4010/4010 4011/4011/4011
f 4012/4012/4012 4013/4013/4013 4014/4014/4014
f 4015/4015/4015 4016/4016/4016 4017/4017/4017
f 4018/4018/4018 4019/4019/4019 4020/4020/4020
f 4021/4021/4021 4022/4022/4022 4023/4023/4023
f 4024/4024/4024 4025/4025/4025 4026/4026/4026
f 4027/4027/4027 4028/4028/4028 4029/4029/4029
f 4030/4030/4030 4031/4031/4031 4032/4032/4032
f 4033/4033/4033 4034/4034/4034 4035/4035/4035
f 4036/4036/4036 4037/4037/4037 4038/4038/4038
f 4039/4039/4039 4040/4040/4040 4041/4041/4041
f 4042/4042/4042 4043/4043/4043 4044/4044/4044
f 4045/4045/4045 4046/4046/4046 4047/4047/4047
f 4048/4048/4048 4049/4049/4049 4050/4050/4050
f 4051/4051/4051 4052/4052/4052 4053/4053/4053
f 4054/4054/4054 4055/4055/4055 4056/4056/4056
f 4057/4057/4057 4058/4058/4058 4059/4059/4059
f 4060/4060/4060 4061/4061/4061 4062/4062/4062
f 4063/4063/4063 4064/4064/4064 4065/4065/4065
f 4066/4066/4066 4067/4067/4067 4068/4068/4068
f 4069/4069/4069 4070/4070/4070 4071/4071/4071
f 4072/4072/4072 4073/4073/4073 4074/4074/4074
f 4075/4075/4075 4076/4076/4076 4077/4077/4077
f 4078/4078/4078 4079/4079/4079 4080/4080/4080
f 4081/4081/4081 4082/4082/4082 4083/4083/4083
f 4084/4084/4084 4085/4085/4085 4086/4086/4086
f 4087/4087/4087 4088/4088/4088 4089/4089/4089
f 4090/4090/4090 4091/4091/4091 4092/4092/4092
f 4093/4093/4093 4094/4094/4094 4095/4095/4095
f 4096/4096/4096 4097/4097/4097 4098/4098/4098
f 4099/4099/4099 4100/4100/4100 4101/4101/4101
f 4102/4102/4102 4103/4103/4103 4104/4104/4104
f 4105/4105/4105 4106/4106/4106 4107/4107/4107
f 4108/4108/4108 4109/4109/4109 4110/4110/4110
f 4111/4111/4111 4112/4112/4112 4113/4113/4113
f 4114/4114/4114 4115/4115/4115 4116/4116/4116
f 4117/4117/4117 4118/4118/4118 4119/4119/4119
f 4120/4120/4120 4121/4121/4121 4122/4122/4122
f 4123/4123/4123 4124/4124/4124 4125/4125/4125
f 4126/4126/4126 4127/4127/4127 4128/4128/4128
f 4129/4129/4129 4130/4130/4130 4131/4131/4131
f 4132/4132/4132 4133/4133/4133 4134/4134/4134
f 4135/4135/4135 4136/4136/4136 4137/4137/4137
f 4138/4138/4138 4139/4139/4139 4140/4140/4140
f 4141/4141/4141 4142/4142/4142 4143/4143/4143
f 4144/4144/4144 4145/4145/4145 4146/4146/4146
f 4147/4147/4147 4148/4148/4148 4149/4149/4149
f 4150/4150/4150 4151/4151/4151 4152/4152/4152
f 4153/4153/4153 4154/4154/4154 4155/4155/4155
f 4156/4156/4156 4157/4157/4157 4158/4158/4158
f 4159/4159/4159 4160/4160/4160 4161/4161/4161
f 4162/4162/4162 4163/4163/4163 4164/4164/4164
f 4165/4165/4165 4166/4166/4166 4167/4167/4167
f 4168/4168/4168 4169/4169/4169 4170/4170/4170
f 4171/4171/4171 4172/4172/4172 4173/4173/4173
f 4174/4174/4174 4175/4175/4175 4176/4176/4176
f 4177/4177/4177 4178/4178/4178 4179/4179/4179
f 4180/4180/4180 4181/4181/4181 4182/4182/4182
f 4183/4183/4183 4184/4184/4184 4185/4185/4185
f 4186/4186/4186 4187/4187/4187 4188/4188/4188
f 4189/4189/4189 4190/4190/4190 4191/4191/4191
f 4192/4192/4192 4193/4193/4193 4194/4194/4194
f 4195/4195/4195 4196/4196/4196 4197/4197/4197
f 4198/4198/4198 4199/4199/4199 4200/4200/4200
f 4201/4201/4201 4202/4202/4202 4203/4203/4203
f 4204/4204/4204 4205/4205/4205 4206/4206/4206
f 4207/4207/4207 4208/4208/4208 4209/4209/4209
f 4210/4210/4210 4211/4211/4211 4212/4212/4212
f 4213/4213/4213 4214/4214/4214 4215/4215/4215
f 4216/4216/4216 4217/4217/4217 4218/4218/4218
f 4219/4219/4219 4220/4220/4220 4221/4221/4221
f 4222/4222/4222 4223/4223/4223 4224/4224/4224
f 4225/4225/4225 4226/4226/4226 4227/4227/4227
f 4228/4228/4228 4229/4229/4229 4230/4230/4230
f 4231/4231/4231 4232/4232/4232 4233/4233/4233
f 4234/4234/4234 4235/4235/4235 4236/4236/4236
f 4237/4237/4237 4238/4238/4238 4239/4239/4239
f 4240/4240/4240 4241/4241/4241 4242/4242/4242
f 4243/4243/4243 4244/4244/4244 4245/4245/4245
f 4246/4246/4246 4247/4247/4247 4248/4248/4248
f 4249/4249/4249 4250/4250/4250 4251/4251/4251
f 4252/4252/4252 4253/4253/4253 4254/4254/4254
f 4255/4255/4255 4256/4256/4256 4257/4257/4257
f 4258/4258/4258 4259/4259/4259 4260/4260/4260
f 4261/4261/4261 4262/4262/4262 4263/4263/4263
f 4264/4264/4264 4265/4265/4265 4266/4266/4266
f 4267/4267/4267 4268/4268/4268 4269/4269/4269
f 4270/4270/4270 4271/4271/4271 4272/4272/4272
f 4273/4273/4273 4274/4274/4274 4275/4275/4275
f 4276/4276/4276 4277/4277/4277 4278/4278/4278
f 4279/4279/4279 4280/4280/4280 4281/4281/4281
f 4282/4282/4282 4283/4283/4283 4284/4284/4284
f 4285/4285/4285 4286/4286/4286 4287/4287/4287
f 4288/4288/4288 4289/4289/4289 4290/4290/4290
f 4291/4291/4291 4292/4292/4292 4293/4293/4293
f 4294/4294/4294 4295/4295/4295 4296/4296/4296
f 4297/4297/4297 4298/4298/4298 4299/4299/4299
f 4300/4300/4300 4301/4301/4301 4302/4302/4302
f 4303/4303/4303 4304/4304/4304 4305/4305/4305
f 4306/4306/4306 4307/4307/4307 4308/4308/4308
f 4309/4309/4309 4310/4310/4310 4311/4311/4311
f 4312/4312/4312 4313/4313/4313 4314/4314/4314
f 4315/4315/4315 4316/4316/4316 4317/4317/4317
f 4318/4318/4318 4319/4319/4319 4320/4320/4320
f 4321/4321/4321 4322/4322/4322 4323/4323/4323
f 4324/4324/4324 4325/4325/4325 4326/4326/4326
f 4327/4327/4327 4328/4328/4328 4329/4329/4329
f 4330/4330/4330 4331/4331/4331 4332/4332/4332
f 4333/4333/4333 4334/4334/4334 4335/4335/4335
f 4336/4336/4336 4337/4337/4337 4338/4338/4338
f 4339/4339/4339 4340/4340/4340 4341/4341/4341
f 4342/4342/4342 4343/4343/4343 4344/4344/4344
f 4345/4345/4345 4346/4346/4346 4347/4347/4347
f 4348/4348/4348 4349/4349/4349 4350/4350/4350
f 4351/4351/4351 4352/4352/4352 4353/4353/4353
f 4354/4354/4354 4355/4355/4355 4356/4356/4356
f 4357/4357/4357 4358/4358/4358 4359/4359/4359
f 4360/4360/4360 4361/4361/4361 4362/4362/4362
f 4363/4363/4363 4364/4364/4364 4365/4365/4365
f 4366/4366/4366 4367/4367/4367 4368/4368/4368
f 4369/4369/4369 4370/4370/4370 4371/4371/4371
f 4372/4372/4372 4373/4373/4373 4374/4374/4374
f 4375/4375/4375 4376/4376/4376 4377/4377/4377
f 4378/4378/4378 4379/4379/4379 4380/4380/4380
f 4381/4381/4381 4382/4382/4382 4383/4383/4383
f 4384/4384/4384 4385/4385/4385 4386/4386/4386
f 4387/4387/4387 4388/4388/4388 4389/4389/4389
f 4390/4390/4390 4391/4391/4391 4392/4392/4392
f 4393/4393/4393 4394/4394/4394 4395/4395/4395
f 4396/4396/4396 4397/4397/4397 4398/4398/4398
f 4399/4399/4399 4400/4400/4400 4401/4401/4401
f 4402/4402/4402 4403/4403/4403 4404/4404/4404
f 4405/4405/4405 4406/4406/4406 4407/4407/4407
f 4408/4408/4408 4409/4409/4409 4410/4410/4410
f 4411/4411/4411 4412/4412/4412 4413/4413/4413
f 4414/4414/4414 4415/4415/4415 4416/4416/4416
f 4417/4417/4417 4418/4418/4418 4419/4419/4419
f 4420/4420/4420 4421/4421/4421 4422/4422/4422
f 4423/4423/4423 4424/4424/4424 4425/4425/4425
f 4426/4426/4426 4427/4427/4427 4428/4428/4428
f 4429/4429/4429 4430/4430/4430 4431/4431/4431
f 4432/4432/4432 4433/4433/4433 4434/4434/4434
f 4435/4435/4435 4436/4436/4436 4437/4437/4437
f 4438/4438/4438 4439/4439/4439 4440/4440/4440
f 4441/4441/4441 4442/4442/4442 4443/4443/4443
f 4444/4444/4444 4445/4445/4445 4446/4446/4446
f 4447/4447/4447 4448/4448/4448 4449/4449/4449
f 4450/4450/4450 4451/4451/4451 4452/4452/4452
f 4453/4453/4453 4454/4454/4454 4455/4455/4455
f 4456/4456/4456 4457/4457/4457 4458/4458/4458
f 4459/4459/4459 4460/4460/4460 4461/4461/4461
f 4462/4462/4462 4463/4463/4463 4464/4464/4464
f 4465/4465/4465 4466/4466/4466 4467/4467/4467
f 4468/4468/4468 4469/4469/4469 4470/4470/4470
f 4471/4471/4471 4472/4472/4472 4473/4473/4473
f 4474/4474/4474 4475/4475/4475 4476/4476/4476
f 4477/4477/4477 4478/4478/4478 4479/4479/4479
f 4480/4480/4480 4481/4481/4481 4482/4482/4482
f 4483/4483/4483 4484/4484/4484 4485/4485/4485
f 4486/4486/4486 4487/4487/4487 4488/4488/4488
f 4489/4489/4489 4490/4490/4490 4491/4491/4491
f 4492/4492/4492 4493/4493/4493 4494/4494/4494
f 4495/4495/4495 4496/4496/4496 4497/4497/4497
f 4498/4498/4498 4499/4499/4499 4500/4500/4500
f 4501/4501/4501 4502/4502/4502 4503/4503/4503
f 4504/4504/4504 4505/4505/4505 4506/4506/4506
f 4507/4507/4507 4508/4508/4508 4509/4509/4509
f 4510/4510/4510 4511/4511/4511 4512/4512/4512
f 4513/4513/4513 4514/4514/4514 4515/4515/4515
f 4516/4516/4516 4517/4517/4517 4518/4518/4518
f 4519/4519/4519 4520/4520/4520 4521/4521/4521
f 4522/4522/4522 4523/4523/4523 4524/4524/4524
f 4525/4525/4525 4526/4526/4526 4527/4527/4527
f 4528/4528/4528 4529/4529/4529 4530/4530/4530
f 4531/4531/4531 4532/4532/4532 4533/4533/4533
f 4534/4534/4534 4535/4535/4535 4536/4536/4536
f 4537/4537/4537 4538/4538/4538 4539/4539/4539
f 4540/4540/4540 4541/4541/4541 4542/4542/4542
f 4543/4543/4543 4544/4544/4544 4545/4545/4545
f 4546/4546/4546 4547/4547/4547 4548/4548/4548
f 4549/4549/4549 4550/4550/4550 4551/4551/4551
f 4552/4552/4552 4553/4553/4553 4554/4554/4554
f 4555/4555/4555 4556/4556/4556 4557/4557/4557
f 4558/4558/4558 4559/4559/4559 4560/4560/4560
f 4561/4561/4561 4562/4562/4562 4563/4563/4563
f 4564/4564/4564 4565/4565/4565 4566/4566/4566
f 4567/4567/4567 4568/4568/4568 4569/4569/4569
f 4570/4570/4570 4571/4571/4571 4572/4572/4572
f 4573/4573/4573 4574/4574/4574 4575/4575/4575
f 4576/4576/4576 4577/4577/4577 4578/4578/4578
f 4579/4579/4579 4580/4580/4580 4581/4581/4581
f 4582/4582/4582 4583/4583/4583 4584/4584/4584
f 4585/4585/4585 4586/4586/4586 4587/4587/4587
f 4588/4588/4588 4589/4589/4589 4590/4590/4590
f 4591/4591/4591 4592/4592/4592 4593/4593/4593
f 4594/4594/4594 4595/4595/4595 4596/4596/4596
f 4597/4597/4597 4598/4598/4598 4599/4599/4599
f 4600/4600/4600 4601/4601/4601 4602/4602/4602
f 4603/4603/4603 4604/4604/4604 4605/4605/4605
f 4606/4606/4606 4607/4607/4607 4608/4608/4608
f 4609/4609/4609 4610/4610/4610 4611/4611/4611
f 4612/4612/4612 4613/4613/4613 4614/4614/4614
f 4615/4615/4615 4616/4616/4616 4617/4617/4617
f 4618/4618/4618 4619/4619/4619 4620/4620/4620
f 4621/4621/4621 4622/4622/4622 4623/4623/4623
f 4624/4624/4624 4625/4625/4625 4626/4626/4626
f 4627/4627/4627 4628/4628/4628 4629/4629/4629
f 4630/4630/4630 4631/4631/4631 4632/4632/4632
f 4633/4633/4633 4634/4634/4634 4635/4635/4635
f 4636/4636/4636 4637/4637/4637 4638/4638/4638
f 4639/4639/4639 4640/4640/4640 4641/4641/4641
f 4642/4642/4642 4643/4643/4643 4644/4644/4644
f 4645/4645/4645 4646/4646/4646 4647/4647/4647
f 4648/4648/4648 4649/4649/4649 4650/4650/4650
f 4651/4651/4651 4652/4652/4652 4653/4653/4653
f 4654/4654/4654 4655/4655/4655 4656/4656/4656
f 4657/4657/4657 4658/4658/4658 4659/4659/4659
f 4660/4660/4660 4661/4661/4661 4662/4662/4662
f 4663/4663/4663 4664/4664/4664 4665/4665/4665
f 4666/4666/4666 4667/4667/4667 4668/4668/4668
f 4669/4669/4669 4670/4670/4670 4671/4671/4671
f 4672/4672/4672 4673/4673/4673 4674/4674/4674
f 4675/4675/4675 4676/4676/4676 4677/4677/4677
f 4678/4678/4678 4679/4679/4679 4680/4680/4680
f 4681/4681/4681 4682/4682/4682 4683/4683/4683
f 4684/4684/4684 4685/4685/4685 4686/4686/4686
f 4687/4687/4687 4688/4688/4688 4689/4689/4689
f 4690/4690/4690 4691/4691/4691 4692/4692/4692
f 4693/4693/4693 4694/4694/4694 4695/4695/4695
f 4696/4696/4696 4697/4697/4697 4698/4698/4698
f 4699/4699/4699 4700/4700/4700 4701/4701/4701
f 4702/4702/4702 4703/4703/4703 4704/4704/4704
f 4705/4705/4705 4706/4706/4706 4707/4707/4707
f 4708/4708/4708 4709/4709/4709 4710/4710/4710
f 4711/4711/4711 4712/4712/4712 4713/4713/4713
f 4714/4714/4714 4715/4715/4715 4716/4716/4716
f 4717/4717/4717 4718/4718/4718 4719/4719/4719
f 4720/4720/4720 4721/4721/4721 4722/4722/4722
f 4723/4723/4723 4724/4724/4724 4725/4725/4725
f 4726/4726/4726 4727/4727/4727 4728/4728/4728
f 4729/4729/4729 4730/4730/4730 4731/4731/4731
f 4732/4732/4732 4733/4733/4733 4734/4734/4734
f 4735/4735/4735 4736/4736/4736 4737/4737/4737
f 4738/4738/4738 4739/4739/4739 4740/4740/4740
f 4741/4741/4741 4742/4742/4742 4743/4743/4743
f 4744/4744/4744 4745/4745/4745 4746/4746/4746
f 4747/4747/4747 4748/4748/4748 4749/4749/4749
f 4750/4750/4750 4751/4751/4751 4752/4752/4752
f 4753/4753/4753 4754/4754/4754 4755/4755/4755
f 4756/4756/4756 4757/4757/4757 4758/4758/4758
f 4759/4759/4759 4760/4760/4760 4761/4761/4761
f 4762/4762/4762 4763/4763/4763 4764/4764/4764
f 4765/4765/4765 4766/4766/4766 4767/4767/4767
f 4768/4768/4768 4769/4769/4769 4770/4770/4770
f 4771/4771/4771 4772/4772/4772 4773/4773/4773
f 4774/4774/4774 4775/4775/4775 4776/4776/4776
f 4777/4777/4777 4778/4778/4778 4779/4779/4779
f 4780/4780/4780 4781/4781/4781 4782/4782/4782
f 4783/4783/4783 4784/4784/4784 4785/4785/4785
f 4786/4786/4786 4787/4787/4787 4788/4788/4788
f 4789/4789/4789 4790/4790/4790 4791/4791/4791
f 4792/4792/4792 4793/4793/4793 4794/4794/4794
f 4795/4795/4795 4796/4796/4796 4797/4797/4797
f 4798/4798/4798 4799/4799/4799 4800/4800/4800
f 4801/4801/4801 4802/4802/4802 4803/4803/4803
f 4804/4804/4804 4805/4805/4805 4806/4806/4806
f 4807/4807/4807 4808/4808/4808 4809/4809/4809
f 4810/4810/4810 4811/4811/4811 4812/4812/4812
f 4813/4813/4813 4814/4814/4814 4815/4815/4815
f 4816/4816/4816 4817/4817/4817 4818/4818/4818
f 4819/4819/4819 4820/4820/4820 4821/4821/4821
f 4822/4822/4822 4823/4823/4823 4824/4824/4824
f 4825/4825/4825 4826/4826/4826 4827/4827/4827
f 4828/4828/4828 4829/4829/4829 4830/4830/4830
f 4831/4831/4831 4832/4832/4832 4833/4833/4833
f 4834/4834/4834 4835/4835/4835 4836/4836/4836
f 4837/4837/4837 4838/4838/4838 4839/4839/4839
f 4840/4840/4840 4841/4841/4841 4842/4842/4842
f 4843/4843/4843 4844/4844/4844 4845/4845/4845
f 4846/4846/4846 4847/4847/4847 4848/4848/4848
f 4849/4849/4849 4850/4850/4850 4851/4851/4851
f 4852/4852/4852 4853/4853/4853 4854/4854/4854
f 4855/4855/4855 4856/4856/4856 4857/4857/4857
f 4858/4858/4858 4859/4859/4859 4860/4860/4860
f 4861/4861/4861 4862/4862/4862 4863/4863/4863
f 4864/4864/4864 4865/4865/4865 4866/4866/4866
f 4867/4867/4867 4868/4868/4868 4869/4869/4869
f 4870/4870/4870 4871/4871/4871 4872/4872/4872
f 4873/4873/4873 4874/4874/4874 4875/4875/4875
f 4876/4876/4876 4877/4877/4877 4878/4878/4878
f 4879/4879/4879 4880/4880/4880 4881/4881/4881
f 4882/4882/4882 4883/4883/4883 4884/4884/4884
f 4885/4885/4885 4886/4886/4886 4887/4887/4887
f 4888/4888/4888 4889/4889/4889 4890/4890/4890
f 4891/4891/4891 4892/4892/4892 4893/4893/4893
f 4894/4894/4894 4895/4895/4895 4896/4896/4896
f 4897/4897/4897 4898/4898/4898 4899/4899/4899
f 4900/4900/4900 4901/4901/4901 4902/4902/4902
f 4903/4903/4903 4904/4904/4904 4905/4905/4905
f 4906/4906/4906 4907/4907/4907 4908/4908/4908
f 4909/4909/4909 4910/4910/4910 4911/4911/4911
f 4912/4912/4912 4913/4913/4913 4914/4914/4914
f 4915/4915/4915 4916/4916/4916 4917/4917/4917
f 4918/4918/4918 4919/4919/4919 4920/4920/4920
f 4921/4921/4921 4922/4922/4922 4923/4923/4923
f 4924/4924/4924 4925/4925/4925 4926/4926/4926
f 4927/4927/4927 4928/4928/4928 4929/4929/4929
f 4930/4930/4930 4931/4931/4931 4932/4932/4932
f 4933/4933/4933 4934/4934/4934 4935/4935/4935
f 4936/4936/4936 4937/4937/4937 4938/4938/4938
f 4939/4939/4939 4940/4940/4940 4941/4941/4941
f 4942/4942/4942 4943/4943/4943 4944/4944/4944
f 4945/4945/4945 4946/4946/4946 4947/4947/4947
f 4948/4948/4948 4949/4949/4949 4950/4950/4950
f 4951/4951/4951 4952/4952/4952 4953/4953/4953
f 4954/4954/4954 4955/4955/4955 4956/4956/4956
f 4957/4957/4957 4958/4958/4958 4959/4959/4959
f 4960/4960/4960 4961/4961/4961 4962/4962/4962
f 4963/4963/4963 4964/4964/4964 4965/4965/4965
f 4966/4966/4966 4967/4967/4967 4968/4968/4968
f 4969/4969/4969 4970/4970/4970 4971/4971/4971
f 4972/4972/4972 4973/4973/4973 4974/4974/4974
f 4975/4975/4975 4976/4976/4976 4977/4977/4977
f 4978/4978/4978 4979/4979/4979 4980/4980/4980
f 4981/4981/4981 4982/4982/4982 4983/4983/4983
f 4984/4984/4984 4985/4985/4985 4986/4986/4986
f 4987/4987/4987 4988/4988/4988 4989/4989/4989
f 4990/4990/4990 4991/4991/4991 4992/4992/4992
f 4993/4993/4993 4994/4994/4994 4995/4995/4995
f 4996/4996/4996 4997/4997/4997 4998/4998/4998
f 4999/4999/4999 5000/5000/5000 5001/5001/5001
f 5002/5002/5002 5003/5003/5003 5004/5004/5004
f 5005/5005/5005 5006/5006/5006 5007/5007/5007
f 5008/5008/5008 5009/5009/5009 5010/5010/5010
f 5011/5011/5011 5012/5012/5012 5013/5013/5013
f 5014/5014/5014 5015/5015/5015 5016/5016/5016
f 5017/5017/5017 5018/5018/5018 5019/5019/5019
f 5020/5020/5020 5021/5021/5021 5022/5022/5022
f 5023/5023/5023 5024/5024/5024 5025/5025/5025
f 5026/5026/5026 5027/5027/5027 5028/5028/5028
f 5029/5029/5029 5030/5030/5030 5031/5031/5031
f 5032/5032/5032 5033/5033/5033 5034/5034/5034
f 5035/5035/5035 5036/5036/5036 5037/5037/5037
f 5038/5038/5038 5039/5039/5039 5040/5040/5040
f 5041/5041/5041 5042/5042/5042 5043/5043/5043
f 5044/5044/5044 5045/5045/5045 5046/5046/5046
f 5047/5047/5047 5048/5048/5048 5049/5049/5049
f 5050/5050/5050 5051/5051/5051 5052/5052/5052
f 5053/5053/5053 5054/5054/5054 5055/5055/5055
f 5056/5056/5056 5057/5057/5057 5058/5058/5058
f 5059/5059/5059 5060/5060/5060 5061/5061/5061
f 5062/5062/5062 5063/5063/5063 5064/5064/5064
f 5065/5065/5065 5066/5066/5066 5067/5067/5067
f 5068/5068/5068 5069/5069/5069 5070/5070/5070
f 5071/5071/5071 5072/5072/5072 5073/5073/5073
f 5074/5074/5074 5075/5075/5075 5076/5076/5076
f 5077/5077/5077 5078/5078/5078 5079/5079/5079
f 5080/5080/5080 5081/5081/5081 5082/5082/5082
f 5083/5083/5083 5084/5084/5084 5085/5085/5085
f 5086/5086/5086 5087/5087/5087 5088/5088/5088
f 5089/5089/5089 5090/5090/5090 5091/5091/5091
f 5092/5092/5092 5093/5093/5093 5094/5094/5094
f 5095/5095/5095 5096/5096/5096 5097/5097/5097
f 5098/5098/5098 5099/5099/5099 5100/5100/5100
f 5101/5101/5101 5102/5102/5102 5103/5103/5103
f 5104/5104/5104 5105/5105/5105 5106/5106/5106
f 5107/5107/5107 5108/5108/5108 5109/5109/5109
f 5110/5110/5110 5111/5111/5111 5112/5112/5112
f 5113/5113/5113 5114/5114/5114 5115/5115/5115
f 5116/5116/5116 5117/5117/5117 5118/5118/5118
f 5119/5119/5119 5120/5120/5120 5121/5121/5121
f 5122/5122/5122 5123/5123/5123 5124/5124/5124
f 5125/5125/5125 5126/5126/5126 5127/5127/5127
f 5128/5128/5128 5129/5129/5129 5130/5130/5130
f 5131/5131/5131 5132/5132/5132 5133/5133/5133
f 5134/5134/5134 5135/5135/5135 5136/5136/5136
f 5137/5137/5137 5138/5138/5138 5139/5139/5139
f 5140/5140/5140 5141/5141/5141 5142/5142/5142
f 5143/5143/5143 5144/5144/5144 5145/5145/5145
f 5146/5146/5146 5147/5147/5147 5148/5148/5148
f 5149/5149/5149 5150/5150/5150 5151/5151/5151
f 5152/5152/5152 5153/5153/5153 5154/5154/5154
f 5155/5155/5155 5156/5156/5156 5157/5157/5157
f 5158/5158/5158 5159/5159/5159 5160/5160/5160
f 5161/5161/5161 5162/5162/5162 5163/5163/5163
f 5164/5164/5164 5165/5165/5165 5166/5166/5166
f 5167/5167/5167 5168/5168/5168 5169/5169/5169
f 5170/5170/5170 5171/5171/5171 5172/5172/5172
f 5173/5173/5173 5174/5174/5174 5175/5175/5175
f 5176/5176/5176 5177/5177/5177 5178/5178/5178
f 5179/5179/5179 5180/5180/5180 5181/5181/5181
f 5182/5182/5182 5183/5183/5183 5184/5184/5184
f 5185/5185/5185 5186/5186/5186 5187/5187/5187
f 5188/5188/5188 5189/5189/5189 5190/5190/5190
f 5191/5191/5191 5192/5192/5192 5193/5193/5193
f 5194/5194/5194 5195/5195/5195 5196/5196/5196
f 5197/5197/5197 5198/5198/5198 5199/5199/5199
f 5200/5200/5200 5201/5201/5201 5202/5202/5202
f 5203/5203/5203 5204/5204/5204 5205/5205/5205
f 5206/5206/5206 5207/5207/5207 5208/5208/5208
f 5209/5209/5209 5210/5210/5210 5211/5211/5211
f 5212/5212/5212 5213/5213/5213 5214/5214/5214
f 5215/5215/5215 5216/5216/5216 5217/5217/5217
f 5218/5218/5218 5219/5219/5219 5220/5220/5220
f 5221/5221/5221 5222/5222/5222 5223/5223/5223
f 5224/5224/5224 5225/5225/5225 5226/5226/5226
f 5227/5227/5227 5228/5228/5228 5229/5229/5229
f 5230/5230/5230 5231/5231/5231 5232/5232/5232
f 5233/5233/5233 5234/5234/5234 5235/5235/5235
f 5236/5236/5236 5237/5237/5237 5238/5238/5238
f 5239/5239/5239 5240/5240/5240 5241/5241/5241
f 5242/5242/5242 5243/5243/5243 5244/5244/5244
f 5245/5245/5245 5246/5246/5246 5247/5247/5247
f 5248/5248/5248 5249/5249/5249 5250/5250/5250
f 5251/5251/5251 5252/5252/5252 5253/5253/5253
f 5254/5254/5254 5255/5255/5255 5256/5256/5256
f 5257/5257/5257 5258/5258/5258 5259/5259/5259
f 5260/5260/5260 5261/5261/5261 5262/5262/5262
f 5263/5263/5263 5264/5264/5264 5265/5265/5265
f 5266/5266/5266 5267/5267/5267 5268/5268/5268
f 5269/5269/5269 5270/5270/5270 5271/5271/5271
f 5272/5272/5272 5273/5273/5273 5274/5274/5274
f 5275/5275/5275 5276/5276/5276 5277/5277/5277
f 5278/5278/5278 5279/5279/5279 5280/5280/5280
f 5281/5281/5281 5282/5282/5282 5283/5283/5283
f 5284/5284/5284 5285/5285/5285 5286/5286/5286
f 5287/5287/5287 5288/5288/5288 5289/5289/5289
f 5290/5290/5290 5291/5291/5291 5292/5292/5292
f 5293/5293/5293 5294/5294/5294 5295/5295/5295
f 5296/5296/5296 5297/5297/5297 5298/5298/5298
f 5299/5299/5299 5300/5300/5300 5301/5301/5301
f 5302/5302/5302 5303/5303/5303 5304/5304/5304
f 5305/5305/5305 5306/5306/5306 5307/5307/5307
f 5308/5308/5308 5309/5309/5309 5310/5310/5310
f 5311/5311/5311 5312/5312/5312 5313/5313/5313
f 5314/5314/5314 5315/5315/5315 5316/5316/5316
f 5317/5317/5317 5318/5318/5318 5319/5319/5319
f 5320/5320/5320 5321/5321/5321 5322/5322/5322
f 5323/5323/5323 5324/5324/5324 5325/5325/5325
f 5326/5326/5326 5327/5327/5327 5328/5328/5328
f 5329/5329/5329 5330/5330/5330 5331/5331/5331
f 5332/5332/5332 5333/5333/5333 5334/5334/5334
f 5335/5335/5335 5336/5336/5336 5337/5337/5337
f 5338/5338/5338 5339/5339/5339 5340/5340/5340
f 5341/5341/5341 5342/5342/5342 5343/5343/5343
f 5344/5344/5344 5345/5345/5345 5346/5346/5346
f 5347/5347/5347 5348/5348/5348 5349/5349/5349
f 5350/5350/5350 5351/5351/5351 5352/5352/5352
f 5353/5353/5353 5354/5354/5354 5355/5355/5355
f 5356/5356/5356 5357/5357/5357 5358/5358/5358
f 5359/5359/5359 5360/5360/5360 5361/5361/5361
f 5362/5362/5362 5363/5363/5363 5364/5364/5364
f 5365/5365/5365 5366/5366/5366 5367/5367/5367
f 5368/5368/5368 5369/5369/5369 5370/5370/5370
f 5371/5371/5371 5372/5372/5372 5373/5373/5373
f 5374/5374/5374 5375/5375/5375 5376/5376/5376
f 5377/5377/5377 5378/5378/5378 5379/5379/5379
f 5380/5380/5380 5381/5381/5381 5382/5382/5382
f 5383/5383/5383 5384/5384/5384 5385/5385/5385
f 5386/5386/5386 5387/5387/5387 5388/5388/5388
f 5389/5389/5389 5390/5390/5390 5391/5391/5391
f 5392/5392/5392 5393/5393/5393 5394/5394/5394
f 5395/5395/5395 5396/5396/5396 5397/5397/5397
f 5398/5398/5398 5399/5399/5399 5400/5400/5400
f 5401/5401/5401 5402/5402/5402 5403/5403/5403
f 5404/5404/5404 5405/5405/5405 5406/5406/5406
f 5407/5407/5407 5408/5408/5408 5409/5409/5409
f 5410/5410/5410 5411/5411/5411 5412/5412/5412
f 5413/5413/5413 5414/5414/5414 5415/5415/5415
f 5416/5416/5416 5417/5417/5417 5418/5418/5418
f 5419/5419/5419 5420/5420/5420 5421/5421/5421
f 5422/5422/5422 5423/5423/5423 5424/5424/5424
f 5425/5425/5425 5426/5426/5426 5427/5427/5427
f 5428/5428/5428 5429/5429/5429 5430/5430/5430
f 5431/5431/5431 5432/5432/5432 5433/5433/5433
f 5434/5434/5434 5435/5435/5435 5436/5436/5436
f 5437/5437/5437 5438/5438/5438 5439/5439/5439
f 5440/5440/5440 5441/5441/5441 5442/5442/5442
f 5443/5443/5443 5444/5444/5444 5445/5445/5445
f 5446/5446/5446 5447/5447/5447 5448/5448/5448
f 5449/5449/5449 5450/5450/5450 5451/5451/5451
f 5452/5452/5452 5453/5453/5453 5454/5454/5454
f 5455/5455/5455 5456/5456/5456 5457/5457/5457
f 5458/5458/5458 5459/5459/5459 5460/5460/5460
f 5461/5461/5461 5462/5462/5462 5463/5463/5463
f 5464/5464/5464 5465/5465/5465 5466/5466/5466
f 5467/5467/5467 5468/5468/5468 5469/5469/5469
f 5470/5470/5470 5471/5471/5471 5472/5472/5472
f 5473/5473/5473 5474/5474/5474 5475/5475/5475
f 5476/5476/5476 5477/5477/5477 5478/5478/5478
f 5479/5479/5479 5480/5480/5480 5481/5481/5481
f 5482/5482/5482 5483/5483/5483 5484/5484/5484
f 5485/5485/5485 5486/5486/5486 5487/5487/5487
f 5488/5488/5488 5489/5489/5489 5490/5490/5490
f 5491/5491/5491 5492/5492/5492 5493/5493/5493
f 5494/5494/5494 5495/5495/5495 5496/5496/5496
f 5497/5497/5497 5498/5498/5498 5499/5499/5499
f 5500/5500/5500 5501/5501/5501 5502/5502/5502
f 5503/5503/5503 5504/5504/5504 5505/5505/5505
f 5506/5506/5506 5507/5507/5507 5508/5508/5508
f 5509/5509/5509 5510/5510/5510 5511/5511/5511
f 5512/5512/5512 5513/5513/5513 5514/5514/5514
f 5515/5515/5515 5516/5516/5516 5517/5517/5517
f 5518/5518/5518 5519/5519/5519 5520/5520/5520
f 5521/5521/5521 5522/5522/5522 5523/5523/5523
f 5524/5524/5524 5525/5525/5525 5526/5526/5526
f 5527/5527/5527 5528/5528/5528 5529/5529/5529
f 5530/5530/5530 5531/5531/5531 5532/5532/5532
f 5533/5533/5533 5534/5534/5534 5535/5535/5535
f 5536/5536/5536 5537/5537/5537 5538/5538/5538
f 5539/5539/5539 5540/5540/5540 5541/5541/5541
f 5542/5542/5542 5543/5543/5543 5544/5544/5544
f 5545/5545/5545 5546/5546/5546 5547/5547/5547
f 5548/5548/5548 5549/5549/5549 5550/5550/5550
f 5551/5551/5551 5552/5552/5552 5553/5553/5553
f 5554/5554/5554 5555/5555/5555 5556/5556/5556
f 5557/5557/5557 5558/5558/5558 5559/5559/5559
f 5560/5560/5560 5561/5561/5561 5562/5562/5562
f 5563/5563/5563 5564/5564/5564 5565/5565/5565
f 5566/5566/5566 5567/5567/5567 5568/5568/5568
f 5569/5569/5569 5570/5570/5570 5571/5571/5571
f 5572/5572/5572 5573/5573/5573 5574/5574/5574
f 5575/5575/5575 5576/5576/5576 5577/5577/5577
f 5578/5578/5578 5579/5579/5579 5580/5580/5580
f 5581/5581/5581 5582/5582/5582 5583/5583/5583
f 5584/5584/5584 5585/5585/5585 5586/5586/5586
f 5587/5587/5587 5588/5588/5588 5589/5589/5589
f 5590/5590/5590 5591/5591/5591 5592/5592/5592
f 5593/5593/5593 5594/5594/5594 5595/5595/5595
f 5596/5596/5596 5597/5597/5597 5598/5598/5598
f 5599/5599/5599 5600/5600/5600 5601/5601/5601
f 5602/5602/5602 5603/5603/5603 5604/5604/5604
f 5605/5605/5605 5606/5606/5606 5607/5607/5607
f 5608/5608/5608 5609/5609/5609 5610/5610/5610
f 5611/5611/5611 5612/5612/5612 5613/5613/5613
f 5614/5614/5614 5615/5615/5615 5616/5616/5616
f 5617/5617/5617 5618/5618/5618 5619/5619/5619
f 5620/5620/5620 5621/5621/5621 5622/5622/5622
f 5623/5623/5623 5624/5624/5624 5625/5625/5625
f 5626/5626/5626 5627/5627/5627 5628/5628/5628
f 5629/5629/5629 5630/5630/5630 5631/5631/5631
f 5632/5632/5632 5633/5633/5633 5634/5634/5634
f 5635/5635/5635 5636/5636/5636 5637/5637/5637
f 5638/5638/5638 5639/5639/5639 5640/5640/5640
f 5641/5641/5641 5642/5642/5642 5643/5643/5643
f 5644/5644/5644 5645/5645/5645 5646/5646/5646
f 5647/5647/5647 5648/5648/5648 5649/5649/5649
f 5650/5650/5650 5651/5651/5651 5652/5652/5652
f 5653/5653/5653 5654/5654/5654 5655/5655/5655
f 5656/5656/5656 5657/5657/5657 5658/5658/5658
f 5659/5659/5659 5660/5660/5660 5661/5661/5661
f 5662/5662/5662 5663/5663/5663 5664/5664/5664
f 5665/5665/5665 5666/5666/5666 5667/5667/5667
f 5668/5668/5668 5669/5669/5669 5670/5670/5670
f 5671/5671/5671 5672/5672/5672 5673/5673/5673
f 5674/5674/5674 5675/5675/5675 5676/5676/5676
f 5677/5677/5677 5678/5678/5678 5679/5679/5679
f 5680/5680/5680 5681/5681/5681 5682/5682/5682
f 5683/5683/5683 5684/5684/5684 5685/5685/5685
f 5686/5686/5686 5687/5687/5687 5688/5688/5688
f 5689/5689/5689 5690/5690/5690 5691/5691/5691
f 5692/5692/5692 5693/5693/5693 5694/5694/5694