o CaveRing1
g CaveRing1
v 2.833333 -1.500028 -7.500026
v 3.200038 -1.339391 -7.257608
v 3.200038 -1.627459 -7.257608
v -3.066196 -2.022035 -7.084076
v -3.239718 -1.959124 -6.710307
v -3.239718 -1.777541 -7.219236
v -2.473502 -2.012999 -7.023353
v -2.333333 -1.470098 -7.166667
v -2.236751 -1.756889 -6.798358
v -4.165493 -1.413858 -7.120944
v -4.299296 -1.690280 -6.799267
v -4.299296 -1.248315 -6.834346
v -2.333333 -1.470098 -7.166667
v -2.200000 -1.282059 -6.822832
v -2.236751 -1.756889 -6.798358
v -0.750000 -1.515117 -7.250000
v -0.800000 -1.558848 -6.800000
v -0.800000 -1.238128 -6.944701
v -0.333333 -1.523852 -7.166667
v -0.200000 -1.238128 -6.990324
v -0.200000 -1.630083 -6.800000
v 0.440030 -2.037974 -6.563889
v 0.264018 -1.776066 -6.265877
v 0.264018 -1.776066 -6.738333
v 1.077723 -2.060577 -6.643034
v 1.288861 -1.701902 -6.738184
v 1.500000 -1.500000 -6.500000
v 1.077723 -2.060577 -6.643034
v 1.500000 -1.500000 -6.500000
v 1.208851 -2.225718 -6.213248
v -5.077919 -1.549485 -6.553012
v -5.532261 -1.531491 -6.054385
v -5.262659 -1.261724 -6.241883
v 1.288861 -1.701902 -6.738184
v 1.357143 -1.311106 -6.755169
v 1.500000 -1.500000 -6.500000
v 1.700000 -1.577907 -6.700000
v 1.500000 -1.500000 -6.500000
v 1.357143 -1.311106 -6.755169
v -2.750000 -1.425498 -7.231219
v -2.704312 -0.952226 -6.260967
v -2.507187 -0.998771 -6.502711
v 0.996195 -2.501195 -6.008427
v 0.890788 -2.051953 -5.417827
v 0.789554 -2.215943 -6.225777
v 0.789554 -2.215943 -6.225777
v 0.784220 -1.700000 -5.700000
v 0.500000 -1.500000 -6.000000
v 0.789554 -2.215943 -6.225777
v 0.890788 -2.051953 -5.417827
v 0.784220 -1.700000 -5.700000
v 3.800000 -1.653744 -6.700000
v 3.800000 -1.333878 -6.700000
v 3.768367 -1.333333 -5.679900
v -5.262659 -1.261724 -6.241883
v -5.586831 -1.258606 -5.749248
v -5.268440 -0.906222 -5.749248
v 3.800000 -1.333878 -6.700000
v 3.722040 -0.934956 -5.715880
v 3.768367 -1.333333 -5.679900
v 0.890788 -2.051953 -5.417827
v 0.810338 -1.680376 -5.321926
v 0.784220 -1.700000 -5.700000
v 1.791373 -2.089197 -5.718100
v 2.574493 -2.019782 -5.952230
v 1.791373 -1.935133 -5.220516
v -5.532261 -1.531491 -6.054385
v -5.500000 -1.500000 -5.000000
v -5.586831 -1.258606 -5.749248
v -5.250000 -1.672756 -5.750000
v -5.250000 -1.562693 -4.250000
v -5.500000 -1.500000 -5.000000
v 4.666667 -1.570147 -5.166667
v 4.703762 -1.250000 -5.191546
v 4.756183 -1.703878 -4.767253
v 2.473044 -2.013739 -4.515827
v 2.364891 -1.749394 -4.362613
v 2.345590 -1.711900 -4.649640
v 4.512365 -2.013072 -4.534506
v 4.756183 -1.703878 -4.767253
v 5.000000 -1.500000 -4.000000
v 4.512365 -2.013072 -4.534506
v 5.000000 -1.500000 -4.000000
v 4.554335 -2.046103 -3.924616
v -5.250000 -1.562693 -4.250000
v -5.500000 -1.500000 -4.000000
v -5.500000 -1.500000 -5.000000
v 0.000000 -1.500000 -4.500000
v 0.333333 -1.506020 -3.993537
v 0.000000 -1.300000 -4.200000
v 2.345590 -1.711900 -4.649640
v 2.500000 -1.500000 -5.000000
v 2.500000 -1.500000 -4.500000
v 2.345590 -1.711900 -4.649640
v 2.500000 -1.500000 -4.500000
v 2.364891 -1.749394 -4.362613
v 2.700000 -1.700000 -4.637481
v 2.364891 -1.749394 -4.362613
v 2.500000 -1.500000 -4.500000
v 5.166667 -1.504276 -4.666667
v 5.221757 -1.250000 -4.729595
v 5.314505 -1.333333 -4.191380
v -5.586831 -1.258606 -5.749248
v -5.788475 -1.300000 -3.979089
v -5.536054 -0.972035 -5.582081
v 5.221757 -1.250000 -4.729595
v 5.258574 -0.795042 -4.221859
v 5.314505 -1.333333 -4.191380
v 2.348794 -0.071906 -4.449936
v 1.250000 0.073706 -4.578726
v 2.249212 0.247226 -4.253371
v -2.412262 -2.046781 -4.060541
v -2.206131 -1.719123 -4.280270
v -2.059312 -1.735381 -3.700000
v -2.412262 -2.046781 -4.060541
v -2.059312 -1.735381 -3.700000
v -2.324139 -2.102215 -3.750000
v 2.787723 -2.060660 -4.280180
v 2.787723 -1.941551 -3.779100
v 2.364891 -1.749394 -4.362613
v 2.787723 -2.060660 -4.280180
v 3.250000 -1.960102 -3.663996
v 2.787723 -1.941551 -3.779100
v -5.250000 -1.562693 -4.250000
v -5.250000 -1.838818 -3.250000
v -5.500000 -1.500000 -4.000000
v -5.788475 -1.300000 -3.979089
v -5.788475 -0.816356 -3.779089
v -5.536054 -0.972035 -5.582081
v 0.000000 -1.300000 -4.200000
v 0.250000 -0.750000 -3.996693
v -0.333333 -1.166667 -3.997796
v 0.000000 -1.300000 -4.200000
v 0.333333 -1.506020 -3.993537
v 0.250000 -0.750000 -3.996693
v 0.250000 -0.750000 -3.996693
v 0.000000 -0.250000 -4.000000
v -0.333333 -1.166667 -3.997796
v 5.258574 -0.795042 -4.221859
v 5.054806 -0.444209 -4.060958
v 4.985715 -0.522679 -3.531668
v 0.000000 -0.250000 -4.000000
v 0.166667 0.320334 -4.220771
v -0.333333 0.166667 -3.997796
v 0.000000 -0.250000 -4.000000
v -0.333333 0.166667 -3.997796
v -0.333333 -1.166667 -3.997796
v 0.000000 -0.250000 -4.000000
v 0.333333 0.519164 -3.983435
v 0.166667 0.320334 -4.220771
v 2.249212 0.247226 -4.253371
v 2.149629 0.563065 -4.056806
v 2.241481 0.494361 -3.672317
v -2.324139 -2.102215 -3.750000
v -2.059312 -1.735381 -3.700000
v -2.353257 -2.089506 -3.382400
v -6.300000 -1.615987 -3.300000
v -6.437332 -1.235456 -3.300000
v -6.185621 -1.250000 -3.723861
v -2.059312 -1.735381 -3.700000
v -2.000000 -1.500000 -3.500000
v -2.353257 -2.089506 -3.382400
v 1.722626 -1.787305 -3.723050
v 1.871043 -1.665334 -3.395859
v 1.582601 -1.250000 -3.569667
v 4.554335 -2.046103 -3.924616
v 5.000000 -1.500000 -4.000000
v 4.800000 -1.500000 -3.200000
v -6.185621 -1.250000 -3.723861
v -6.437332 -1.235456 -3.300000
v -5.788475 -0.816356 -3.779089
v -1.747384 -1.333333 -3.731610
v -1.994768 0.166667 -3.497410
v -2.000000 -1.500000 -3.500000
v -3.747698 -0.084132 -3.729945
v -3.747698 0.131065 -3.253445
v -2.800000 0.196287 -3.800000
v -3.681973 -2.090004 -3.250000
v -3.604832 -2.067675 -2.945570
v -3.719083 -1.740073 -2.722785
v 2.740468 -1.807020 -3.214621
v 2.959799 -2.032515 -2.938122
v 2.523679 -1.250000 -3.029632
v -6.437332 -1.235456 -3.300000
v -6.593639 -0.960637 -2.630281
v -5.788475 -0.816356 -3.779089
v -3.200000 -1.700000 -2.839556
v -2.563024 -0.250000 -3.111554
v -3.058380 -0.750000 -2.572353
v 6.004559 -1.166667 -3.508080
v 6.004559 -0.998127 -3.508080
v 6.226860 -0.974983 -2.704312
v 6.004559 -1.166667 -3.508080
v 6.226860 -0.974983 -2.704312
v 6.226860 -1.300000 -2.704312
v 2.535950 0.250000 -3.143457
v 2.523679 -1.250000 -3.029632
v 3.035463 -0.250000 -2.518526
v 2.535950 0.250000 -3.143457
v 3.035463 -0.250000 -2.518526
v 2.866862 0.603586 -2.866862
v 2.535950 0.250000 -3.143457
v 2.866862 0.603586 -2.866862
v 2.720117 0.598157 -3.298120
v 3.511396 -2.015362 -2.457673
v 3.501110 -2.000846 -3.005019
v 3.800000 -1.500000 -2.200000
v -7.261173 -1.676612 -2.726370
v -7.214970 -1.206670 -1.783424
v -7.022345 -1.519891 -3.166667
v -7.261173 -1.676612 -2.726370
v -7.497277 -1.700000 -2.219358
v -7.214970 -1.206670 -1.783424
v 2.959799 -2.032515 -2.938122
v 3.511396 -2.015362 -2.457673
v 3.353189 -1.300000 -2.200000
v -3.183903 -1.333333 -2.692285
v -3.058380 -0.750000 -2.572353
v -3.497410 -1.166667 -1.994768
v 5.245934 -0.670583 -3.274929
v 4.985715 -0.522679 -3.531668
v 5.513900 -0.494419 -2.069268
v -3.058380 -0.750000 -2.572353
v -3.227588 0.318915 -2.721337
v -3.439681 0.551522 -1.910331
v -3.423469 0.523126 -2.570541
v -4.291432 0.179116 -2.270730
v -3.666667 0.551522 -1.910331
v -3.227588 0.318915 -2.721337
v -3.423469 0.523126 -2.570541
v -3.439681 0.551522 -1.910331
v -7.523966 -2.010762 -2.517494
v -7.300000 -1.681374 -1.300000
v -7.497277 -1.700000 -2.219358
v -7.523966 -2.010762 -2.517494
v -6.688252 -2.114802 -1.250000
v -7.300000 -1.681374 -1.300000
v -7.497277 -1.700000 -2.219358
v -7.300000 -1.681374 -1.300000
v -7.214970 -1.206670 -1.783424
v 3.353189 -1.300000 -2.200000
v 3.694830 -0.750000 -1.682452
v 3.035463 -0.250000 -2.518526
v -3.058380 -0.750000 -2.572353
v -3.439681 0.551522 -1.910331
v -3.497410 -1.166667 -1.994768
v 3.035463 -0.250000 -2.518526
v 3.777932 0.300000 -1.796861
v 3.215299 0.300000 -2.528760
v -4.291432 0.179116 -2.270730
v -3.777754 0.333333 -1.741243
v -3.666667 0.551522 -1.910331
v -5.662772 -1.891609 -1.750000
v -5.527104 -1.716438 -1.199985
v -5.732525 -2.114768 -1.239982
v -7.300000 -1.681374 -1.300000
v -7.354122 -1.281246 -1.300000
v -7.214970 -1.206670 -1.783424
v -5.000000 -1.500000 -2.000000
v -5.500000 -1.500000 -1.000000
v -5.527104 -1.716438 -1.199985
v -7.214970 -1.206670 -1.783424
v -7.354122 -1.281246 -1.300000
v -6.993043 -1.011116 -1.972373
v -3.777932 -1.300000 -1.796861
v -3.608874 -0.250000 -1.655323
v -3.738864 -0.250000 -1.250000
v -3.777932 -1.300000 -1.796861
v -3.738864 -0.250000 -1.250000
v -3.964412 -1.250000 -1.250000
v 3.777932 -1.300000 -1.796861
v 3.964412 -1.250000 -1.250000
v 3.694830 -0.750000 -1.682452
v 6.517603 -1.250000 -2.250000
v 6.502711 -0.998771 -2.507187
v 6.730444 -1.250000 -0.250000
v -3.608874 -0.250000 -1.655323
v -3.777754 0.333333 -1.741243
v -3.885101 0.300000 -0.800000
v -3.608874 -0.250000 -1.655323
v -3.885101 0.300000 -0.800000
v -3.738864 -0.250000 -1.250000
v 3.694830 -0.750000 -1.682452
v 3.993370 0.509548 -1.166667
v 3.777932 0.300000 -1.796861
v 3.694830 -0.750000 -1.682452
v 3.964412 -1.250000 -1.250000
v 3.993370 0.509548 -1.166667
v -5.463998 -2.016707 -0.877412
v -5.527104 -1.716438 -1.199985
v -5.463998 -1.833333 -0.877412
v -7.612902 -1.534546 -1.166667
v -7.652719 -1.542459 -0.333333
v -7.699216 -1.391163 -0.750000
v -5.527104 -1.716438 -1.199985
v -5.500000 -1.500000 -1.000000
v -5.463998 -1.833333 -0.877412
v -7.354122 -1.281246 -1.300000
v -7.290177 -0.834160 -0.271731
v -6.993043 -1.011116 -1.972373
v -7.354122 -1.281246 -1.300000
v -7.699216 -1.391163 -0.750000
v -7.290177 -0.834160 -0.271731
v 3.964412 -1.250000 -1.250000
v 3.997796 -1.166667 -0.333333
v 4.000000 -0.750000 0.000000
v 6.730444 -1.250000 -0.250000
v 6.502711 -0.998771 -2.507187
v 6.730444 -0.915297 -0.250000
v 3.964412 -1.250000 -1.250000
v 3.892603 0.705729 -0.759935
v 3.993370 0.509548 -1.166667
v 3.964412 -1.250000 -1.250000
v 4.000000 -0.750000 0.000000
v 3.892603 0.705729 -0.759935
v 4.211959 0.358965 -1.300000
v 3.993370 0.509548 -1.166667
v 4.228538 0.717701 -0.776314
v 4.211959 0.358965 -1.300000
v 4.228538 0.717701 -0.776314
v 4.657759 0.241554 -0.771642
v -6.688252 -2.114802 -1.250000
v -6.495894 -1.999095 -0.003694
v -7.300000 -1.681374 -1.300000
v -5.708091 -2.127834 -0.726447
v -5.463998 -1.833333 -0.877412
v -5.500000 -1.500000 0.250000
v -7.652719 -1.542459 -0.333333
v -7.592016 -1.276404 -0.226443
v -7.699216 -1.391163 -0.750000
v -5.463998 -1.833333 -0.877412
v -5.500000 -1.500000 -1.000000
v -5.500000 -1.500000 0.250000
v -7.699216 -1.391163 -0.750000
v -7.592016 -1.276404 -0.226443
v -7.290177 -0.834160 -0.271731
v -3.964412 -1.250000 -1.250000
v -3.824950 -0.750000 -0.250000
v -3.949759 -1.300000 0.700000
v -3.964412 -1.250000 -1.250000
v -3.738864 -0.250000 -1.250000
v -3.824950 -0.750000 -0.250000
v -4.894527 -0.045142 -1.250000
v -4.992931 -0.003923 0.250000
v -4.477530 0.493304 -0.250000
v 4.000000 -0.750000 0.000000
v 3.774638 0.250000 0.250000
v 3.892603 0.705729 -0.759935
v 4.828726 -0.117495 -1.250000
v 4.657759 0.241554 -0.771642
v 4.973892 -0.014172 -0.250000
v -4.282024 0.462374 -0.800000
v -4.477530 0.493304 -0.250000
v -3.964355 0.560438 -0.666667
v -3.885101 0.300000 -0.800000
v -3.964355 0.560438 -0.666667
v -3.907492 0.762027 0.750063
v -3.885101 0.300000 -0.800000
v -3.907492 0.762027 0.750063
v -3.738864 -0.250000 -1.250000
v 3.892603 0.705729 -0.759935
v 3.774638 0.250000 0.250000
v 3.743301 0.750000 -0.250000
v 4.657759 0.241554 -0.771642
v 4.557613 0.592521 -0.619404
v 4.973892 -0.014172 -0.250000
v 3.892603 0.705729 -0.759935
v 3.743301 0.750000 -0.250000
v 3.926429 1.094319 -0.599891
v 4.228538 0.717701 -0.776314
v 3.926429 1.094319 -0.599891
v 4.157404 1.138799 -0.250000
v -6.250000 -2.225912 -0.750000
v -6.214954 -1.891010 0.789610
v -6.495894 -1.999095 -0.003694
v -6.250000 -2.225912 -0.750000
v -5.980198 -2.010263 0.649350
v -6.214954 -1.891010 0.789610
v -5.708091 -2.127834 -0.726447
v -5.500000 -1.500000 0.250000
v -5.788119 -1.797701 0.789610
v -5.708091 -2.127834 -0.726447
v -5.788119 -1.797701 0.789610
v -5.980198 -2.010263 0.649350
v -7.300000 -1.634831 -0.200000
v -7.500000 -1.500000 0.250000
v -7.592016 -1.276404 -0.226443
v -7.592016 -1.276404 -0.226443
v -7.505242 -0.993889 0.519666
v -7.290177 -0.834160 -0.271731
v 3.997796 -1.166667 -0.333333
v 3.997796 -1.166667 0.333333
v 4.000000 -0.750000 0.000000
v 6.730444 -1.250000 -0.250000
v 6.730444 -0.915297 -0.250000
v 6.768402 -0.784690 0.223669
v 6.730444 -1.250000 -0.250000
v 6.768402 -0.784690 0.223669
v 7.011357 -1.166667 0.333333
v -3.824950 -0.750000 -0.250000
v -3.738864 -0.250000 -1.250000
v -3.907492 0.762027 0.750063
v -3.824950 -0.750000 -0.250000
v -3.907492 0.762027 0.750063
v -3.980688 -0.250000 0.750000
v 4.973892 -0.014172 -0.250000
v 4.297283 0.795041 0.318537
v 4.989556 -0.007470 0.546439
v 3.774638 0.250000 0.250000
v 3.853467 0.792027 0.290769
v 3.743301 0.750000 -0.250000
v 4.973892 -0.014172 -0.250000
v 4.557613 0.592521 -0.619404
v 4.297283 0.795041 0.318537
v 3.743301 0.750000 -0.250000
v 3.935151 1.090747 0.151282
v 3.926429 1.094319 -0.599891
v 3.743301 0.750000 -0.250000
v 3.853467 0.792027 0.290769
v 3.935151 1.090747 0.151282
v 4.157404 1.138799 -0.250000
v 3.935151 1.090747 0.151282
v 4.297283 0.795041 0.318537
v -7.500000 -1.500000 0.250000
v -7.000000 -1.500000 1.000000
v -7.262871 -1.333333 0.759833
v 3.997796 -1.166667 0.333333
v 3.964412 0.250000 1.250000
v 4.000000 -0.750000 0.000000
v -3.824950 -0.750000 -0.250000
v -3.980688 -0.250000 0.750000
v -3.949759 -1.300000 0.700000
v -3.980688 -0.250000 0.750000
v -3.907492 0.762027 0.750063
v -3.935265 0.300000 1.300000
v 4.000000 -0.750000 0.000000
v 3.913784 0.300000 0.800000
v 3.774638 0.250000 0.250000
v 3.774638 0.250000 0.250000
v 3.925679 0.653379 0.666667
v 3.853467 0.792027 0.290769
v 3.774638 0.250000 0.250000
v 3.913784 0.300000 0.800000
v 3.925679 0.653379 0.666667
v 4.297283 0.795041 0.318537
v 3.925679 0.653379 0.666667
v 4.293103 0.458660 0.800000
v -7.000000 -1.500000 1.000000
v -6.800000 -1.619743 1.200000
v -6.992077 -1.276350 1.202641
v -7.262871 -1.333333 0.759833
v -6.992077 -1.276350 1.202641
v -7.215445 -0.913500 0.711800
v -3.949759 -1.300000 0.700000
v -3.935265 0.300000 1.300000
v -3.973309 -1.534038 0.833333
v 3.997796 -1.166667 0.333333
v 3.964412 -1.250000 1.250000
v 3.964412 0.250000 1.250000
v 7.011357 -1.166667 0.333333
v 7.011357 -0.989607 0.333333
v 7.110030 -0.895104 1.250000
v 7.011357 -1.166667 0.333333
v 7.110030 -0.895104 1.250000
v 7.188024 -1.300000 1.200000
v -3.949759 -1.300000 0.700000
v -3.980688 -0.250000 0.750000
v -3.935265 0.300000 1.300000
v -4.992931 -0.003923 0.250000
v -4.746650 0.040513 1.738335
v -4.265105 0.380323 1.300000
v 4.000000 -0.750000 0.000000
v 3.964412 0.250000 1.250000
v 3.913784 0.300000 0.800000
v -3.935265 0.300000 1.300000
v -3.907492 0.762027 0.750063
v -3.957137 1.041094 1.108475
v -4.176352 0.762027 0.750063
v -3.957137 1.041094 1.108475
v -3.957137 1.041094 0.916772
v -4.176352 0.762027 0.750063
v -4.265105 0.380323 1.300000
v -3.957137 1.041094 1.108475
v -3.907492 0.762027 0.750063
v -3.957137 1.041094 0.916772
v -3.957137 1.041094 1.108475
v -7.166667 -1.537264 1.333333
v -7.300000 -1.338875 1.700000
v -6.992077 -1.276350 1.202641
v -7.166667 -1.537264 1.333333
v -7.305159 -1.739254 1.742534
v -7.300000 -1.338875 1.700000
v -5.788119 -1.797701 0.789610
v -5.500000 -1.500000 0.250000
v -5.500000 -1.500000 1.750000
v -5.788119 -1.797701 0.789610
v -5.500000 -1.500000 1.750000
v -5.700000 -1.500000 2.300000
v -3.910460 -1.720423 1.297157
v -3.973309 -1.534038 0.833333
v -3.433082 -1.250000 1.909865
v 4.833333 -1.530334 0.833333
v 4.991202 -2.004613 1.986790
v 4.500000 -1.500000 2.000000
v 7.188024 -1.300000 1.200000
v 7.319876 -1.250000 1.750000
v 7.250000 -1.543209 1.750000
v -6.992077 -1.276350 1.202641
v -6.982591 -1.052037 1.750000
v -6.790492 -0.889774 1.243169
v -3.973309 -1.534038 0.833333
v -3.935265 0.300000 1.300000
v -3.496115 -0.750000 1.992153
v -3.973309 -1.534038 0.833333
v -3.496115 -0.750000 1.992153
v -3.433082 -1.250000 1.909865
v 3.964412 -1.250000 1.250000
v 3.777932 -1.300000 1.796861
v 3.497410 -1.166667 1.994768
v 7.188024 -1.300000 1.200000
v 7.110030 -0.895104 1.250000
v 7.019979 -0.988061 2.032304
v 7.188024 -1.300000 1.200000
v 7.019979 -0.988061 2.032304
v 7.319876 -1.250000 1.750000
v -3.935265 0.300000 1.300000
v -3.814943 0.333333 1.820365
v -3.496115 -0.750000 1.992153
v 3.964412 -1.250000 1.250000
v 3.497410 -1.166667 1.994768
v 3.964412 0.250000 1.250000
v 3.964412 0.250000 1.250000
v 3.497410 -1.166667 1.994768
v 3.777932 0.300000 1.657172
v -7.227010 -2.183401 2.300727
v -7.305159 -1.739254 1.742534
v -7.055159 -1.720622 2.309742
v -8.029770 -2.032624 1.975012
v -7.511271 -1.496659 2.562306
v -7.300000 -1.338875 1.700000
v -8.029770 -2.032624 1.975012
v -7.718039 -1.783413 2.244648
v -7.511271 -1.496659 2.562306
v 7.250000 -1.543209 1.750000
v 7.319876 -1.250000 1.750000
v 7.166667 -1.526835 2.666667
v -6.982591 -1.052037 1.750000
v -6.747673 -1.258341 2.333333
v -6.502711 -0.998771 2.507187
v 7.319876 -1.250000 1.750000
v 7.019979 -0.988061 2.032304
v 7.166667 -1.526835 2.666667
v 3.497410 -1.166667 1.994768
v 3.288504 0.250000 2.250000
v 3.452839 0.750000 1.920138
v -3.814943 0.333333 1.820365
v -3.562035 0.552121 2.642282
v -3.666667 0.564320 1.979295
v 3.452839 0.750000 1.920138
v 3.288504 0.250000 2.250000
v 3.477571 1.024491 1.959665
v 3.477571 1.024491 1.959665
v 3.579216 1.033212 2.619867
v 4.002095 0.504996 2.003256
v -7.010367 -2.505401 2.481969
v -7.220118 -2.226414 2.680115
v -7.227010 -2.183401 2.300727
v -8.228720 -1.981363 2.272932
v -8.427671 -1.990371 2.522008
v -8.372972 -2.530225 2.536676
v -7.707421 -2.039656 2.244648
v -7.511271 -1.496659 2.562306
v -7.718039 -1.783413 2.244648
v -6.466244 -2.561199 2.441192
v -6.354821 -1.718188 2.350085
v -6.349022 -1.700000 2.700000
v -3.751275 -2.059713 2.225643
v -3.654594 -1.938390 2.750000
v -4.010892 -2.006156 3.015083
v 4.991202 -2.004613 1.986790
v 3.997442 -2.001467 3.495854
v 4.500000 -1.500000 2.000000
v -7.055159 -1.720622 2.309742
v -7.200000 -1.405250 2.300000
v -7.241405 -1.472939 2.697820
v -3.482710 -2.012108 1.971762
v -3.433082 -1.250000 1.909865
v -3.107628 -1.250000 2.660543
v -3.482710 -2.012108 1.971762
v -3.107628 -1.250000 2.660543
v -3.224935 -1.691923 2.762275
v -6.747673 -1.258341 2.333333
v -6.644019 -1.299254 2.645937
v -6.502711 -0.998771 2.507187
v -3.433082 -1.250000 1.909865
v -3.496115 -0.750000 1.992153
v -3.107628 -1.250000 2.660543
v 3.188634 -1.333333 2.703527
v 3.075943 -0.750000 2.616330
v 3.497410 -1.166667 1.994768
v 7.166667 -1.526835 2.666667
v 7.019979 -0.988061 2.032304
v 6.269413 -1.285631 3.779575
v 7.166667 -1.526835 2.666667
v 6.269413 -1.285631 3.779575
v 6.792181 -1.259696 2.809361
v -3.496115 -0.750000 1.992153
v -2.900679 -0.250000 2.900679
v -3.107628 -1.250000 2.660543
v -3.496115 -0.750000 1.992153
v -3.272859 0.542707 2.773797
v -2.900679 -0.250000 2.900679
v 3.497410 -1.166667 1.994768
v 3.075943 -0.750000 2.616330
v 3.288504 0.250000 2.250000
v -3.496115 -0.750000 1.992153
v -3.489229 0.564320 1.979295
v -3.272859 0.542707 2.773797
v 3.288504 0.250000 2.250000
v 3.223319 0.794679 2.739380
v 3.477571 1.024491 1.959665
v 4.002095 0.504996 2.003256
v 3.579216 1.033212 2.619867
v 4.017531 0.012811 3.076161
v -7.010367 -2.505401 2.481969
v -6.449221 -2.549177 3.059490
v -6.759203 -2.331190 3.235694
v -7.220118 -2.226414 2.680115
v -7.289958 -1.750000 3.250000
v -7.241405 -1.472939 2.697820
v -7.220118 -2.226414 2.680115
v -7.036179 -2.027686 3.591346
v -7.289958 -1.750000 3.250000
v -6.466244 -2.561199 2.441192
v -6.349022 -1.700000 2.700000
v -6.143497 -1.334172 3.250000
v -6.466244 -2.561199 2.441192
v -6.143497 -1.334172 3.250000
v -6.449221 -2.549177 3.059490
v -7.241405 -1.472939 2.697820
v -7.289958 -1.750000 3.250000
v -7.190423 -1.422606 3.250000
v -6.349022 -1.700000 2.700000
v -6.266788 -1.343390 2.752695
v -6.143497 -1.334172 3.250000
v -4.506396 -2.003260 2.506396
v -5.000000 -1.500000 3.250000
v -5.000000 -1.500000 2.500000
v 3.333333 -1.540218 2.833333
v 3.000000 -1.500000 3.000000
v 3.188634 -1.333333 2.703527
v -6.266788 -1.343390 2.752695
v -6.004559 -0.998127 3.508080
v -6.502711 -0.998771 2.507187
v -6.266788 -1.343390 2.752695
v -6.143497 -1.334172 3.250000
v -6.004559 -0.998127 3.508080
v 3.188634 -1.333333 2.703527
v 3.000000 -1.500000 3.000000
v 2.792461 0.250000 2.792461
v -5.844113 -0.627030 2.250000
v -4.774925 -0.376116 3.273956
v -5.222347 -0.160107 2.239918
v -4.218982 -0.134551 3.222276
v -3.703285 0.109157 3.222276
v -4.379482 -0.019280 2.348794
v -2.900679 -0.250000 2.900679
v -2.905312 0.533292 2.905312
v -2.784489 0.557507 3.262491
v -2.900679 -0.250000 2.900679
v -2.784489 0.557507 3.262491
v -2.650679 -0.250000 3.095499
v 2.792461 0.250000 2.792461
v 2.715336 0.635827 3.230235
v 3.223319 0.794679 2.739380
v 2.792461 0.250000 2.792461
v 2.200000 0.300000 3.292840
v 2.715336 0.635827 3.230235
v 4.017531 0.012811 3.076161
v 3.579216 1.033212 2.619867
v 3.567755 0.637286 3.127406
v -7.036179 -2.027686 3.591346
v -7.006490 -1.496881 4.009875
v -7.289958 -1.750000 3.250000
v -6.449221 -2.549177 3.059490
v -6.143497 -1.334172 3.250000
v -6.447783 -2.074606 3.616440
v 6.124024 -2.055123 3.250000
v 6.285725 -1.747218 3.807006
v 5.770669 -2.093563 3.768407
v -7.289958 -1.750000 3.250000
v -7.006490 -1.496881 4.009875
v -7.190423 -1.422606 3.250000
v -6.143497 -1.334172 3.250000
v -6.168946 -1.321042 3.587373
v -6.447783 -2.074606 3.616440
v 6.800000 -1.654818 2.800000
v 6.792181 -1.259696 2.809361
v 6.666667 -1.469963 3.666667
v -6.143497 -1.334172 3.250000
v -6.168946 -1.321042 3.587373
v -6.004559 -0.998127 3.508080
v 1.994768 -1.166667 3.497410
v 1.250000 -0.250000 3.852653
v 1.867210 -0.250000 3.408233
v 1.867210 -0.250000 3.408233
v 1.733636 0.300000 3.762298
v 2.200000 0.300000 3.292840
v 1.867210 -0.250000 3.408233
v 1.250000 -0.250000 3.852653
v 1.733636 0.300000 3.762298
v -2.784489 0.557507 3.262491
v -2.915127 0.296162 3.800000
v -2.528211 0.524298 4.018812
v -1.820643 0.250000 3.361650
v -1.884236 0.620114 3.412411
v -1.730542 0.641564 3.762025
v -1.820643 0.250000 3.361650
v -1.730542 0.641564 3.762025
v -1.250000 0.250000 3.827045
v 6.285725 -1.747218 3.807006
v 6.269413 -1.285631 3.779575
v 6.166667 -1.434633 4.166667
v -5.715880 -1.300000 3.704848
v -5.526467 -0.992098 4.045436
v -5.715880 -0.978509 3.704848
v 0.750000 -1.500000 4.000000
v -0.333333 -1.166667 3.997796
v 0.333333 0.166667 3.997796
v 0.333333 0.166667 3.997796
v -0.333333 -1.166667 3.997796
v -0.250000 -0.250000 3.996693
v -3.250000 -0.045160 3.878864
v -2.528211 0.524298 4.018812
v -2.915127 0.296162 3.800000
v -0.250000 -0.250000 3.996693
v -0.700000 0.300000 3.973446
v -0.200000 0.277330 4.200000
v 0.333333 0.166667 3.997796
v -0.250000 -0.250000 3.996693
v 0.200000 0.277330 4.200000
v -5.000000 -1.500000 4.000000
v -5.278928 -1.238189 4.784859
v -5.315774 -1.333333 4.189385
v -5.000000 -1.500000 4.000000
v -5.166667 -1.531172 5.166667
v -5.278928 -1.238189 4.784859
v 0.750000 -1.500000 4.000000
v -0.500000 -1.500000 4.500000
v -0.250000 -1.333333 4.166667
v 5.808891 -1.758470 4.289281
v 5.800859 -1.248978 4.316023
v 5.666667 -1.572466 4.666667
v -5.315774 -1.333333 4.189385
v -5.131547 -0.940998 4.641432
v -5.526467 -0.992098 4.045436
v -5.315774 -1.333333 4.189385
v -5.278928 -1.238189 4.784859
v -5.131547 -0.940998 4.641432
v 5.800859 -1.248978 4.316023
v 6.038826 -0.981780 3.559151
v 5.031851 -0.979629 5.060206
v 5.800859 -1.248978 4.316023
v 5.031851 -0.979629 5.060206
v 5.252636 -1.281661 4.833333
v 3.574240 0.026572 4.038402
v 2.250000 0.249997 4.250000
v 2.250000 0.031637 4.536671
v -1.401718 -2.032614 4.942038
v -0.769941 -1.875078 5.287947
v -0.949902 -2.003779 5.507927
v -0.071628 -2.027269 4.951294
v -0.769941 -1.875078 5.287947
v -0.500000 -1.500000 4.500000
v 4.800000 -1.681496 4.800000
v 4.959262 -1.300000 5.236124
v 4.750000 -1.532799 5.250000
v -5.278928 -1.238189 4.784859
v -4.527318 -0.988122 5.524191
v -5.131547 -0.940998 4.641432
v -5.278928 -1.238189 4.784859
v -4.757145 -1.281824 5.333333
v -4.527318 -0.988122 5.524191
v -4.516484 -0.487983 4.517969
v -3.409900 -0.508328 5.467702
v -3.790504 -0.411765 4.793129
v -0.071628 -2.027269 4.951294
v -0.014189 -2.002899 6.008299
v -0.769941 -1.875078 5.287947
v 4.750000 -1.532799 5.250000
v 4.959262 -1.300000 5.236124
v 4.799385 -1.278485 5.711301
v 4.750000 -1.532799 5.250000
v 4.799385 -1.278485 5.711301
v 5.076826 -1.532088 5.833333
v 4.959262 -1.300000 5.236124
v 5.031851 -0.979629 5.060206
v 4.799385 -1.278485 5.711301
v -3.800000 -1.653088 5.800000
v -3.727083 -1.250000 6.192728
v -4.300000 -1.300000 5.703896
v -4.300000 -1.300000 5.703896
v -3.727083 -1.250000 6.192728
v -3.636111 -0.940679 6.090304
v -2.800000 -1.567189 6.800000
v -2.666667 -1.513437 7.166667
v -2.800000 -1.280043 6.887321
v -2.200000 -1.597889 6.800000
v -2.202070 -1.316702 7.097089
v -2.666667 -1.513437 7.166667
v 1.200000 -1.618909 6.800000
v 1.333333 -1.531631 7.662823
v 1.200000 -1.253963 6.926772
v -1.712520 -1.333333 6.814781
v -1.755024 -0.894079 6.777737
v -2.070807 -0.984647 7.027511
v -1.712520 -1.333333 6.814781
v -2.070807 -0.984647 7.027511
v -2.202070 -1.316702 7.097089
v -1.166667 -1.506381 -7.540379
v -0.833333 -1.506381 -7.540379
v -0.750000 -1.515117 -7.250000
v -1.166667 -1.506381 -7.540379
v -0.750000 -1.515117 -7.250000
v -1.166667 -1.506381 -7.333333
v 2.833333 -1.500028 -7.500026
v 3.200038 -1.627459 -7.257608
v 2.700000 -1.612333 -7.300000
v -1.166667 -1.506381 -7.540379
v -0.750000 -1.515117 -7.250000
v -0.833333 -1.506381 -7.540379
v -1.166667 -1.506381 -7.540379
v -1.166667 -1.506381 -7.333333
v -0.750000 -1.515117 -7.250000
v -3.066196 -2.022035 -7.084076
v -2.473502 -2.012999 -7.023353
v -2.750000 -2.026275 -6.835420
v -3.066196 -2.022035 -7.084076
v -2.750000 -2.026275 -6.835420
v -3.239718 -1.959124 -6.710307
v -4.165493 -1.413858 -7.120944
v -3.239718 -1.777541 -7.219236
v -3.239718 -1.959124 -6.710307
v -4.165493 -1.413858 -7.120944
v -3.239718 -1.959124 -6.710307
v -4.299296 -1.690280 -6.799267
v -0.750000 -1.515117 -7.250000
v -0.333333 -1.523852 -7.166667
v -0.200000 -1.630083 -6.800000
v -0.750000 -1.515117 -7.250000
v -0.200000 -1.630083 -6.800000
v -0.800000 -1.558848 -6.800000
v 0.833333 -1.507990 -7.166667
v 1.250000 -1.552853 -7.250000
v 1.288861 -1.701902 -6.738184
v 1.250000 -1.552853 -7.250000
v 1.700000 -1.577907 -6.700000
v 1.288861 -1.701902 -6.738184
v 1.250000 -1.552853 -7.250000
v 2.700000 -1.612333 -7.300000
v 2.750000 -1.876263 -6.750000
v 1.250000 -1.552853 -7.250000
v 2.750000 -1.876263 -6.750000
v 1.700000 -1.577907 -6.700000
v 2.700000 -1.612333 -7.300000
v 3.200038 -1.627459 -7.257608
v 3.250000 -1.855261 -6.750000
v 2.700000 -1.612333 -7.300000
v 3.250000 -1.855261 -6.750000
v 2.750000 -1.876263 -6.750000
v 3.200038 -1.627459 -7.257608
v 4.048422 -1.544514 -7.040478
v 3.800000 -1.653744 -6.700000
v 3.200038 -1.627459 -7.257608
v 3.800000 -1.653744 -6.700000
v 3.250000 -1.855261 -6.750000
v 4.048422 -1.544514 -7.040478
v 4.048422 -1.544514 -6.833333
v 3.800000 -1.653744 -6.700000
v -4.165493 -1.413858 -7.120944
v -4.299296 -1.248315 -6.834346
v -3.846903 -0.984953 -6.537569
v -4.165493 -1.413858 -7.120944
v -3.846903 -0.984953 -6.537569
v -2.750000 -1.425498 -7.231219
v -2.750000 -1.425498 -7.231219
v -2.200000 -1.282059 -6.822832
v -2.333333 -1.470098 -7.166667
v -0.750000 -1.515117 -7.250000
v -0.200000 -1.238128 -6.990324
v -0.333333 -1.523852 -7.166667
v -0.750000 -1.515117 -7.250000
v -0.800000 -1.238128 -6.944701
v -0.200000 -1.238128 -6.990324
v 0.833333 -1.507990 -7.166667
v 0.700000 -1.298326 -6.966298
v 1.357143 -1.311106 -6.755169
v 0.833333 -1.507990 -7.166667
v 1.357143 -1.311106 -6.755169
v 1.750000 -1.361632 -7.250000
v 1.750000 -1.361632 -7.250000
v 2.250000 -0.886782 -6.645310
v 2.833333 -1.500028 -7.500026
v 2.833333 -1.500028 -7.500026
v 3.235184 -1.070924 -6.756830
v 3.200038 -1.339391 -7.257608
v 2.833333 -1.500028 -7.500026
v 2.250000 -0.886782 -6.645310
v 3.235184 -1.070924 -6.756830
v 3.200038 -1.339391 -7.257608
v 3.800000 -1.333878 -6.700000
v 4.048422 -1.544514 -7.040478
v 3.200038 -1.339391 -7.257608
v 3.235184 -1.070924 -6.756830
v 3.800000 -1.333878 -6.700000
v 4.048422 -1.544514 -7.040478
v 3.800000 -1.333878 -6.700000
v 4.048422 -1.544514 -6.833333
v 0.440030 -2.037974 -6.563889
v 1.077723 -2.060577 -6.643034
v 0.789554 -2.215943 -6.225777
v 1.077723 -2.060577 -6.643034
v 1.208851 -2.225718 -6.213248
v 0.789554 -2.215943 -6.225777
v -5.077919 -1.549485 -6.553012
v -4.750000 -1.751766 -6.250000
v -5.532261 -1.531491 -6.054385
v -5.077919 -1.549485 -6.553012
v -4.299296 -1.690280 -6.799267
v -4.750000 -1.751766 -6.250000
v -4.299296 -1.690280 -6.799267
v -3.239718 -1.959124 -6.710307
v -3.250000 -1.922696 -6.250000
v -4.299296 -1.690280 -6.799267
v -3.250000 -1.922696 -6.250000
v -4.750000 -1.751766 -6.250000
v -3.239718 -1.959124 -6.710307
v -2.750000 -2.026275 -6.835420
v -3.250000 -1.922696 -6.250000
v -1.750000 -1.568893 -6.750000
v -0.800000 -1.558848 -6.800000
v -0.750000 -1.555671 -6.250000
v -0.800000 -1.558848 -6.800000
v -0.200000 -1.630083 -6.800000
v -0.750000 -1.555671 -6.250000
v -0.200000 -1.630083 -6.800000
v 0.264018 -1.776066 -6.738333
v 0.264018 -1.776066 -6.265877
v -0.200000 -1.630083 -6.800000
v 0.264018 -1.776066 -6.265877
v -0.750000 -1.555671 -6.250000
v 2.750000 -1.876263 -6.750000
v 2.744696 -1.960991 -6.285703
v 1.700000 -1.577907 -6.700000
v 2.750000 -1.876263 -6.750000
v 3.250000 -1.855261 -6.750000
v 2.744696 -1.960991 -6.285703
v 3.250000 -1.855261 -6.750000
v 3.800000 -1.653744 -6.700000
v 2.744696 -1.960991 -6.285703
v -5.077919 -1.549485 -6.553012
v -5.262659 -1.261724 -6.241883
v -4.725185 -1.255462 -6.643612
v -3.846903 -0.984953 -6.537569
v -2.704312 -0.952226 -6.260967
v -2.750000 -1.425498 -7.231219
v 3.235184 -1.070924 -6.756830
v 3.722040 -0.934956 -5.715880
v 3.800000 -1.333878 -6.700000
v -2.507187 -0.998771 -6.502711
v -2.704312 -0.952226 -6.260967
v -0.250000 -0.913599 -6.737905
v -0.250000 -0.913599 -6.737905
v 0.250000 -0.504861 -5.977639
v 0.750000 -0.932338 -6.707873
v 0.750000 -0.932338 -6.707873
v 2.402601 -0.513088 -5.443959
v 2.250000 -0.886782 -6.645310
v 2.250000 -0.886782 -6.645310
v 3.722040 -0.934956 -5.715880
v 3.235184 -1.070924 -6.756830
v 1.208851 -2.225718 -6.213248
v 1.750000 -2.061186 -6.125413
v 1.791373 -2.089197 -5.718100
v 1.208851 -2.225718 -6.213248
v 1.791373 -2.089197 -5.718100
v 0.996195 -2.501195 -6.008427
v 1.750000 -2.061186 -6.125413
v 2.574493 -2.019782 -5.952230
v 1.791373 -2.089197 -5.718100
v -5.532261 -1.531491 -6.054385
v -4.750000 -1.751766 -6.250000
v -5.250000 -1.672756 -5.750000
v -4.750000 -1.751766 -6.250000
v -3.250000 -1.922696 -6.250000
v -5.250000 -1.672756 -5.750000
v -3.250000 -1.922696 -6.250000
v -2.750000 -2.026275 -6.835420
v -2.000000 -1.500000 -5.500000
v -2.750000 -2.026275 -6.835420
v -2.236751 -1.756889 -6.798358
v -2.000000 -1.500000 -5.500000
v -2.236751 -1.756889 -6.798358
v -1.750000 -1.568893 -6.750000
v -2.000000 -1.500000 -5.500000
v -1.750000 -1.568893 -6.750000
v -0.750000 -1.555671 -6.250000
v -2.000000 -1.500000 -5.500000
v 2.744696 -1.960991 -6.285703
v 3.300000 -1.595334 -5.700000
v 2.574493 -2.019782 -5.952230
v 2.744696 -1.960991 -6.285703
v 3.800000 -1.653744 -6.700000
v 3.768367 -1.333333 -5.679900
v 2.744696 -1.960991 -6.285703
v 3.768367 -1.333333 -5.679900
v 3.300000 -1.595334 -5.700000
v -5.532261 -1.531491 -6.054385
v -5.586831 -1.258606 -5.749248
v -5.262659 -1.261724 -6.241883
v -0.750000 -1.555671 -6.250000
v 0.500000 -1.500000 -6.000000
v -0.750000 -1.500000 -4.250000
v 0.500000 -1.500000 -6.000000
v 1.000000 -1.500000 -5.500000
v -0.750000 -1.500000 -4.250000
v -4.541975 -0.992162 -6.520897
v -3.250000 -0.750510 -5.750000
v -3.846903 -0.984953 -6.537569
v -3.846903 -0.984953 -6.537569
v -3.250000 -0.750510 -5.750000
v -2.704312 -0.952226 -6.260967
v -2.704312 -0.952226 -6.260967
v -3.250000 -0.750510 -5.750000
v -2.069268 -0.494419 -5.513900
v -2.704312 -0.952226 -6.260967
v -2.069268 -0.494419 -5.513900
v -0.250000 -0.913599 -6.737905
v -0.250000 -0.913599 -6.737905
v -2.069268 -0.494419 -5.513900
v 0.250000 -0.504861 -5.977639
v 0.750000 -0.932338 -6.707873
v 0.250000 -0.504861 -5.977639
v 2.241561 -0.460257 -5.266375
v 0.750000 -0.932338 -6.707873
v 2.241561 -0.460257 -5.266375
v 2.402601 -0.513088 -5.443959
v 2.250000 -0.886782 -6.645310
v 2.402601 -0.513088 -5.443959
v 3.722040 -0.934956 -5.715880
v 0.996195 -2.501195 -6.008427
v 1.791373 -2.089197 -5.718100
v 1.791373 -1.935133 -5.220516
v 0.996195 -2.501195 -6.008427
v 1.791373 -1.935133 -5.220516
v 0.890788 -2.051953 -5.417827
v -5.532261 -1.531491 -6.054385
v -5.250000 -1.672756 -5.750000
v -5.500000 -1.500000 -5.000000
v -5.250000 -1.672756 -5.750000
v -3.250000 -1.922696 -6.250000
v -5.250000 -1.562693 -4.250000
v -3.250000 -1.922696 -6.250000
v -2.000000 -1.500000 -5.500000
v -3.250000 -1.721334 -4.750000
v 0.784220 -1.700000 -5.700000
v 0.810338 -1.680376 -5.321926
v 1.000000 -1.500000 -5.500000
v 2.574493 -2.019782 -5.952230
v 2.500000 -1.500000 -5.000000
v 1.791373 -1.935133 -5.220516
v 2.574493 -2.019782 -5.952230
v 3.300000 -1.595334 -5.700000
v 2.500000 -1.500000 -5.000000
v -2.000000 -1.500000 -5.500000
v -0.750000 -1.555671 -6.250000
v -0.750000 -1.500000 -4.250000
v -0.750000 -1.500000 -4.250000
v 1.000000 -1.500000 -5.500000
v 0.250000 -1.530778 -5.250000
v 3.300000 -1.595334 -5.700000
v 3.768367 -1.333333 -5.679900
v 3.833333 -1.567335 -5.166667
v 3.300000 -1.595334 -5.700000
v 3.833333 -1.567335 -5.166667
v 3.500000 -1.500000 -5.000000
v 3.768367 -1.333333 -5.679900
v 4.045436 -0.992098 -5.526467
v 4.227261 -1.300000 -5.453237
v 3.768367 -1.333333 -5.679900
v 4.227261 -1.300000 -5.453237
v 3.833333 -1.567335 -5.166667
v -5.536054 -0.972035 -5.582081
v -5.023244 -0.495749 -4.525690
v -5.268440 -0.906222 -5.749248
v -5.268440 -0.906222 -5.749248
v -5.023244 -0.495749 -4.525690
v -4.541975 -0.992162 -6.520897
v 2.402601 -0.513088 -5.443959
v 3.224663 -0.599395 -5.211315
v 3.722040 -0.934956 -5.715880
v 3.722040 -0.934956 -5.715880
v 3.224663 -0.599395 -5.211315
v 4.045436 -0.992098 -5.526467
v -2.069268 -0.494419 -5.513900
v -0.750000 -0.245241 -5.250000
v 0.250000 -0.504861 -5.977639
v 0.250000 -0.504861 -5.977639
v -0.750000 -0.245241 -5.250000
v 0.250000 -0.218945 -5.250000
v 0.250000 -0.504861 -5.977639
v 0.250000 -0.218945 -5.250000
v 2.241561 -0.460257 -5.266375
v -5.250000 -1.562693 -4.250000
v -3.250000 -1.922696 -6.250000
v -3.250000 -1.721334 -4.750000
v -3.250000 -1.721334 -4.750000
v -2.000000 -1.500000 -5.500000
v -2.250000 -1.541053 -4.750000
v 0.250000 -1.530778 -5.250000
v 0.810338 -1.680376 -5.321926
v 0.750000 -1.612149 -4.250000
v 0.250000 -1.530778 -5.250000
v 0.750000 -1.612149 -4.250000
v 0.000000 -1.500000 -4.500000
v 0.810338 -1.680376 -5.321926
v 1.791373 -1.935133 -5.220516
v 2.364891 -1.749394 -4.362613
v 1.791373 -1.935133 -5.220516
v 2.500000 -1.500000 -5.000000
v 2.345590 -1.711900 -4.649640
v 1.791373 -1.935133 -5.220516
v 2.345590 -1.711900 -4.649640
v 2.364891 -1.749394 -4.362613
v 3.833333 -1.567335 -5.166667
v 4.250000 -1.603111 -5.250000
v 3.500000 -1.500000 -5.000000
v 4.250000 -1.603111 -5.250000
v 4.666667 -1.570147 -5.166667
v 4.756183 -1.703878 -4.767253
v -2.000000 -1.500000 -5.500000
v -0.750000 -1.500000 -4.250000
v -2.250000 -1.541053 -4.750000
v -0.750000 -1.500000 -4.250000
v 0.250000 -1.530778 -5.250000
v 0.000000 -1.500000 -4.500000
v 2.500000 -1.500000 -5.000000
v 3.500000 -1.500000 -5.000000
v 2.500000 -1.500000 -4.500000
v -4.541975 -0.992162 -6.520897
v -5.023244 -0.495749 -4.525690
v -3.374438 -0.515486 -4.968257
v -4.541975 -0.992162 -6.520897
v -3.374438 -0.515486 -4.968257
v -3.250000 -0.750510 -5.750000
v 4.045436 -0.992098 -5.526467
v 4.558954 -0.456390 -4.549241
v 4.703762 -1.250000 -5.191546
v 4.045436 -0.992098 -5.526467
v 3.224663 -0.599395 -5.211315
v 4.558954 -0.456390 -4.549241
v -3.374438 -0.515486 -4.968257
v -2.209277 -0.194934 -4.703776
v -2.069268 -0.494419 -5.513900
v -3.374438 -0.515486 -4.968257
v -2.800000 -0.082698 -4.227689
v -2.209277 -0.194934 -4.703776
v -2.069268 -0.494419 -5.513900
v -2.209277 -0.194934 -4.703776
v -0.750000 -0.245241 -5.250000
v -0.750000 -0.245241 -5.250000
v -0.750000 0.179628 -4.683768
v 0.250000 0.230501 -4.732164
v -0.750000 -0.245241 -5.250000
v 0.250000 0.230501 -4.732164
v 0.250000 -0.218945 -5.250000
v 2.241561 -0.460257 -5.266375
v 0.250000 -0.218945 -5.250000
v 2.348794 -0.071906 -4.449936
v 2.241561 -0.460257 -5.266375
v 2.348794 -0.071906 -4.449936
v 3.041105 -0.493484 -5.018859
v 2.473044 -2.013739 -4.515827
v 3.250000 -2.092918 -4.558400
v 2.787723 -2.060660 -4.280180
v 3.250000 -2.092918 -4.558400
v 4.250000 -2.137701 -4.250000
v 2.787723 -2.060660 -4.280180
v 3.250000 -2.092918 -4.558400
v 4.512365 -2.013072 -4.534506
v 4.250000 -2.137701 -4.250000
v 4.512365 -2.013072 -4.534506
v 4.554335 -2.046103 -3.924616
v 4.250000 -2.137701 -4.250000
v -5.250000 -1.562693 -4.250000
v -3.250000 -1.721334 -4.750000
v -4.250000 -1.682798 -4.250000
v -3.250000 -1.721334 -4.750000
v -3.267919 -1.863930 -4.244683
v -4.250000 -1.682798 -4.250000
v -3.250000 -1.721334 -4.750000
v -2.250000 -1.541053 -4.750000
v -2.412262 -2.046781 -4.060541
v -3.250000 -1.721334 -4.750000
v -2.412262 -2.046781 -4.060541
v -3.267919 -1.863930 -4.244683
v -2.250000 -1.541053 -4.750000
v -2.206131 -1.719123 -4.280270
v -2.412262 -2.046781 -4.060541
v 0.000000 -1.500000 -4.500000
v 0.750000 -1.612149 -4.250000
v 0.333333 -1.506020 -3.993537
v 0.810338 -1.680376 -5.321926
v 2.364891 -1.749394 -4.362613
v 2.250000 -1.927844 -3.750000
v 0.810338 -1.680376 -5.321926
v 2.250000 -1.927844 -3.750000
v 0.750000 -1.612149 -4.250000
v 2.345590 -1.711900 -4.649640
v 2.364891 -1.749394 -4.362613
v 2.700000 -1.700000 -4.637481
v 4.756183 -1.703878 -4.767253
v 5.166667 -1.504276 -4.666667
v 5.000000 -1.500000 -4.000000
v -5.586831 -1.258606 -5.749248
v -5.500000 -1.500000 -5.000000
v -5.500000 -1.500000 -4.000000
v -5.586831 -1.258606 -5.749248
v -5.500000 -1.500000 -4.000000
v -5.788475 -1.300000 -3.979089
v -2.250000 -1.541053 -4.750000
v -0.750000 -1.500000 -4.250000
v -1.700000 -1.500000 -4.300000
v -0.750000 -1.500000 -4.250000
v 0.000000 -1.500000 -4.500000
v 0.000000 -1.300000 -4.200000
v 4.558954 -0.456390 -4.549241
v 5.258574 -0.795042 -4.221859
v 5.221757 -1.250000 -4.729595
v 4.558954 -0.456390 -4.549241
v 5.054806 -0.444209 -4.060958
v 5.258574 -0.795042 -4.221859
v -5.023244 -0.495749 -4.525690
v -3.747698 -0.084132 -3.729945
v -3.374438 -0.515486 -4.968257
v -3.374438 -0.515486 -4.968257
v -3.747698 -0.084132 -3.729945
v -2.800000 -0.082698 -4.227689
v 3.041105 -0.493484 -5.018859
v 2.348794 -0.071906 -4.449936
v 3.250000 0.118336 -4.160287
v 3.041105 -0.493484 -5.018859
v 3.250000 0.118336 -4.160287
v 4.558954 -0.456390 -4.549241
v 4.558954 -0.456390 -4.549241
v 3.250000 0.118336 -4.160287
v 4.050553 0.014150 -4.017609
v 4.558954 -0.456390 -4.549241
v 4.050553 0.014150 -4.017609
v 5.054806 -0.444209 -4.060958
v -2.209277 -0.194934 -4.703776
v -1.750000 0.276062 -4.250000
v -0.750000 -0.245241 -5.250000
v -0.750000 -0.245241 -5.250000
v -0.750000 0.429628 -4.250000
v -0.750000 0.179628 -4.683768
v -0.750000 -0.245241 -5.250000
v -1.750000 0.276062 -4.250000
v -0.750000 0.429628 -4.250000
v -0.750000 0.179628 -4.683768
v 0.166667 0.320334 -4.220771
v 0.250000 0.230501 -4.732164
v -0.750000 0.179628 -4.683768
v -0.750000 0.429628 -4.250000
v 0.166667 0.320334 -4.220771
v 0.250000 0.230501 -4.732164
v 0.166667 0.320334 -4.220771
v 1.250000 0.572670 -4.125768
v 0.250000 0.230501 -4.732164
v 1.250000 0.572670 -4.125768
v 1.250000 0.073706 -4.578726
v 1.250000 0.073706 -4.578726
v 2.149629 0.563065 -4.056806
v 2.249212 0.247226 -4.253371
v -3.267919 -1.863930 -4.244683
v -2.412262 -2.046781 -4.060541
v -2.324139 -2.102215 -3.750000
v -3.267919 -1.863930 -4.244683
v -2.324139 -2.102215 -3.750000
v -3.267919 -2.119961 -3.775330
v 2.787723 -2.060660 -4.280180
v 4.250000 -2.137701 -4.250000
v 4.250000 -2.089592 -3.873035
v 2.787723 -2.060660 -4.280180
v 4.250000 -2.089592 -3.873035
v 3.250000 -1.960102 -3.663996
v 4.250000 -2.137701 -4.250000
v 4.554335 -2.046103 -3.924616
v 4.250000 -2.089592 -3.873035
v -5.250000 -1.562693 -4.250000
v -4.750000 -1.837213 -3.250000
v -5.250000 -1.838818 -3.250000
v -5.250000 -1.562693 -4.250000
v -4.250000 -1.682798 -4.250000
v -4.750000 -1.837213 -3.250000
v -4.250000 -1.682798 -4.250000
v -3.267919 -1.863930 -4.244683
v -3.267919 -2.119961 -3.775330
v -4.250000 -1.682798 -4.250000
v -3.267919 -2.119961 -3.775330
v -3.681973 -2.090004 -3.250000
v -2.206131 -1.719123 -4.280270
v -1.700000 -1.500000 -4.300000
v -2.059312 -1.735381 -3.700000
v 0.750000 -1.612149 -4.250000
v 1.722626 -1.787305 -3.723050
v 0.333333 -1.506020 -3.993537
v 0.750000 -1.612149 -4.250000
v 2.250000 -1.927844 -3.750000
v 1.722626 -1.787305 -3.723050
v 2.364891 -1.749394 -4.362613
v 2.787723 -1.941551 -3.779100
v 2.250000 -1.927844 -3.750000
v -1.700000 -1.500000 -4.300000
v -0.750000 -1.500000 -4.250000
v -1.250000 -1.250000 -3.964412
v -1.700000 -1.500000 -4.300000
v -1.250000 -1.250000 -3.964412
v -1.747384 -1.333333 -3.731610
v -0.750000 -1.500000 -4.250000
v 0.000000 -1.300000 -4.200000
v -0.333333 -1.166667 -3.997796
v -0.750000 -1.500000 -4.250000
v -0.333333 -1.166667 -3.997796
v -1.250000 -1.250000 -3.964412
v 5.314505 -1.333333 -4.191380
v 5.529193 -0.989330 -4.049426
v 6.004559 -1.166667 -3.508080
v 5.314505 -1.333333 -4.191380
v 6.004559 -1.166667 -3.508080
v 5.000000 -1.500000 -4.000000
v -5.536054 -0.972035 -5.582081
v -5.788475 -0.816356 -3.779089
v -5.023244 -0.495749 -4.525690
v 5.258574 -0.795042 -4.221859
v 4.985715 -0.522679 -3.531668
v 5.529193 -0.989330 -4.049426
v -2.800000 -0.082698 -4.227689
v -2.250000 0.400860 -3.750000
v -1.750000 0.276062 -4.250000
v -2.800000 -0.082698 -4.227689
v -2.800000 0.196287 -3.800000
v -2.250000 0.400860 -3.750000
v -1.750000 0.276062 -4.250000
v -2.250000 0.400860 -3.750000
v -1.796861 0.300000 -3.777932
v -1.750000 0.276062 -4.250000
v -1.796861 0.300000 -3.777932
v -1.250000 0.250000 -3.964412
v -1.750000 0.276062 -4.250000
v -1.250000 0.250000 -3.964412
v -0.750000 0.429628 -4.250000
v -0.750000 0.429628 -4.250000
v -0.333333 0.166667 -3.997796
v 0.166667 0.320334 -4.220771
v -0.750000 0.429628 -4.250000
v -1.250000 0.250000 -3.964412
v -0.333333 0.166667 -3.997796
v 2.249212 0.247226 -4.253371
v 2.241481 0.494361 -3.672317
v 3.048366 0.559355 -3.537406
v 2.249212 0.247226 -4.253371
v 3.048366 0.559355 -3.537406
v 3.250000 0.118336 -4.160287
v 3.250000 0.118336 -4.160287
v 3.048366 0.559355 -3.537406
v 4.050553 0.014150 -4.017609
v 0.333333 0.519164 -3.983435
v 1.750000 0.588030 -3.809578
v 1.250000 0.572670 -4.125768
v 1.250000 0.572670 -4.125768
v 1.750000 0.588030 -3.809578
v 2.149629 0.563065 -4.056806
v 2.149629 0.563065 -4.056806
v 1.750000 0.588030 -3.809578
v 2.241481 0.494361 -3.672317
v -3.681973 -2.090004 -3.250000
v -3.267919 -2.119961 -3.775330
v -3.250000 -2.241001 -3.250000
v -3.267919 -2.119961 -3.775330
v -2.324139 -2.102215 -3.750000
v -2.740263 -2.174501 -3.229440
v -3.267919 -2.119961 -3.775330
v -2.740263 -2.174501 -3.229440
v -3.250000 -2.241001 -3.250000
v -2.324139 -2.102215 -3.750000
v -2.353257 -2.089506 -3.382400
v -2.740263 -2.174501 -3.229440
v -6.300000 -1.615987 -3.300000
v -5.500000 -1.500000 -4.000000
v -5.250000 -1.838818 -3.250000
v -4.250000 -1.682798 -4.250000
v -3.681973 -2.090004 -3.250000
v -4.750000 -1.837213 -3.250000
v 1.722626 -1.787305 -3.723050
v 2.250000 -1.927844 -3.750000
v 1.871043 -1.665334 -3.395859
v 2.250000 -1.927844 -3.750000
v 2.787723 -1.941551 -3.779100
v 2.740468 -1.807020 -3.214621
v 2.250000 -1.927844 -3.750000
v 2.740468 -1.807020 -3.214621
v 1.871043 -1.665334 -3.395859
v 2.787723 -1.941551 -3.779100
v 3.250000 -1.960102 -3.663996
v 3.501110 -2.000846 -3.005019
v 2.787723 -1.941551 -3.779100
v 3.501110 -2.000846 -3.005019
v 2.740468 -1.807020 -3.214621
v 3.250000 -1.960102 -3.663996
v 3.700666 -1.855865 -3.203011
v 3.501110 -2.000846 -3.005019
v 3.250000 -1.960102 -3.663996
v 4.250000 -2.089592 -3.873035
v 4.800000 -1.500000 -3.200000
v 3.250000 -1.960102 -3.663996
v 4.800000 -1.500000 -3.200000
v 3.700666 -1.855865 -3.203011
v 4.250000 -2.089592 -3.873035
v 4.554335 -2.046103 -3.924616
v 4.800000 -1.500000 -3.200000
v 5.000000 -1.500000 -4.000000
v 6.004559 -1.166667 -3.508080
v 5.750000 -1.500000 -3.250000
v -5.788475 -0.816356 -3.779089
v -5.097113 -0.474612 -2.750000
v -5.023244 -0.495749 -4.525690
v 4.985715 -0.522679 -3.531668
v 5.245934 -0.670583 -3.274929
v 5.529193 -0.989330 -4.049426
v -5.023244 -0.495749 -4.525690
v -5.097113 -0.474612 -2.750000
v -3.747698 -0.084132 -3.729945
v -3.747698 -0.084132 -3.729945
v -5.097113 -0.474612 -2.750000
v -3.747698 0.131065 -3.253445
v 4.050553 0.014150 -4.017609
v 4.985715 -0.522679 -3.531668
v 5.054806 -0.444209 -4.060958
v -2.800000 0.196287 -3.800000
v -3.747698 0.131065 -3.253445
v -3.250000 0.351677 -3.250000
v -2.800000 0.196287 -3.800000
v -3.250000 0.351677 -3.250000
v -2.723279 0.275599 -3.244897
v -2.800000 0.196287 -3.800000
v -1.994768 0.166667 -3.497410
v -2.250000 0.400860 -3.750000
v -2.800000 0.196287 -3.800000
v -2.723279 0.275599 -3.244897
v -1.994768 0.166667 -3.497410
v -2.250000 0.400860 -3.750000
v -1.994768 0.166667 -3.497410
v -1.796861 0.300000 -3.777932
v 3.048366 0.559355 -3.537406
v 3.536754 0.557336 -2.833333
v 4.050553 0.014150 -4.017609
v 2.241481 0.494361 -3.672317
v 2.720117 0.598157 -3.298120
v 3.048366 0.559355 -3.537406
v -3.681973 -2.090004 -3.250000
v -3.250000 -2.241001 -3.250000
v -3.604832 -2.067675 -2.945570
v -3.250000 -2.241001 -3.250000
v -2.740263 -2.174501 -3.229440
v -2.900439 -2.095041 -2.953690
v -3.250000 -2.241001 -3.250000
v -2.900439 -2.095041 -2.953690
v -3.604832 -2.067675 -2.945570
v 2.959799 -2.032515 -2.938122
v 3.501110 -2.000846 -3.005019
v 3.511396 -2.015362 -2.457673
v -6.300000 -1.615987 -3.300000
v -6.279439 -1.899266 -2.711596
v -7.022345 -1.519891 -3.166667
v -6.300000 -1.615987 -3.300000
v -5.250000 -1.838818 -3.250000
v -5.750000 -1.872200 -2.750000
v -6.300000 -1.615987 -3.300000
v -5.750000 -1.872200 -2.750000
v -6.279439 -1.899266 -2.711596
v -5.250000 -1.838818 -3.250000
v -4.750000 -1.837213 -3.250000
v -3.700000 -1.500000 -2.200000
v -5.250000 -1.838818 -3.250000
v -3.700000 -1.500000 -2.200000
v -5.750000 -1.872200 -2.750000
v -4.750000 -1.837213 -3.250000
v -3.681973 -2.090004 -3.250000
v -3.719083 -1.740073 -2.722785
v -4.750000 -1.837213 -3.250000
v -3.719083 -1.740073 -2.722785
v -3.700000 -1.500000 -2.200000
v 3.700666 -1.855865 -3.203011
v 4.800000 -1.500000 -3.200000
v 4.300000 -1.500000 -2.700000
v 3.700666 -1.855865 -3.203011
v 4.300000 -1.500000 -2.700000
v 3.501110 -2.000846 -3.005019
v -7.022345 -1.519891 -3.166667
v -6.593639 -0.960637 -2.630281
v -6.437332 -1.235456 -3.300000
v 5.750000 -1.500000 -3.250000
v 6.004559 -1.166667 -3.508080
v 6.226860 -1.300000 -2.704312
v 5.529193 -0.989330 -4.049426
v 6.226860 -0.974983 -2.704312
v 6.004559 -0.998127 -3.508080
v 5.529193 -0.989330 -4.049426
v 5.245934 -0.670583 -3.274929
v 6.226860 -0.974983 -2.704312
v -5.097113 -0.474612 -2.750000
v -4.291432 0.179116 -2.270730
v -3.747698 0.131065 -3.253445
v 4.050553 0.014150 -4.017609
v 4.047618 0.036046 -2.750000
v 4.985715 -0.522679 -3.531668
v -3.747698 0.131065 -3.253445
v -4.291432 0.179116 -2.270730
v -3.423469 0.523126 -2.570541
v -3.747698 0.131065 -3.253445
v -3.227588 0.318915 -2.721337
v -3.250000 0.351677 -3.250000
v -3.747698 0.131065 -3.253445
v -3.423469 0.523126 -2.570541
v -3.227588 0.318915 -2.721337
v -3.250000 0.351677 -3.250000
v -3.227588 0.318915 -2.721337
v -2.723279 0.275599 -3.244897
v 3.536754 0.557336 -2.833333
v 4.047618 0.036046 -2.750000
v 4.050553 0.014150 -4.017609
v 3.536754 0.557336 -2.833333
v 3.722053 0.328837 -2.700000
v 4.047618 0.036046 -2.750000
v 2.720117 0.598157 -3.298120
v 2.866862 0.603586 -2.866862
v 3.048366 0.559355 -3.537406
v 3.048366 0.559355 -3.537406
v 2.866862 0.603586 -2.866862
v 3.536754 0.557336 -2.833333
v -7.523966 -2.010762 -2.517494
v -6.279439 -1.899266 -2.711596
v -6.750000 -2.227168 -2.250000
v -6.279439 -1.899266 -2.711596
v -5.797693 -1.906709 -2.206660
v -6.750000 -2.227168 -2.250000
v -7.523966 -2.010762 -2.517494
v -7.497277 -1.700000 -2.219358
v -7.261173 -1.676612 -2.726370
v -6.279439 -1.899266 -2.711596
v -5.750000 -1.872200 -2.750000
v -5.797693 -1.906709 -2.206660
v -5.750000 -1.872200 -2.750000
v -5.000000 -1.500000 -2.000000
v -5.797693 -1.906709 -2.206660
v -5.750000 -1.872200 -2.750000
v -3.700000 -1.500000 -2.200000
v -5.000000 -1.500000 -2.000000
v -7.022345 -1.519891 -3.166667
v -6.993043 -1.011116 -1.972373
v -6.593639 -0.960637 -2.630281
v -7.022345 -1.519891 -3.166667
v -7.214970 -1.206670 -1.783424
v -6.993043 -1.011116 -1.972373
v -3.700000 -1.500000 -2.200000
v -3.183903 -1.333333 -2.692285
v -3.497410 -1.166667 -1.994768
v 4.300000 -1.500000 -2.700000
v 4.800000 -1.500000 -3.200000
v 3.800000 -1.500000 -2.200000
v 4.800000 -1.500000 -3.200000
v 5.000000 -1.500000 -4.000000
v 3.800000 -1.500000 -2.200000
v 5.000000 -1.500000 -4.000000
v 5.750000 -1.500000 -3.250000
v 6.250000 -1.500000 -2.250000
v 5.000000 -1.500000 -4.000000
v 6.250000 -1.500000 -2.250000
v 3.800000 -1.500000 -2.200000
v 5.750000 -1.500000 -3.250000
v 6.226860 -1.300000 -2.704312
v 6.250000 -1.500000 -2.250000
v 6.226860 -1.300000 -2.704312
v 6.502711 -0.998771 -2.507187
v 6.517603 -1.250000 -2.250000
v 6.226860 -1.300000 -2.704312
v 6.517603 -1.250000 -2.250000
v 6.250000 -1.500000 -2.250000
v -6.593639 -0.960637 -2.630281
v -5.513900 -0.492762 -2.069268
v -5.788475 -0.816356 -3.779089
v -6.593639 -0.960637 -2.630281
v -6.993043 -1.011116 -1.972373
v -5.513900 -0.492762 -2.069268
v -5.788475 -0.816356 -3.779089
v -5.513900 -0.492762 -2.069268
v -5.097113 -0.474612 -2.750000
v 5.245934 -0.670583 -3.274929
v 5.513900 -0.494419 -2.069268
v 6.226860 -0.974983 -2.704312
v 4.047618 0.036046 -2.750000
v 4.506293 0.005731 -2.015461
v 4.985715 -0.522679 -3.531668
v 4.985715 -0.522679 -3.531668
v 4.506293 0.005731 -2.015461
v 5.513900 -0.494419 -2.069268
v 3.215299 0.300000 -2.528760
v 3.750000 0.400860 -2.250000
v 3.722053 0.328837 -2.700000
v 3.722053 0.328837 -2.700000
v 4.506293 0.005731 -2.015461
v 4.047618 0.036046 -2.750000
v 3.722053 0.328837 -2.700000
v 3.750000 0.400860 -2.250000
v 4.506293 0.005731 -2.015461
v -3.423469 0.523126 -2.570541
v -3.666667 0.551522 -1.910331
v -3.439681 0.551522 -1.910331
v -7.523966 -2.010762 -2.517494
v -6.750000 -2.227168 -2.250000
v -6.688252 -2.114802 -1.250000
v -5.797693 -1.906709 -2.206660
v -5.662772 -1.891609 -1.750000
v -6.750000 -2.227168 -2.250000
v -5.797693 -1.906709 -2.206660
v -5.000000 -1.500000 -2.000000
v -5.662772 -1.891609 -1.750000
v -4.250000 -1.500000 -2.000000
v -3.700000 -1.500000 -2.200000
v -3.777932 -1.300000 -1.796861
v -3.700000 -1.500000 -2.200000
v -3.497410 -1.166667 -1.994768
v -3.777932 -1.300000 -1.796861
v 3.353189 -1.300000 -2.200000
v 3.800000 -1.500000 -2.200000
v 3.777932 -1.300000 -1.796861
v 3.800000 -1.500000 -2.200000
v 4.250000 -1.500000 -1.750000
v 3.777932 -1.300000 -1.796861
v -6.993043 -1.011116 -1.972373
v -5.727639 -0.459862 -0.250000
v -5.513900 -0.492762 -2.069268
v 5.513900 -0.494419 -2.069268
v 6.730444 -0.915297 -0.250000
v 6.226860 -0.974983 -2.704312
v 5.513900 -0.494419 -2.069268
v 5.842785 -0.607570 -1.250000
v 6.730444 -0.915297 -0.250000
v 6.226860 -0.974983 -2.704312
v 6.730444 -0.915297 -0.250000
v 6.502711 -0.998771 -2.507187
v -5.513900 -0.492762 -2.069268
v -4.894527 -0.045142 -1.250000
v -5.097113 -0.474612 -2.750000
v 4.506293 0.005731 -2.015461
v 4.828726 -0.117495 -1.250000
v 5.513900 -0.494419 -2.069268
v 3.215299 0.300000 -2.528760
v 3.777932 0.300000 -1.796861
v 3.750000 0.400860 -2.250000
v 3.750000 0.400860 -2.250000
v 4.211959 0.358965 -1.300000
v 4.506293 0.005731 -2.015461
v 3.750000 0.400860 -2.250000
v 3.777932 0.300000 -1.796861
v 4.211959 0.358965 -1.300000
v -6.688252 -2.114802 -1.250000
v -6.750000 -2.227168 -2.250000
v -6.250000 -2.225912 -0.750000
v -6.750000 -2.227168 -2.250000
v -5.662772 -1.891609 -1.750000
v -5.732525 -2.114768 -1.239982
v -6.750000 -2.227168 -2.250000
v -5.732525 -2.114768 -1.239982
v -6.250000 -2.225912 -0.750000
v -5.662772 -1.891609 -1.750000
v -5.000000 -1.500000 -2.000000
v -5.527104 -1.716438 -1.199985
v -5.000000 -1.500000 -2.000000
v -4.250000 -1.500000 -2.000000
v -4.250000 -1.500000 0.500000
v -5.000000 -1.500000 -2.000000
v -4.250000 -1.500000 0.500000
v -5.500000 -1.500000 -1.000000
v -4.250000 -1.500000 -2.000000
v -3.777932 -1.300000 -1.796861
v -3.964412 -1.250000 -1.250000
v 3.777932 -1.300000 -1.796861
v 4.250000 -1.500000 -1.750000
v 3.964412 -1.250000 -1.250000
v 6.250000 -1.500000 -2.250000
v 6.517603 -1.250000 -2.250000
v 6.730444 -1.250000 -0.250000
v -5.513900 -0.492762 -2.069268
v -5.727639 -0.459862 -0.250000
v -4.894527 -0.045142 -1.250000
v 4.828726 -0.117495 -1.250000
v 5.842785 -0.607570 -1.250000
v 5.513900 -0.494419 -2.069268
v -4.894527 -0.045142 -1.250000
v -4.282024 0.462374 -0.800000
v -4.291432 0.179116 -2.270730
v -4.291432 0.179116 -2.270730
v -3.885101 0.300000 -0.800000
v -3.777754 0.333333 -1.741243
v -4.291432 0.179116 -2.270730
v -4.282024 0.462374 -0.800000
v -3.885101 0.300000 -0.800000
v 3.777932 0.300000 -1.796861
v 3.993370 0.509548 -1.166667
v 4.211959 0.358965 -1.300000
v 4.211959 0.358965 -1.300000
v 4.828726 -0.117495 -1.250000
v 4.506293 0.005731 -2.015461
v -6.250000 -2.225912 -0.750000
v -5.732525 -2.114768 -1.239982
v -5.708091 -2.127834 -0.726447
v -5.732525 -2.114768 -1.239982
v -5.463998 -2.016707 -0.877412
v -5.708091 -2.127834 -0.726447
v -7.612902 -1.534546 -1.166667
v -7.699216 -1.391163 -0.750000
v -7.354122 -1.281246 -1.300000
v -4.250000 -1.500000 -2.000000
v -3.964412 -1.250000 -1.250000
v -4.250000 -1.500000 0.500000
v 3.964412 -1.250000 -1.250000
v 4.250000 -1.500000 -1.750000
v 4.250000 -1.500000 -0.750000
v 3.964412 -1.250000 -1.250000
v 4.250000 -1.500000 -0.750000
v 3.997796 -1.166667 -0.333333
v 4.250000 -1.500000 -1.750000
v 3.800000 -1.500000 -2.200000
v 4.250000 -1.500000 -0.750000
v 3.800000 -1.500000 -2.200000
v 6.250000 -1.500000 -2.250000
v 6.300000 -1.500000 0.200000
v 6.250000 -1.500000 -2.250000
v 6.730444 -1.250000 -0.250000
v 6.300000 -1.500000 0.200000
v -5.727639 -0.459862 -0.250000
v -4.992931 -0.003923 0.250000
v -4.894527 -0.045142 -1.250000
v 4.211959 0.358965 -1.300000
v 4.657759 0.241554 -0.771642
v 4.828726 -0.117495 -1.250000
v 3.993370 0.509548 -1.166667
v 3.892603 0.705729 -0.759935
v 4.228538 0.717701 -0.776314
v -6.688252 -2.114802 -1.250000
v -6.250000 -2.225912 -0.750000
v -6.495894 -1.999095 -0.003694
v -7.652719 -1.542459 -0.333333
v -7.612902 -1.534546 -1.166667
v -7.300000 -1.634831 -0.200000
v -7.612902 -1.534546 -1.166667
v -7.300000 -1.681374 -1.300000
v -6.495894 -1.999095 -0.003694
v -7.612902 -1.534546 -1.166667
v -6.495894 -1.999095 -0.003694
v -7.300000 -1.634831 -0.200000
v -5.500000 -1.500000 -1.000000
v -4.250000 -1.500000 0.500000
v -5.500000 -1.500000 0.250000
v -4.250000 -1.500000 0.500000
v -3.964412 -1.250000 -1.250000
v -3.949759 -1.300000 0.700000
v 4.250000 -1.500000 -0.750000
v 3.800000 -1.500000 -2.200000
v 5.000000 -1.500000 0.500000
v 4.250000 -1.500000 -0.750000
v 5.000000 -1.500000 0.500000
v 3.997796 -1.166667 -0.333333
v -7.290177 -0.834160 -0.271731
v -6.750000 -0.581158 0.250000
v -6.993043 -1.011116 -1.972373
v -6.993043 -1.011116 -1.972373
v -6.750000 -0.581158 0.250000
v -5.727639 -0.459862 -0.250000
v 5.842785 -0.607570 -1.250000
v 6.037456 -0.484707 -0.138214
v 6.730444 -0.915297 -0.250000
v 4.828726 -0.117495 -1.250000
v 4.973892 -0.014172 -0.250000
v 4.989556 -0.007470 0.546439
v 4.828726 -0.117495 -1.250000
v 6.037456 -0.484707 -0.138214
v 5.842785 -0.607570 -1.250000
v 4.828726 -0.117495 -1.250000
v 4.989556 -0.007470 0.546439
v 6.037456 -0.484707 -0.138214
v -4.894527 -0.045142 -1.250000
v -4.477530 0.493304 -0.250000
v -4.282024 0.462374 -0.800000
v 4.228538 0.717701 -0.776314
v 4.157404 1.138799 -0.250000
v 4.557613 0.592521 -0.619404
v -6.250000 -2.225912 -0.750000
v -5.708091 -2.127834 -0.726447
v -5.980198 -2.010263 0.649350
v -7.300000 -1.634831 -0.200000
v -6.495894 -1.999095 -0.003694
v -6.214954 -1.891010 0.789610
v -7.300000 -1.634831 -0.200000
v -6.214954 -1.891010 0.789610
v -7.500000 -1.500000 0.250000
v -7.592016 -1.276404 -0.226443
v -7.500000 -1.500000 0.250000
v -7.505242 -0.993889 0.519666
v 3.997796 -1.166667 -0.333333
v 5.000000 -1.500000 0.500000
v 3.997796 -1.166667 0.333333
v 3.800000 -1.500000 -2.200000
v 6.300000 -1.500000 0.200000
v 5.750000 -1.500000 0.000000
v 3.800000 -1.500000 -2.200000
v 5.750000 -1.500000 0.000000
v 5.000000 -1.500000 0.500000
v 6.300000 -1.500000 0.200000
v 6.730444 -1.250000 -0.250000
v 7.011357 -1.166667 0.333333
v -7.290177 -0.834160 -0.271731
v -7.505242 -0.993889 0.519666
v -6.750000 -0.581158 0.250000
v -6.750000 -0.581158 0.250000
v -5.914837 -0.536740 0.750000
v -5.727639 -0.459862 -0.250000
v 6.037456 -0.484707 -0.138214
v 6.768402 -0.784690 0.223669
v 6.730444 -0.915297 -0.250000
v -5.727639 -0.459862 -0.250000
v -4.746650 0.040513 1.738335
v -4.992931 -0.003923 0.250000
v -4.477530 0.493304 -0.250000
v -4.992931 -0.003923 0.250000
v -4.176352 0.762027 0.750063
v -3.964355 0.560438 -0.666667
v -4.477530 0.493304 -0.250000
v -3.907492 0.762027 0.750063
v 4.157404 1.138799 -0.250000
v 4.297283 0.795041 0.318537
v 4.557613 0.592521 -0.619404
v 3.926429 1.094319 -0.599891
v 3.935151 1.090747 0.151282
v 4.157404 1.138799 -0.250000
v -7.500000 -1.500000 0.250000
v -6.214954 -1.891010 0.789610
v -7.000000 -1.500000 1.000000
v 5.750000 -1.500000 0.000000
v 5.750000 -2.028818 1.878082
v 5.000000 -1.500000 0.500000
v 5.750000 -1.500000 0.000000
v 6.300000 -1.500000 0.200000
v 7.000000 -1.500000 1.000000
v 5.750000 -1.500000 0.000000
v 7.000000 -1.500000 1.000000
v 5.750000 -2.028818 1.878082
v -7.505242 -0.993889 0.519666
v -7.500000 -1.500000 0.250000
v -7.262871 -1.333333 0.759833
v 3.997796 -1.166667 0.333333
v 5.000000 -1.500000 0.500000
v 4.833333 -1.530334 0.833333
v 3.997796 -1.166667 0.333333
v 4.833333 -1.530334 0.833333
v 4.250000 -1.500000 0.750000
v 6.300000 -1.500000 0.200000
v 7.011357 -1.166667 0.333333
v 7.000000 -1.500000 1.000000
v -7.505242 -0.993889 0.519666
v -7.215445 -0.913500 0.711800
v -6.750000 -0.581158 0.250000
v 6.768402 -0.784690 0.223669
v 6.536804 -0.478508 0.447338
v 7.011357 -0.989607 0.333333
v -5.727639 -0.459862 -0.250000
v -5.914837 -0.536740 0.750000
v -4.746650 0.040513 1.738335
v 6.037456 -0.484707 -0.138214
v 4.989556 -0.007470 0.546439
v 6.536804 -0.478508 0.447338
v 4.297283 0.795041 0.318537
v 4.293103 0.458660 0.800000
v 4.989556 -0.007470 0.546439
v -4.477530 0.493304 -0.250000
v -4.176352 0.762027 0.750063
v -3.907492 0.762027 0.750063
v 3.853467 0.792027 0.290769
v 3.925679 0.653379 0.666667
v 4.297283 0.795041 0.318537
v -7.000000 -1.500000 1.000000
v -6.214954 -1.891010 0.789610
v -6.800000 -1.619743 1.200000
v -4.250000 -1.500000 0.500000
v -3.973309 -1.534038 0.833333
v -3.994370 -2.001443 1.495262
v -4.250000 -1.500000 0.500000
v -3.994370 -2.001443 1.495262
v -5.300000 -1.500000 1.200000
v -3.973309 -1.534038 0.833333
v -3.910460 -1.720423 1.297157
v -3.994370 -2.001443 1.495262
v -7.262871 -1.333333 0.759833
v -7.000000 -1.500000 1.000000
v -6.992077 -1.276350 1.202641
v -5.500000 -1.500000 0.250000
v -4.250000 -1.500000 0.500000
v -5.300000 -1.500000 1.200000
v 3.997796 -1.166667 0.333333
v 4.250000 -1.500000 0.750000
v 3.964412 -1.250000 1.250000
v 7.000000 -1.500000 1.000000
v 7.011357 -1.166667 0.333333
v 7.188024 -1.300000 1.200000
v -7.215445 -0.913500 0.711800
v -6.790492 -0.889774 1.243169
v -6.750000 -0.581158 0.250000
v -6.750000 -0.581158 0.250000
v -5.906800 -0.567326 1.250000
v -5.914837 -0.536740 0.750000
v -6.750000 -0.581158 0.250000
v -6.790492 -0.889774 1.243169
v -5.906800 -0.567326 1.250000
v 6.536804 -0.478508 0.447338
v 7.110030 -0.895104 1.250000
v 7.011357 -0.989607 0.333333
v 6.536804 -0.478508 0.447338
v 6.578909 -0.450653 1.250000
v 7.110030 -0.895104 1.250000
v -5.914837 -0.536740 0.750000
v -5.906800 -0.567326 1.250000
v -4.746650 0.040513 1.738335
v 4.989556 -0.007470 0.546439
v 5.129471 0.053023 1.250000
v 6.578909 -0.450653 1.250000
v 4.989556 -0.007470 0.546439
v 6.578909 -0.450653 1.250000
v 6.536804 -0.478508 0.447338
v -4.992931 -0.003923 0.250000
v -4.265105 0.380323 1.300000
v -4.176352 0.762027 0.750063
v 3.913784 0.300000 0.800000
v 3.964412 0.250000 1.250000
v 4.293103 0.458660 0.800000
v 4.293103 0.458660 0.800000
v 5.129471 0.053023 1.250000
v 4.989556 -0.007470 0.546439
v -7.166667 -1.537264 1.333333
v -6.800000 -1.619743 1.200000
v -6.250000 -1.817948 1.750000
v -7.166667 -1.537264 1.333333
v -6.250000 -1.817948 1.750000
v -7.305159 -1.739254 1.742534
v -6.800000 -1.619743 1.200000
v -6.214954 -1.891010 0.789610
v -6.250000 -1.817948 1.750000
v -6.214954 -1.891010 0.789610
v -5.788119 -1.797701 0.789610
v -5.700000 -1.500000 2.300000
v -6.214954 -1.891010 0.789610
v -5.700000 -1.500000 2.300000
v -6.250000 -1.817948 1.750000
v -5.300000 -1.500000 1.200000
v -4.528734 -2.017567 1.956517
v -5.500000 -1.500000 1.750000
v -5.300000 -1.500000 1.200000
v -3.994370 -2.001443 1.495262
v -4.528734 -2.017567 1.956517
v 4.833333 -1.530334 0.833333
v 5.000000 -1.500000 0.500000
v 4.991202 -2.004613 1.986790
v 5.000000 -1.500000 0.500000
v 5.750000 -2.028818 1.878082
v 4.991202 -2.004613 1.986790
v 5.750000 -2.028818 1.878082
v 7.000000 -1.500000 1.000000
v 6.000342 -2.000142 1.999510
v 7.000000 -1.500000 1.000000
v 7.250000 -1.543209 1.750000
v 6.000342 -2.000142 1.999510
v 7.000000 -1.500000 1.000000
v 7.188024 -1.300000 1.200000
v 7.250000 -1.543209 1.750000
v -6.992077 -1.276350 1.202641
v -7.300000 -1.338875 1.700000
v -6.982591 -1.052037 1.750000
v -5.500000 -1.500000 0.250000
v -5.300000 -1.500000 1.200000
v -5.500000 -1.500000 1.750000
v 3.964412 -1.250000 1.250000
v 4.250000 -1.500000 0.750000
v 4.250000 -1.500000 2.000000
v 3.964412 -1.250000 1.250000
v 4.250000 -1.500000 2.000000
v 3.777932 -1.300000 1.796861
v 4.250000 -1.500000 0.750000
v 4.833333 -1.530334 0.833333
v 4.500000 -1.500000 2.000000
v 4.250000 -1.500000 0.750000
v 4.500000 -1.500000 2.000000
v 4.250000 -1.500000 2.000000
v -6.790492 -0.889774 1.243169
v -6.982591 -1.052037 1.750000
v -5.906800 -0.567326 1.250000
v 6.578909 -0.450653 1.250000
v 7.019979 -0.988061 2.032304
v 7.110030 -0.895104 1.250000
v -5.906800 -0.567326 1.250000
v -5.037244 0.022498 2.066530
v -4.746650 0.040513 1.738335
v 5.129471 0.053023 1.250000
v 5.023903 0.019746 2.033338
v 6.578909 -0.450653 1.250000
v -4.265105 0.380323 1.300000
v -3.814943 0.333333 1.820365
v -3.935265 0.300000 1.300000
v 3.964412 0.250000 1.250000
v 4.201257 0.384135 1.700000
v 4.293103 0.458660 0.800000
v 3.964412 0.250000 1.250000
v 3.777932 0.300000 1.657172
v 4.201257 0.384135 1.700000
v 4.293103 0.458660 0.800000
v 5.023903 0.019746 2.033338
v 5.129471 0.053023 1.250000
v 4.293103 0.458660 0.800000
v 4.201257 0.384135 1.700000
v 5.023903 0.019746 2.033338
v -8.029770 -2.032624 1.975012
v -7.707421 -2.039656 2.244648
v -8.228720 -1.981363 2.272932
v -8.029770 -2.032624 1.975012
v -7.227010 -2.183401 2.300727
v -7.707421 -2.039656 2.244648
v -3.994370 -2.001443 1.495262
v -3.751275 -2.059713 2.225643
v -4.528734 -2.017567 1.956517
v -3.994370 -2.001443 1.495262
v -3.482710 -2.012108 1.971762
v -3.751275 -2.059713 2.225643
v -8.029770 -2.032624 1.975012
v -8.228720 -1.981363 2.272932
v -7.718039 -1.783413 2.244648
v -7.305159 -1.739254 1.742534
v -6.250000 -1.817948 1.750000
v -7.055159 -1.720622 2.309742
v -6.250000 -1.817948 1.750000
v -6.354821 -1.718188 2.350085
v -7.055159 -1.720622 2.309742
v -6.250000 -1.817948 1.750000
v -5.700000 -1.500000 2.300000
v -6.354821 -1.718188 2.350085
v -5.500000 -1.500000 1.750000
v -4.528734 -2.017567 1.956517
v -4.506396 -2.003260 2.506396
v -5.500000 -1.500000 1.750000
v -4.506396 -2.003260 2.506396
v -5.000000 -1.500000 2.500000
v 7.250000 -1.543209 1.750000
v 7.166667 -1.526835 2.666667
v 6.000342 -2.000142 1.999510
v -7.300000 -1.338875 1.700000
v -7.511271 -1.496659 2.562306
v -7.200000 -1.405250 2.300000
v -7.300000 -1.338875 1.700000
v -6.747673 -1.258341 2.333333
v -6.982591 -1.052037 1.750000
v -7.300000 -1.338875 1.700000
v -7.200000 -1.405250 2.300000
v -6.747673 -1.258341 2.333333
v -5.500000 -1.500000 1.750000
v -5.000000 -1.500000 2.500000
v -5.700000 -1.500000 2.300000
v 3.497410 -1.166667 1.994768
v 3.777932 -1.300000 1.796861
v 3.188634 -1.333333 2.703527
v -6.982591 -1.052037 1.750000
v -6.502711 -0.998771 2.507187
v -5.906800 -0.567326 1.250000
v -5.906800 -0.567326 1.250000
v -6.502711 -0.998771 2.507187
v -5.844113 -0.627030 2.250000
v 6.578909 -0.450653 1.250000
v 6.096470 -0.444706 2.131418
v 7.019979 -0.988061 2.032304
v -5.906800 -0.567326 1.250000
v -5.222347 -0.160107 2.239918
v -5.037244 0.022498 2.066530
v -5.906800 -0.567326 1.250000
v -5.844113 -0.627030 2.250000
v -5.222347 -0.160107 2.239918
v 5.023903 0.019746 2.033338
v 6.096470 -0.444706 2.131418
v 6.578909 -0.450653 1.250000
v -4.746650 0.040513 1.738335
v -4.379482 -0.019280 2.348794
v -4.265105 0.380323 1.300000
v -4.746650 0.040513 1.738335
v -5.037244 0.022498 2.066530
v -4.379482 -0.019280 2.348794
v -4.265105 0.380323 1.300000
v -3.562035 0.552121 2.642282
v -3.814943 0.333333 1.820365
v -4.265105 0.380323 1.300000
v -4.379482 -0.019280 2.348794
v -3.562035 0.552121 2.642282
v 4.201257 0.384135 1.700000
v 4.002095 0.504996 2.003256
v 5.023903 0.019746 2.033338
v 3.477571 1.024491 1.959665
v 4.002095 0.504996 2.003256
v 4.201257 0.384135 1.700000
v -6.466244 -2.561199 2.441192
v -6.449221 -2.549177 3.059490
v -7.010367 -2.505401 2.481969
v -7.707421 -2.039656 2.244648
v -7.227010 -2.183401 2.300727
v -7.220118 -2.226414 2.680115
v -7.707421 -2.039656 2.244648
v -7.220118 -2.226414 2.680115
v -7.511271 -1.496659 2.562306
v -4.506396 -2.003260 2.506396
v -4.528734 -2.017567 1.956517
v -4.010892 -2.006156 3.015083
v -4.528734 -2.017567 1.956517
v -3.751275 -2.059713 2.225643
v -4.010892 -2.006156 3.015083
v 4.991202 -2.004613 1.986790
v 5.250000 -2.206313 3.250000
v 3.997442 -2.001467 3.495854
v 4.991202 -2.004613 1.986790
v 5.750000 -2.028818 1.878082
v 5.250000 -2.206313 3.250000
v 5.750000 -2.028818 1.878082
v 6.000342 -2.000142 1.999510
v 6.124024 -2.055123 3.250000
v 5.750000 -2.028818 1.878082
v 6.124024 -2.055123 3.250000
v 5.250000 -2.206313 3.250000
v -9.002896 -1.999604 2.502278
v -8.427671 -1.990371 2.522008
v -8.228720 -1.981363 2.272932
v -7.055159 -1.720622 2.309742
v -7.241405 -1.472939 2.697820
v -6.644019 -1.299254 2.645937
v -7.055159 -1.720622 2.309742
v -6.349022 -1.700000 2.700000
v -6.354821 -1.718188 2.350085
v -7.055159 -1.720622 2.309742
v -6.644019 -1.299254 2.645937
v -6.349022 -1.700000 2.700000
v -3.751275 -2.059713 2.225643
v -3.482710 -2.012108 1.971762
v -3.224935 -1.691923 2.762275
v -3.751275 -2.059713 2.225643
v -3.224935 -1.691923 2.762275
v -3.654594 -1.938390 2.750000
v 3.333333 -1.540218 2.833333
v 4.250000 -1.500000 2.000000
v 3.997442 -2.001467 3.495854
v 4.250000 -1.500000 2.000000
v 4.500000 -1.500000 2.000000
v 3.997442 -2.001467 3.495854
v 6.000342 -2.000142 1.999510
v 6.800000 -1.654818 2.800000
v 6.124024 -2.055123 3.250000
v 6.000342 -2.000142 1.999510
v 7.166667 -1.526835 2.666667
v 6.800000 -1.654818 2.800000
v -7.511271 -1.496659 2.562306
v -7.241405 -1.472939 2.697820
v -7.200000 -1.405250 2.300000
v -6.747673 -1.258341 2.333333
v -6.250000 -1.500000 2.500000
v -6.266788 -1.343390 2.752695
v -6.747673 -1.258341 2.333333
v -6.266788 -1.343390 2.752695
v -6.644019 -1.299254 2.645937
v -5.700000 -1.500000 2.300000
v -5.000000 -1.500000 2.500000
v -5.000000 -1.500000 3.250000
v -5.700000 -1.500000 2.300000
v -5.000000 -1.500000 3.250000
v -6.250000 -1.500000 2.500000
v 3.188634 -1.333333 2.703527
v 3.777932 -1.300000 1.796861
v 3.333333 -1.540218 2.833333
v 6.096470 -0.444706 2.131418
v 4.750000 -0.255204 3.250000
v 6.038826 -0.981780 3.559151
v 6.096470 -0.444706 2.131418
v 6.269413 -1.285631 3.779575
v 7.019979 -0.988061 2.032304
v 6.096470 -0.444706 2.131418
v 6.038826 -0.981780 3.559151
v 6.269413 -1.285631 3.779575
v -4.379482 -0.019280 2.348794
v -5.222347 -0.160107 2.239918
v -4.218982 -0.134551 3.222276
v 5.023903 0.019746 2.033338
v 4.750000 -0.255204 3.250000
v 6.096470 -0.444706 2.131418
v -4.379482 -0.019280 2.348794
v -3.737221 0.327660 2.785369
v -3.562035 0.552121 2.642282
v 4.002095 0.504996 2.003256
v 4.017531 0.012811 3.076161
v 5.023903 0.019746 2.033338
v -3.666667 0.564320 1.979295
v -3.272859 0.542707 2.773797
v -3.489229 0.564320 1.979295
v -3.666667 0.564320 1.979295
v -3.562035 0.552121 2.642282
v -3.272859 0.542707 2.773797
v 3.477571 1.024491 1.959665
v 3.223319 0.794679 2.739380
v 3.579216 1.033212 2.619867
v -7.220118 -2.226414 2.680115
v -6.759203 -2.331190 3.235694
v -7.036179 -2.027686 3.591346
v 3.997442 -2.001467 3.495854
v 5.250000 -2.206313 3.250000
v 4.750000 -2.204686 3.750000
v -4.506396 -2.003260 2.506396
v -4.010892 -2.006156 3.015083
v -5.000000 -1.500000 3.250000
v -3.224935 -1.691923 2.762275
v -2.628434 -1.300000 3.261167
v -2.500000 -1.500000 3.500000
v -3.224935 -1.691923 2.762275
v -2.500000 -1.500000 3.500000
v -3.654594 -1.938390 2.750000
v 3.333333 -1.540218 2.833333
v 3.997442 -2.001467 3.495854
v 3.000000 -1.500000 3.000000
v -7.241405 -1.472939 2.697820
v -7.190423 -1.422606 3.250000
v -6.644019 -1.299254 2.645937
v -6.644019 -1.299254 2.645937
v -6.143497 -1.334172 3.250000
v -6.266788 -1.343390 2.752695
v -6.644019 -1.299254 2.645937
v -7.190423 -1.422606 3.250000
v -6.143497 -1.334172 3.250000
v -6.266788 -1.343390 2.752695
v -6.250000 -1.500000 2.500000
v -6.143497 -1.334172 3.250000
v -6.250000 -1.500000 2.500000
v -5.000000 -1.500000 3.250000
v -5.000000 -1.500000 4.000000
v -6.250000 -1.500000 2.500000
v -5.000000 -1.500000 4.000000
v -6.143497 -1.334172 3.250000
v -6.502711 -0.998771 2.507187
v -5.715880 -0.978509 3.704848
v -5.844113 -0.627030 2.250000
v -6.502711 -0.998771 2.507187
v -6.004559 -0.998127 3.508080
v -5.715880 -0.978509 3.704848
v -5.844113 -0.627030 2.250000
v -5.715880 -0.978509 3.704848
v -4.774925 -0.376116 3.273956
v -5.222347 -0.160107 2.239918
v -4.774925 -0.376116 3.273956
v -4.218982 -0.134551 3.222276
v -4.379482 -0.019280 2.348794
v -3.703285 0.109157 3.222276
v -3.737221 0.327660 2.785369
v -3.737221 0.327660 2.785369
v -3.284986 0.390818 3.294784
v -3.272859 0.542707 2.773797
v -3.737221 0.327660 2.785369
v -3.703285 0.109157 3.222276
v -3.284986 0.390818 3.294784
v -3.272859 0.542707 2.773797
v -2.784489 0.557507 3.262491
v -2.905312 0.533292 2.905312
v -3.272859 0.542707 2.773797
v -3.284986 0.390818 3.294784
v -2.784489 0.557507 3.262491
v 3.223319 0.794679 2.739380
v 2.715336 0.635827 3.230235
v 3.277105 0.687748 3.276444
v 3.223319 0.794679 2.739380
v 3.567755 0.637286 3.127406
v 3.579216 1.033212 2.619867
v 3.223319 0.794679 2.739380
v 3.277105 0.687748 3.276444
v 3.567755 0.637286 3.127406
v -6.759203 -2.331190 3.235694
v -6.449221 -2.549177 3.059490
v -6.447783 -2.074606 3.616440
v -6.759203 -2.331190 3.235694
v -6.447783 -2.074606 3.616440
v -7.036179 -2.027686 3.591346
v 5.250000 -2.206313 3.250000
v 5.770669 -2.093563 3.768407
v 4.750000 -2.204686 3.750000
v 5.250000 -2.206313 3.250000
v 6.124024 -2.055123 3.250000
v 5.770669 -2.093563 3.768407
v -5.000000 -1.500000 3.250000
v -4.010892 -2.006156 3.015083
v -3.750000 -1.849255 3.750000
v -5.000000 -1.500000 3.250000
v -3.750000 -1.849255 3.750000
v -5.000000 -1.500000 4.000000
v -4.010892 -2.006156 3.015083
v -3.654594 -1.938390 2.750000
v -3.250000 -1.877066 3.750000
v -4.010892 -2.006156 3.015083
v -3.250000 -1.877066 3.750000
v -3.750000 -1.849255 3.750000
v -3.654594 -1.938390 2.750000
v -2.500000 -1.500000 3.500000
v -3.250000 -1.877066 3.750000
v 3.000000 -1.500000 3.000000
v 3.997442 -2.001467 3.495854
v 2.500000 -1.500000 3.750000
v 6.124024 -2.055123 3.250000
v 6.800000 -1.654818 2.800000
v 6.666667 -1.469963 3.666667
v 6.124024 -2.055123 3.250000
v 6.666667 -1.469963 3.666667
v 6.285725 -1.747218 3.807006
v -7.190423 -1.422606 3.250000
v -7.006490 -1.496881 4.009875
v -6.833333 -1.496881 4.009875
v -7.190423 -1.422606 3.250000
v -6.168946 -1.321042 3.587373
v -6.143497 -1.334172 3.250000
v -7.190423 -1.422606 3.250000
v -6.833333 -1.496881 4.009875
v -6.168946 -1.321042 3.587373
v -6.143497 -1.334172 3.250000
v -5.715880 -1.300000 3.704848
v -6.168946 -1.321042 3.587373
v -6.143497 -1.334172 3.250000
v -5.000000 -1.500000 4.000000
v -5.715880 -1.300000 3.704848
v -2.628434 -1.300000 3.261167
v -1.994768 -1.166667 3.497410
v -2.500000 -1.500000 3.500000
v 1.994768 -1.166667 3.497410
v 3.000000 -1.500000 3.000000
v 2.500000 -1.500000 3.750000
v 6.269413 -1.285631 3.779575
v 6.666667 -1.469963 3.666667
v 6.792181 -1.259696 2.809361
v -5.715880 -0.978509 3.704848
v -5.526467 -0.992098 4.045436
v -4.774925 -0.376116 3.273956
v -4.774925 -0.376116 3.273956
v -3.505475 0.003643 3.505152
v -4.218982 -0.134551 3.222276
v 4.017531 0.012811 3.076161
v 3.574240 0.026572 4.038402
v 4.750000 -0.255204 3.250000
v -3.703285 0.109157 3.222276
v -3.505475 0.003643 3.505152
v -3.284986 0.390818 3.294784
v -3.284986 0.390818 3.294784
v -2.915127 0.296162 3.800000
v -2.784489 0.557507 3.262491
v -3.284986 0.390818 3.294784
v -3.505475 0.003643 3.505152
v -2.915127 0.296162 3.800000
v 2.200000 0.300000 3.292840
v 1.733636 0.300000 3.762298
v 2.200000 0.474688 3.750221
v 3.567755 0.637286 3.127406
v 3.574240 0.026572 4.038402
v 4.017531 0.012811 3.076161
v 3.567755 0.637286 3.127406
v 3.277105 0.687748 3.276444
v 3.574240 0.026572 4.038402
v -2.784489 0.557507 3.262491
v -2.250000 0.722950 3.750000
v -1.884236 0.620114 3.412411
v -2.784489 0.557507 3.262491
v -2.528211 0.524298 4.018812
v -2.250000 0.722950 3.750000
v -1.884236 0.620114 3.412411
v -2.250000 0.722950 3.750000
v -1.730542 0.641564 3.762025
v 2.200000 0.474688 3.750221
v 3.277105 0.687748 3.276444
v 2.715336 0.635827 3.230235
v 3.997442 -2.001467 3.495854
v 4.750000 -2.204686 3.750000
v 4.750000 -2.095547 4.207917
v 3.997442 -2.001467 3.495854
v 4.750000 -2.095547 4.207917
v 4.212948 -1.920237 4.275355
v 4.750000 -2.204686 3.750000
v 5.250000 -2.089390 4.172644
v 4.750000 -2.095547 4.207917
v 4.750000 -2.204686 3.750000
v 5.770669 -2.093563 3.768407
v 5.250000 -2.089390 4.172644
v -3.750000 -1.849255 3.750000
v -3.520243 -2.010553 4.541394
v -5.000000 -1.500000 4.000000
v -3.750000 -1.849255 3.750000
v -3.250000 -1.877066 3.750000
v -2.921933 -2.016680 4.465533
v -3.750000 -1.849255 3.750000
v -2.921933 -2.016680 4.465533
v -3.520243 -2.010553 4.541394
v -3.250000 -1.877066 3.750000
v -2.500000 -1.500000 3.500000
v -2.921933 -2.016680 4.465533
v -2.500000 -1.500000 3.500000
v -1.700000 -1.500000 4.200000
v -2.921933 -2.016680 4.465533
v 2.500000 -1.500000 3.750000
v 3.250000 -1.669260 5.250000
v 2.500000 -1.500000 4.500000
v 2.500000 -1.500000 3.750000
v 3.997442 -2.001467 3.495854
v 4.212948 -1.920237 4.275355
v 2.500000 -1.500000 3.750000
v 4.212948 -1.920237 4.275355
v 3.250000 -1.669260 5.250000
v 5.770669 -2.093563 3.768407
v 6.285725 -1.747218 3.807006
v 6.166667 -1.434633 4.166667
v 5.770669 -2.093563 3.768407
v 6.166667 -1.434633 4.166667
v 5.808891 -1.758470 4.289281
v -5.715880 -1.300000 3.704848
v -5.000000 -1.500000 4.000000
v -5.315774 -1.333333 4.189385
v -5.715880 -1.300000 3.704848
v -5.315774 -1.333333 4.189385
v -5.526467 -0.992098 4.045436
v -2.500000 -1.500000 3.500000
v -1.994768 -1.166667 3.497410
v -1.700000 -1.500000 4.200000
v -1.994768 -1.166667 3.497410
v -1.250000 -1.250000 3.964412
v -1.700000 -1.500000 4.200000
v -1.250000 -1.250000 3.964412
v -0.333333 -1.166667 3.997796
v -0.250000 -1.333333 4.166667
v -1.250000 -1.250000 3.964412
v -0.250000 -1.333333 4.166667
v -1.700000 -1.500000 4.200000
v 0.750000 -1.500000 4.000000
v 1.250000 -1.250000 3.928372
v 1.300000 -1.500000 4.200000
v 1.250000 -1.250000 3.928372
v 1.994768 -1.166667 3.497410
v 2.250000 -1.500000 4.250000
v 1.250000 -1.250000 3.928372
v 2.250000 -1.500000 4.250000
v 1.300000 -1.500000 4.200000
v 1.994768 -1.166667 3.497410
v 2.500000 -1.500000 3.750000
v 2.250000 -1.500000 4.250000
v 2.500000 -1.500000 3.750000
v 2.500000 -1.500000 4.500000
v 2.250000 -1.500000 4.250000
v 6.038826 -0.981780 3.559151
v 6.166667 -1.434633 4.166667
v 6.269413 -1.285631 3.779575
v 6.038826 -0.981780 3.559151
v 5.800859 -1.248978 4.316023
v 6.166667 -1.434633 4.166667
v -5.526467 -0.992098 4.045436
v -4.516484 -0.487983 4.517969
v -4.774925 -0.376116 3.273956
v 4.750000 -0.255204 3.250000
v 4.548840 -0.473279 4.570950
v 6.038826 -0.981780 3.559151
v -4.774925 -0.376116 3.273956
v -4.516484 -0.487983 4.517969
v -3.505475 0.003643 3.505152
v -3.505475 0.003643 3.505152
v -4.516484 -0.487983 4.517969
v -3.790504 -0.411765 4.793129
v -3.505475 0.003643 3.505152
v -3.790504 -0.411765 4.793129
v -3.250000 -0.045160 3.878864
v 3.574240 0.026572 4.038402
v 4.548840 -0.473279 4.570950
v 4.750000 -0.255204 3.250000
v -0.700000 0.300000 3.973446
v -0.833333 0.505850 3.995480
v -0.200000 0.277330 4.200000
v 0.333333 0.166667 3.997796
v 0.750000 0.398605 4.250000
v 0.750000 0.250000 3.990344
v 0.333333 0.166667 3.997796
v 0.200000 0.277330 4.200000
v 0.750000 0.398605 4.250000
v 0.750000 0.250000 3.990344
v 0.750000 0.398605 4.250000
v 2.250000 0.249997 4.250000
v 0.750000 0.250000 3.990344
v 2.250000 0.249997 4.250000
v 1.733636 0.300000 3.762298
v 1.733636 0.300000 3.762298
v 2.250000 0.249997 4.250000
v 2.200000 0.474688 3.750221
v 2.200000 0.474688 3.750221
v 2.250000 0.249997 4.250000
v 3.277105 0.687748 3.276444
v 3.277105 0.687748 3.276444
v 2.250000 0.249997 4.250000
v 3.574240 0.026572 4.038402
v -1.730542 0.641564 3.762025
v -2.250000 0.722950 3.750000
v -0.833333 0.505850 3.995480
v -5.000000 -1.500000 4.000000
v -3.520243 -2.010553 4.541394
v -5.166667 -1.531172 5.166667
v -2.921933 -2.016680 4.465533
v -1.700000 -1.500000 4.200000
v -2.133350 -2.033133 4.914437
v -1.700000 -1.500000 4.200000
v -1.500000 -1.500000 4.500000
v -2.133350 -2.033133 4.914437
v 0.750000 -1.500000 4.000000
v -0.071628 -2.027269 4.951294
v -0.500000 -1.500000 4.500000
v 0.750000 -1.500000 4.000000
v 0.643277 -2.045108 4.925168
v -0.071628 -2.027269 4.951294
v 0.750000 -1.500000 4.000000
v 1.300000 -1.500000 4.200000
v 1.500000 -1.500000 4.500000
v 0.750000 -1.500000 4.000000
v 1.500000 -1.500000 4.500000
v 0.643277 -2.045108 4.925168
v 3.250000 -1.669260 5.250000
v 4.212948 -1.920237 4.275355
v 4.800000 -1.681496 4.800000
v 4.212948 -1.920237 4.275355
v 4.750000 -2.095547 4.207917
v 4.800000 -1.681496 4.800000
v 4.750000 -2.095547 4.207917
v 5.250000 -2.089390 4.172644
v 5.666667 -1.572466 4.666667
v 4.750000 -2.095547 4.207917
v 5.666667 -1.572466 4.666667
v 4.800000 -1.681496 4.800000
v 5.250000 -2.089390 4.172644
v 5.808891 -1.758470 4.289281
v 5.666667 -1.572466 4.666667
v -1.700000 -1.500000 4.200000
v -0.250000 -1.333333 4.166667
v -0.500000 -1.500000 4.500000
v -1.700000 -1.500000 4.200000
v -0.500000 -1.500000 4.500000
v -1.500000 -1.500000 4.500000
v 1.300000 -1.500000 4.200000
v 2.250000 -1.500000 4.250000
v 1.500000 -1.500000 4.500000
v 2.250000 -1.500000 4.250000
v 2.500000 -1.500000 4.500000
v 1.500000 -1.500000 4.500000
v 5.800859 -1.248978 4.316023
v 5.252636 -1.281661 4.833333
v 5.666667 -1.572466 4.666667
v -5.526467 -0.992098 4.045436
v -5.131547 -0.940998 4.641432
v -4.516484 -0.487983 4.517969
v 4.548840 -0.473279 4.570950
v 5.031851 -0.979629 5.060206
v 6.038826 -0.981780 3.559151
v -3.250000 -0.045160 3.878864
v -3.790504 -0.411765 4.793129
v -2.241561 -0.460257 5.266375
v -3.250000 -0.045160 3.878864
v -2.241561 -0.460257 5.266375
v -1.750000 -0.141790 4.888042
v 3.574240 0.026572 4.038402
v 4.061531 -0.484957 5.031660
v 4.548840 -0.473279 4.570950
v -1.750000 0.388595 4.350159
v -0.250000 0.221662 4.723892
v -0.833333 0.505850 3.995480
v -0.833333 0.505850 3.995480
v -0.250000 0.221662 4.723892
v -0.200000 0.277330 4.200000
v -0.200000 0.277330 4.200000
v -0.250000 0.221662 4.723892
v 0.200000 0.277330 4.200000
v 0.200000 0.277330 4.200000
v 0.750000 -0.026700 4.903989
v 0.750000 0.398605 4.250000
v 0.200000 0.277330 4.200000
v -0.250000 0.221662 4.723892
v 0.750000 -0.026700 4.903989
v 0.750000 0.398605 4.250000
v 2.250000 0.031637 4.536671
v 2.250000 0.249997 4.250000
v 0.750000 0.398605 4.250000
v 0.750000 -0.026700 4.903989
v 2.250000 0.031637 4.536671
v -2.133350 -2.033133 4.914437
v -1.401718 -2.032614 4.942038
v -1.529551 -2.007576 5.514494
v -1.401718 -2.032614 4.942038
v -0.949902 -2.003779 5.507927
v -1.529551 -2.007576 5.514494
v 0.643277 -2.045108 4.925168
v 1.122326 -2.032331 5.366848
v -0.071628 -2.027269 4.951294
v -3.520243 -2.010553 4.541394
v -4.166667 -1.580347 5.666667
v -5.166667 -1.531172 5.166667
v -3.520243 -2.010553 4.541394
v -3.800000 -1.653088 5.800000
v -4.166667 -1.580347 5.666667
v -3.520243 -2.010553 4.541394
v -2.921933 -2.016680 4.465533
v -2.250000 -1.840405 5.750000
v -2.921933 -2.016680 4.465533
v -2.133350 -2.033133 4.914437
v -2.250000 -1.840405 5.750000
v -1.401718 -2.032614 4.942038
v -0.500000 -1.500000 4.500000
v -0.769941 -1.875078 5.287947
v 0.643277 -2.045108 4.925168
v 1.500000 -1.500000 4.500000
v 1.122326 -2.032331 5.366848
v 1.500000 -1.500000 4.500000
v 1.750000 -1.935088 5.651636
v 1.122326 -2.032331 5.366848
v 1.750000 -1.935088 5.651636
v 2.500000 -1.500000 4.500000
v 3.250000 -1.669260 5.250000
v 4.800000 -1.681496 4.800000
v 4.750000 -1.532799 5.250000
v 3.250000 -1.669260 5.250000
v -5.278928 -1.238189 4.784859
v -5.166667 -1.531172 5.166667
v -4.757145 -1.281824 5.333333
v 4.959262 -1.300000 5.236124
v 5.252636 -1.281661 4.833333
v 5.031851 -0.979629 5.060206
v -5.131547 -0.940998 4.641432
v -4.527318 -0.988122 5.524191
v -4.516484 -0.487983 4.517969
v 4.548840 -0.473279 4.570950
v 4.061531 -0.484957 5.031660
v 5.031851 -0.979629 5.060206
v -3.790504 -0.411765 4.793129
v -3.409900 -0.508328 5.467702
v -2.241561 -0.460257 5.266375
v -0.250000 0.221662 4.723892
v -1.750000 -0.141790 4.888042
v -0.250000 -0.216243 5.250000
v -0.250000 -0.216243 5.250000
v 0.750000 -0.026700 4.903989
v -0.250000 0.221662 4.723892
v 2.250000 0.031637 4.536671
v 0.750000 -0.026700 4.903989
v 1.961668 -0.505927 5.990379
v 2.250000 0.031637 4.536671
v 1.961668 -0.505927 5.990379
v 2.494558 -0.503121 5.495945
v 2.250000 0.031637 4.536671
v 4.061531 -0.484957 5.031660
v 3.574240 0.026572 4.038402
v 2.250000 0.031637 4.536671
v 2.494558 -0.503121 5.495945
v 4.061531 -0.484957 5.031660
v -0.071628 -2.027269 4.951294
v 1.122326 -2.032331 5.366848
v 1.236362 -2.029857 5.768511
v -0.071628 -2.027269 4.951294
v 1.236362 -2.029857 5.768511
v -0.014189 -2.002899 6.008299
v -3.520243 -2.010553 4.541394
v -2.250000 -1.840405 5.750000
v -3.800000 -1.653088 5.800000
v -2.133350 -2.033133 4.914437
v -1.529551 -2.007576 5.514494
v -2.250000 -1.840405 5.750000
v -0.769941 -1.875078 5.287947
v -0.014189 -2.002899 6.008299
v -0.949902 -2.003779 5.507927
v 1.122326 -2.032331 5.366848
v 1.750000 -1.935088 5.651636
v 1.236362 -2.029857 5.768511
v 3.250000 -1.669260 5.250000
v 3.750000 -1.706328 6.250000
v 1.750000 -1.935088 5.651636
v -4.757145 -1.281824 5.333333
v -4.300000 -1.300000 5.703896
v -4.527318 -0.988122 5.524191
v -4.516484 -0.487983 4.517969
v -3.636111 -0.940679 6.090304
v -3.409900 -0.508328 5.467702
v -4.516484 -0.487983 4.517969
v -4.527318 -0.988122 5.524191
v -3.636111 -0.940679 6.090304
v -2.241561 -0.460257 5.266375
v -3.409900 -0.508328 5.467702
v -1.250000 -0.536108 5.842785
v 2.494558 -0.503121 5.495945
v 4.038724 -0.991009 6.018648
v 4.061531 -0.484957 5.031660
v 4.061531 -0.484957 5.031660
v 4.799385 -1.278485 5.711301
v 5.031851 -0.979629 5.060206
v 4.061531 -0.484957 5.031660
v 4.038724 -0.991009 6.018648
v 4.799385 -1.278485 5.711301
v -2.241561 -0.460257 5.266375
v -1.250000 -0.536108 5.842785
v -1.750000 -0.141790 4.888042
v -1.750000 -0.141790 4.888042
v -1.250000 -0.536108 5.842785
v 0.250000 -0.510261 5.977639
v -1.750000 -0.141790 4.888042
v 0.250000 -0.510261 5.977639
v -0.250000 -0.216243 5.250000
v -0.250000 -0.216243 5.250000
v 1.075072 -0.513498 5.959743
v 0.750000 -0.026700 4.903989
v -0.250000 -0.216243 5.250000
v 0.250000 -0.510261 5.977639
v 1.075072 -0.513498 5.959743
v 0.750000 -0.026700 4.903989
v 1.075072 -0.513498 5.959743
v 1.961668 -0.505927 5.990379
v 1.236362 -2.029857 5.768511
v 1.750000 -1.935088 5.651636
v 1.905673 -2.028858 6.571406
v 1.236362 -2.029857 5.768511
v 1.905673 -2.028858 6.571406
v 1.210238 -1.894351 6.255040
v 1.750000 -1.935088 5.651636
v 2.583200 -2.021305 6.444080
v 1.905673 -2.028858 6.571406
v -3.800000 -1.653088 5.800000
v -3.166667 -1.523137 6.666667
v -3.727083 -1.250000 6.192728
v -3.800000 -1.653088 5.800000
v -2.250000 -1.840405 5.750000
v -2.800000 -1.567189 6.800000
v -3.800000 -1.653088 5.800000
v -2.800000 -1.567189 6.800000
v -3.166667 -1.523137 6.666667
v -2.250000 -1.840405 5.750000
v -1.529551 -2.007576 5.514494
v -1.700000 -1.650465 6.300000
v -1.529551 -2.007576 5.514494
v -0.949902 -2.003779 5.507927
v -0.250000 -1.500000 6.500000
v -1.529551 -2.007576 5.514494
v -0.250000 -1.500000 6.500000
v -1.700000 -1.650465 6.300000
v -0.949902 -2.003779 5.507927
v -0.014189 -2.002899 6.008299
v -0.250000 -1.500000 6.500000
v 0.750000 -1.978230 5.967444
v 1.236362 -2.029857 5.768511
v 1.210238 -1.894351 6.255040
v 1.750000 -1.935088 5.651636
v 3.750000 -1.706328 6.250000
v 2.583200 -2.021305 6.444080
v 3.250000 -1.669260 5.250000
v 4.750000 -1.532799 5.250000
v 3.750000 -1.706328 6.250000
v 4.750000 -1.532799 5.250000
v 5.076826 -1.532088 5.833333
v 3.750000 -1.706328 6.250000
v 5.076826 -1.532088 5.833333
v 5.006386 -1.505213 6.505065
v 3.750000 -1.706328 6.250000
v 4.038724 -0.991009 6.018648
v 5.006386 -1.505213 6.505065
v 4.799385 -1.278485 5.711301
v 4.799385 -1.278485 5.711301
v 5.006386 -1.505213 6.505065
v 5.076826 -1.532088 5.833333
v -3.409900 -0.508328 5.467702
v -3.636111 -0.940679 6.090304
v -2.070807 -0.984647 7.027511
v -3.409900 -0.508328 5.467702
v -1.755024 -0.894079 6.777737
v -1.250000 -0.536108 5.842785
v -3.409900 -0.508328 5.467702
v -2.070807 -0.984647 7.027511
v -1.755024 -0.894079 6.777737
v 0.250000 -0.510261 5.977639
v -1.250000 -0.536108 5.842785
v 1.075072 -0.513498 5.959743
v 2.494558 -0.503121 5.495945
v 1.961668 -0.505927 5.990379
v 3.060299 -0.989075 6.521042
v 2.494558 -0.503121 5.495945
v 3.060299 -0.989075 6.521042
v 4.038724 -0.991009 6.018648
v 1.905673 -2.028858 6.571406
v 2.583200 -2.021305 6.444080
v 2.486164 -2.004111 7.009743
v 2.583200 -2.021305 6.444080
v 3.023814 -2.005440 7.019491
v 2.486164 -2.004111 7.009743
v -2.800000 -1.567189 6.800000
v -2.250000 -1.840405 5.750000
v -2.200000 -1.597889 6.800000
v -2.250000 -1.840405 5.750000
v -1.700000 -1.650465 6.300000
v -2.200000 -1.597889 6.800000
v 0.750000 -1.978230 5.967444
v 1.210238 -1.894351 6.255040
v 1.200000 -1.618909 6.800000
v 0.750000 -1.978230 5.967444
v 1.200000 -1.618909 6.800000
v 0.700000 -1.300000 6.738732
v 1.210238 -1.894351 6.255040
v 1.905673 -2.028858 6.571406
v 1.200000 -1.618909 6.800000
v 2.583200 -2.021305 6.444080
v 3.750000 -1.706328 6.250000
v 3.023814 -2.005440 7.019491
v 3.750000 -1.706328 6.250000
v 4.236626 -1.595253 6.745899
v 3.023814 -2.005440 7.019491
v 3.750000 -1.706328 6.250000
v 5.006386 -1.505213 6.505065
v 4.236626 -1.595253 6.745899
v -1.700000 -1.650465 6.300000
v -1.250000 -1.250000 6.679041
v -1.712520 -1.333333 6.814781
v -1.700000 -1.650465 6.300000
v -0.250000 -1.500000 6.500000
v -1.250000 -1.250000 6.679041
v -0.250000 -1.500000 6.500000
v 0.700000 -1.300000 6.738732
v -1.250000 -1.250000 6.679041
v 3.060299 -0.989075 6.521042
v 4.061044 -1.479360 7.042408
v 4.038724 -0.991009 6.018648
v 4.038724 -0.991009 6.018648
v 4.061044 -1.479360 7.042408
v 5.006386 -1.505213 6.505065
v -1.755024 -0.894079 6.777737
v -1.250000 -0.919708 6.679041
v -1.250000 -0.536108 5.842785
v -1.250000 -0.536108 5.842785
v 1.250000 -0.936088 6.658465
v 1.075072 -0.513498 5.959743
v -1.250000 -0.536108 5.842785
v -1.250000 -0.919708 6.679041
v 1.250000 -0.936088 6.658465
v 1.075072 -0.513498 5.959743
v 1.250000 -0.936088 6.658465
v 1.961668 -0.505927 5.990379
v 1.961668 -0.505927 5.990379
v 1.250000 -0.936088 6.658465
v 3.060299 -0.989075 6.521042
v -2.800000 -1.567189 6.800000
v -2.200000 -1.597889 6.800000
v -2.666667 -1.513437 7.166667
v 1.905673 -2.028858 6.571406
v 2.486164 -2.004111 7.009743
v 1.200000 -1.618909 6.800000
v 3.023814 -2.005440 7.019491
v 4.236626 -1.595253 6.745899
v 4.061044 -1.479360 7.042408
v -2.800000 -1.280043 6.887321
v -2.666667 -1.513437 7.166667
v -2.202070 -1.316702 7.097089
v 1.200000 -1.253963 6.926772
v 1.333333 -1.531631 7.662823
v 1.750000 -1.351414 7.250000
v 3.060299 -0.989075 6.521042
v 1.750000 -1.351414 7.250000
v 3.502100 -1.499270 7.501548
v 3.060299 -0.989075 6.521042
v 3.502100 -1.499270 7.501548
v 4.061044 -1.479360 7.042408
v 1.200000 -1.618909 6.800000
v 1.750000 -1.547531 7.734831
v 1.333333 -1.531631 7.662823
v 1.200000 -1.618909 6.800000
v 2.486164 -2.004111 7.009743
v 2.750000 -1.573273 7.576430
v 1.200000 -1.618909 6.800000
v 2.750000 -1.573273 7.576430
v 1.750000 -1.547531 7.734831
v 2.750000 -1.573273 7.576430
v 3.023814 -2.005440 7.019491
v 3.502100 -1.499270 7.501548
v 3.023814 -2.005440 7.019491
v 4.061044 -1.479360 7.042408
v 3.502100 -1.499270 7.501548
v 1.333333 -1.531631 7.662823
v 1.750000 -1.547531 7.734831
v 1.750000 -1.351414 7.250000
v 1.750000 -1.351414 7.250000
v 1.750000 -1.547531 7.734831
v 3.502100 -1.499270 7.501548
v -3.066196 -2.022035 -7.084076
v -2.750000 -1.750000 -7.311791
v -2.473502 -2.012999 -7.023353
v -3.066196 -2.022035 -7.084076
v -3.239718 -1.777541 -7.219236
v -2.750000 -1.750000 -7.311791
v -2.473502 -2.012999 -7.023353
v -2.750000 -1.750000 -7.311791
v -2.333333 -1.470098 -7.166667
v -3.239718 -1.777541 -7.219236
v -4.165493 -1.413858 -7.120944
v -2.750000 -1.425498 -7.231219
v -3.239718 -1.777541 -7.219236
v -2.750000 -1.425498 -7.231219
v -2.750000 -1.750000 -7.311791
v -2.750000 -1.750000 -7.311791
v -2.750000 -1.425498 -7.231219
v -2.333333 -1.470098 -7.166667
v 1.250000 -1.552853 -7.250000
v 0.833333 -1.507990 -7.166667
v 1.750000 -1.361632 -7.250000
v 1.250000 -1.552853 -7.250000
v 1.750000 -1.361632 -7.250000
v 2.700000 -1.612333 -7.300000
v 2.700000 -1.612333 -7.300000
v 1.750000 -1.361632 -7.250000
v 2.833333 -1.500028 -7.500026
v 3.200038 -1.627459 -7.257608
v 3.200038 -1.339391 -7.257608
v 4.048422 -1.544514 -7.040478
v -2.750000 -2.026275 -6.835420
v -2.473502 -2.012999 -7.023353
v -2.236751 -1.756889 -6.798358
v 0.440030 -2.037974 -6.563889
v 0.833333 -1.507990 -7.166667
v 1.077723 -2.060577 -6.643034
v 0.440030 -2.037974 -6.563889
v 0.264018 -1.776066 -6.738333
v 0.833333 -1.507990 -7.166667
v 1.077723 -2.060577 -6.643034
v 0.833333 -1.507990 -7.166667
v 1.288861 -1.701902 -6.738184
v -5.077919 -1.549485 -6.553012
v -4.299296 -1.248315 -6.834346
v -4.299296 -1.690280 -6.799267
v -5.077919 -1.549485 -6.553012
v -4.725185 -1.255462 -6.643612
v -4.299296 -1.248315 -6.834346
v -2.236751 -1.756889 -6.798358
v -2.200000 -1.282059 -6.822832
v -1.750000 -1.568893 -6.750000
v -1.750000 -1.568893 -6.750000
v -2.200000 -1.282059 -6.822832
v -0.800000 -1.558848 -6.800000
v -0.800000 -1.558848 -6.800000
v -2.200000 -1.282059 -6.822832
v -0.800000 -1.238128 -6.944701
v -0.200000 -1.630083 -6.800000
v 0.700000 -1.298326 -6.966298
v 0.264018 -1.776066 -6.738333
v -0.200000 -1.630083 -6.800000
v -0.200000 -1.238128 -6.990324
v 0.700000 -1.298326 -6.966298
v 0.264018 -1.776066 -6.738333
v 0.700000 -1.298326 -6.966298
v 0.833333 -1.507990 -7.166667
v 1.288861 -1.701902 -6.738184
v 1.700000 -1.577907 -6.700000
v 1.357143 -1.311106 -6.755169
v 3.800000 -1.653744 -6.700000
v 4.048422 -1.544514 -6.833333
v 3.800000 -1.333878 -6.700000
v -4.725185 -1.255462 -6.643612
v -4.541975 -0.992162 -6.520897
v -4.299296 -1.248315 -6.834346
v -4.299296 -1.248315 -6.834346
v -4.541975 -0.992162 -6.520897
v -3.846903 -0.984953 -6.537569
v -2.750000 -1.425498 -7.231219
v -2.507187 -0.998771 -6.502711
v -2.200000 -1.282059 -6.822832
v -2.200000 -1.282059 -6.822832
v -0.250000 -0.913599 -6.737905
v -0.800000 -1.238128 -6.944701
v -2.200000 -1.282059 -6.822832
v -2.507187 -0.998771 -6.502711
v -0.250000 -0.913599 -6.737905
v -0.800000 -1.238128 -6.944701
v -0.250000 -0.913599 -6.737905
v -0.200000 -1.238128 -6.990324
v -0.200000 -1.238128 -6.990324
v 0.750000 -0.932338 -6.707873
v 0.700000 -1.298326 -6.966298
v -0.200000 -1.238128 -6.990324
v -0.250000 -0.913599 -6.737905
v 0.750000 -0.932338 -6.707873
v 0.700000 -1.298326 -6.966298
v 0.750000 -0.932338 -6.707873
v 1.357143 -1.311106 -6.755169
v 1.357143 -1.311106 -6.755169
v 2.250000 -0.886782 -6.645310
v 1.750000 -1.361632 -7.250000
v 1.357143 -1.311106 -6.755169
v 0.750000 -0.932338 -6.707873
v 2.250000 -0.886782 -6.645310
v 0.996195 -2.501195 -6.008427
v 0.789554 -2.215943 -6.225777
v 1.208851 -2.225718 -6.213248
v 0.440030 -2.037974 -6.563889
v 0.789554 -2.215943 -6.225777
v 0.500000 -1.500000 -6.000000
v 0.440030 -2.037974 -6.563889
v 0.500000 -1.500000 -6.000000
v 0.264018 -1.776066 -6.265877
v 1.208851 -2.225718 -6.213248
v 1.500000 -1.500000 -6.500000
v 1.750000 -2.061186 -6.125413
v 1.750000 -2.061186 -6.125413
v 1.500000 -1.500000 -6.500000
v 1.700000 -1.577907 -6.700000
v 1.750000 -2.061186 -6.125413
v 2.744696 -1.960991 -6.285703
v 2.574493 -2.019782 -5.952230
v 1.750000 -2.061186 -6.125413
v 1.700000 -1.577907 -6.700000
v 2.744696 -1.960991 -6.285703
v -0.750000 -1.555671 -6.250000
v 0.264018 -1.776066 -6.265877
v 0.500000 -1.500000 -6.000000
v -5.262659 -1.261724 -6.241883
v -4.541975 -0.992162 -6.520897
v -4.725185 -1.255462 -6.643612
v -5.262659 -1.261724 -6.241883
v -5.268440 -0.906222 -5.749248
v -4.541975 -0.992162 -6.520897
v 0.784220 -1.700000 -5.700000
v 1.000000 -1.500000 -5.500000
v 0.500000 -1.500000 -6.000000
v -5.586831 -1.258606 -5.749248
v -5.536054 -0.972035 -5.582081
v -5.268440 -0.906222 -5.749248
v 3.768367 -1.333333 -5.679900
v 3.722040 -0.934956 -5.715880
v 4.045436 -0.992098 -5.526467
v 0.890788 -2.051953 -5.417827
v 1.791373 -1.935133 -5.220516
v 0.810338 -1.680376 -5.321926
v 0.250000 -1.530778 -5.250000
v 1.000000 -1.500000 -5.500000
v 0.810338 -1.680376 -5.321926
v 3.300000 -1.595334 -5.700000
v 3.500000 -1.500000 -5.000000
v 2.500000 -1.500000 -5.000000
v 3.833333 -1.567335 -5.166667
v 4.227261 -1.300000 -5.453237
v 4.250000 -1.603111 -5.250000
v 4.250000 -1.603111 -5.250000
v 4.703762 -1.250000 -5.191546
v 4.666667 -1.570147 -5.166667
v 4.250000 -1.603111 -5.250000
v 4.227261 -1.300000 -5.453237
v 4.703762 -1.250000 -5.191546
v 4.227261 -1.300000 -5.453237
v 4.045436 -0.992098 -5.526467
v 4.703762 -1.250000 -5.191546
v -3.250000 -0.750510 -5.750000
v -3.374438 -0.515486 -4.968257
v -2.069268 -0.494419 -5.513900
v 2.402601 -0.513088 -5.443959
v 2.241561 -0.460257 -5.266375
v 3.041105 -0.493484 -5.018859
v 2.402601 -0.513088 -5.443959
v 3.041105 -0.493484 -5.018859
v 3.224663 -0.599395 -5.211315
v 2.473044 -2.013739 -4.515827
v 2.345590 -1.711900 -4.649640
v 2.700000 -1.700000 -4.637481
v 2.473044 -2.013739 -4.515827
v 3.500000 -1.500000 -5.000000
v 3.250000 -2.092918 -4.558400
v 2.473044 -2.013739 -4.515827
v 2.700000 -1.700000 -4.637481
v 3.500000 -1.500000 -5.000000
v 3.250000 -2.092918 -4.558400
v 4.250000 -1.603111 -5.250000
v 4.512365 -2.013072 -4.534506
v 3.250000 -2.092918 -4.558400
v 3.500000 -1.500000 -5.000000
v 4.250000 -1.603111 -5.250000
v 4.512365 -2.013072 -4.534506
v 4.250000 -1.603111 -5.250000
v 4.756183 -1.703878 -4.767253
v 2.700000 -1.700000 -4.637481
v 2.500000 -1.500000 -4.500000
v 3.500000 -1.500000 -5.000000
v 4.756183 -1.703878 -4.767253
v 5.221757 -1.250000 -4.729595
v 5.166667 -1.504276 -4.666667
v 4.756183 -1.703878 -4.767253
v 4.703762 -1.250000 -5.191546
v 5.221757 -1.250000 -4.729595
v 4.703762 -1.250000 -5.191546
v 4.558954 -0.456390 -4.549241
v 5.221757 -1.250000 -4.729595
v 3.041105 -0.493484 -5.018859
v 4.558954 -0.456390 -4.549241
v 3.224663 -0.599395 -5.211315
v 0.250000 -0.218945 -5.250000
v 0.250000 0.230501 -4.732164
v 1.250000 0.073706 -4.578726
v 0.250000 -0.218945 -5.250000
v 1.250000 0.073706 -4.578726
v 2.348794 -0.071906 -4.449936
v 2.473044 -2.013739 -4.515827
v 2.787723 -2.060660 -4.280180
v 2.364891 -1.749394 -4.362613
v -2.206131 -1.719123 -4.280270
v -2.250000 -1.541053 -4.750000
v -1.700000 -1.500000 -4.300000
v 5.000000 -1.500000 -4.000000
v 5.166667 -1.504276 -4.666667
v 5.314505 -1.333333 -4.191380
v 5.314505 -1.333333 -4.191380
v 5.258574 -0.795042 -4.221859
v 5.529193 -0.989330 -4.049426
v -2.800000 -0.082698 -4.227689
v -1.750000 0.276062 -4.250000
v -2.209277 -0.194934 -4.703776
v 2.348794 -0.071906 -4.449936
v 2.249212 0.247226 -4.253371
v 3.250000 0.118336 -4.160287
v 0.166667 0.320334 -4.220771
v 0.333333 0.519164 -3.983435
v 1.250000 0.572670 -4.125768
v 1.250000 0.073706 -4.578726
v 1.250000 0.572670 -4.125768
v 2.149629 0.563065 -4.056806
v -6.300000 -1.615987 -3.300000
v -5.788475 -1.300000 -3.979089
v -5.500000 -1.500000 -4.000000
v -6.300000 -1.615987 -3.300000
v -6.185621 -1.250000 -3.723861
v -5.788475 -1.300000 -3.979089
v -2.059312 -1.735381 -3.700000
v -1.700000 -1.500000 -4.300000
v -1.747384 -1.333333 -3.731610
v -2.059312 -1.735381 -3.700000
v -1.747384 -1.333333 -3.731610
v -2.000000 -1.500000 -3.500000
v 0.333333 -1.506020 -3.993537
v 1.722626 -1.787305 -3.723050
v 1.582601 -1.250000 -3.569667
v -6.185621 -1.250000 -3.723861
v -5.788475 -0.816356 -3.779089
v -5.788475 -1.300000 -3.979089
v -1.747384 -1.333333 -3.731610
v -1.250000 -1.250000 -3.964412
v -1.994768 0.166667 -3.497410
v 0.333333 -1.506020 -3.993537
v 1.582601 -1.250000 -3.569667
v 1.250000 -0.250000 -3.892316
v 6.004559 -1.166667 -3.508080
v 5.529193 -0.989330 -4.049426
v 6.004559 -0.998127 -3.508080
v 0.250000 -0.750000 -3.996693
v 0.333333 -1.506020 -3.993537
v 0.750000 0.250000 -3.944784
v 0.250000 -0.750000 -3.996693
v 0.750000 0.250000 -3.944784
v 0.000000 -0.250000 -4.000000
v 0.333333 -1.506020 -3.993537
v 1.250000 -0.250000 -3.892316
v 0.750000 0.250000 -3.944784
v 1.250000 -0.250000 -3.892316
v 1.582601 -1.250000 -3.569667
v 2.200000 0.300000 -3.413212
v -3.747698 -0.084132 -3.729945
v -2.800000 0.196287 -3.800000
v -2.800000 -0.082698 -4.227689
v -1.994768 0.166667 -3.497410
v -1.250000 -1.250000 -3.964412
v -1.250000 0.250000 -3.964412
v -1.994768 0.166667 -3.497410
v -1.250000 0.250000 -3.964412
v -1.796861 0.300000 -3.777932
v -1.250000 -1.250000 -3.964412
v -0.333333 -1.166667 -3.997796
v -0.333333 0.166667 -3.997796
v -1.250000 -1.250000 -3.964412
v -0.333333 0.166667 -3.997796
v -1.250000 0.250000 -3.964412
v 0.000000 -0.250000 -4.000000
v 0.750000 0.250000 -3.944784
v 0.333333 0.519164 -3.983435
v 1.250000 -0.250000 -3.892316
v 2.200000 0.300000 -3.413212
v 0.750000 0.250000 -3.944784
v 0.750000 0.250000 -3.944784
v 1.750000 0.588030 -3.809578
v 0.333333 0.519164 -3.983435
v 0.750000 0.250000 -3.944784
v 2.200000 0.300000 -3.413212
v 1.750000 0.588030 -3.809578
v 2.200000 0.300000 -3.413212
v 2.241481 0.494361 -3.672317
v 1.750000 0.588030 -3.809578
v -2.740263 -2.174501 -3.229440
v -2.353257 -2.089506 -3.382400
v -2.900439 -2.095041 -2.953690
v 2.959799 -2.032515 -2.938122
v 2.740468 -1.807020 -3.214621
v 3.501110 -2.000846 -3.005019
v -6.300000 -1.615987 -3.300000
v -7.022345 -1.519891 -3.166667
v -6.437332 -1.235456 -3.300000
v -2.900439 -2.095041 -2.953690
v -2.353257 -2.089506 -3.382400
v -2.000000 -1.500000 -3.500000
v -2.900439 -2.095041 -2.953690
v -2.000000 -1.500000 -3.500000
v -3.200000 -1.700000 -2.839556
v 1.871043 -1.665334 -3.395859
v 2.523679 -1.250000 -3.029632
v 1.582601 -1.250000 -3.569667
v 1.871043 -1.665334 -3.395859
v 2.740468 -1.807020 -3.214621
v 2.523679 -1.250000 -3.029632
v -3.200000 -1.700000 -2.839556
v -2.000000 -1.500000 -3.500000
v -1.994768 0.166667 -3.497410
v -3.200000 -1.700000 -2.839556
v -1.994768 0.166667 -3.497410
v -2.563024 -0.250000 -3.111554
v 1.582601 -1.250000 -3.569667
v 2.523679 -1.250000 -3.029632
v 2.200000 0.300000 -3.413212
v 2.523679 -1.250000 -3.029632
v 2.535950 0.250000 -3.143457
v 2.200000 0.300000 -3.413212
v -2.563024 -0.250000 -3.111554
v -1.994768 0.166667 -3.497410
v -2.723279 0.275599 -3.244897
v 2.200000 0.300000 -3.413212
v 2.535950 0.250000 -3.143457
v 2.720117 0.598157 -3.298120
v 2.200000 0.300000 -3.413212
v 2.720117 0.598157 -3.298120
v 2.241481 0.494361 -3.672317
v -7.523966 -2.010762 -2.517494
v -7.022345 -1.519891 -3.166667
v -6.279439 -1.899266 -2.711596
v -7.523966 -2.010762 -2.517494
v -7.261173 -1.676612 -2.726370
v -7.022345 -1.519891 -3.166667
v -3.604832 -2.067675 -2.945570
v -3.200000 -1.700000 -2.839556
v -3.719083 -1.740073 -2.722785
v -3.604832 -2.067675 -2.945570
v -2.900439 -2.095041 -2.953690
v -3.200000 -1.700000 -2.839556
v -3.719083 -1.740073 -2.722785
v -3.200000 -1.700000 -2.839556
v -3.183903 -1.333333 -2.692285
v -3.719083 -1.740073 -2.722785
v -3.183903 -1.333333 -2.692285
v -3.700000 -1.500000 -2.200000
v 2.959799 -2.032515 -2.938122
v 3.353189 -1.300000 -2.200000
v 2.523679 -1.250000 -3.029632
v 3.501110 -2.000846 -3.005019
v 4.300000 -1.500000 -2.700000
v 3.800000 -1.500000 -2.200000
v -3.183903 -1.333333 -2.692285
v -3.200000 -1.700000 -2.839556
v -3.058380 -0.750000 -2.572353
v 2.523679 -1.250000 -3.029632
v 3.353189 -1.300000 -2.200000
v 3.035463 -0.250000 -2.518526
v 6.226860 -1.300000 -2.704312
v 6.226860 -0.974983 -2.704312
v 6.502711 -0.998771 -2.507187
v -3.058380 -0.750000 -2.572353
v -2.563024 -0.250000 -3.111554
v -2.723279 0.275599 -3.244897
v -3.058380 -0.750000 -2.572353
v -2.723279 0.275599 -3.244897
v -3.227588 0.318915 -2.721337
v 3.035463 -0.250000 -2.518526
v 3.215299 0.300000 -2.528760
v 2.866862 0.603586 -2.866862
v 3.215299 0.300000 -2.528760
v 3.722053 0.328837 -2.700000
v 3.536754 0.557336 -2.833333
v 3.215299 0.300000 -2.528760
v 3.536754 0.557336 -2.833333
v 2.866862 0.603586 -2.866862
v -5.000000 -1.500000 -2.000000
v -3.700000 -1.500000 -2.200000
v -4.250000 -1.500000 -2.000000
v 3.511396 -2.015362 -2.457673
v 3.800000 -1.500000 -2.200000
v 3.353189 -1.300000 -2.200000
v -5.097113 -0.474612 -2.750000
v -4.894527 -0.045142 -1.250000
v -4.291432 0.179116 -2.270730
v -3.777932 -1.300000 -1.796861
v -3.497410 -1.166667 -1.994768
v -3.608874 -0.250000 -1.655323
v 3.353189 -1.300000 -2.200000
v 3.777932 -1.300000 -1.796861
v 3.694830 -0.750000 -1.682452
v -3.608874 -0.250000 -1.655323
v -3.497410 -1.166667 -1.994768
v -3.439681 0.551522 -1.910331
v -3.608874 -0.250000 -1.655323
v -3.439681 0.551522 -1.910331
v -3.777754 0.333333 -1.741243
v 3.035463 -0.250000 -2.518526
v 3.694830 -0.750000 -1.682452
v 3.777932 0.300000 -1.796861
v -3.777754 0.333333 -1.741243
v -3.439681 0.551522 -1.910331
v -3.666667 0.551522 -1.910331
v -5.732525 -2.114768 -1.239982
v -5.527104 -1.716438 -1.199985
v -5.463998 -2.016707 -0.877412
v -7.612902 -1.534546 -1.166667
v -7.354122 -1.281246 -1.300000
v -7.300000 -1.681374 -1.300000
v -5.708091 -2.127834 -0.726447
v -5.463998 -2.016707 -0.877412
v -5.463998 -1.833333 -0.877412
v -4.282024 0.462374 -0.800000
v -3.964355 0.560438 -0.666667
v -3.885101 0.300000 -0.800000
v 4.657759 0.241554 -0.771642
v 4.228538 0.717701 -0.776314
v 4.557613 0.592521 -0.619404
v 3.892603 0.705729 -0.759935
v 3.926429 1.094319 -0.599891
v 4.228538 0.717701 -0.776314
v -7.652719 -1.542459 -0.333333
v -7.300000 -1.634831 -0.200000
v -7.592016 -1.276404 -0.226443
v 7.011357 -1.166667 0.333333
v 6.768402 -0.784690 0.223669
v 7.011357 -0.989607 0.333333
v 6.037456 -0.484707 -0.138214
v 6.536804 -0.478508 0.447338
v 6.768402 -0.784690 0.223669
v 3.853467 0.792027 0.290769
v 4.297283 0.795041 0.318537
v 3.935151 1.090747 0.151282
v -5.980198 -2.010263 0.649350
v -5.788119 -1.797701 0.789610
v -6.214954 -1.891010 0.789610
v -3.973309 -1.534038 0.833333
v -4.250000 -1.500000 0.500000
v -3.949759 -1.300000 0.700000
v -7.505242 -0.993889 0.519666
v -7.262871 -1.333333 0.759833
v -7.215445 -0.913500 0.711800
v 3.913784 0.300000 0.800000
v 4.293103 0.458660 0.800000
v 3.925679 0.653379 0.666667
v -4.176352 0.762027 0.750063
v -3.957137 1.041094 0.916772
v -3.907492 0.762027 0.750063
v -7.166667 -1.537264 1.333333
v -6.992077 -1.276350 1.202641
v -6.800000 -1.619743 1.200000
v -6.992077 -1.276350 1.202641
v -6.790492 -0.889774 1.243169
v -7.215445 -0.913500 0.711800
v -4.265105 0.380323 1.300000
v -3.935265 0.300000 1.300000
v -3.957137 1.041094 1.108475
v -8.029770 -2.032624 1.975012
v -7.305159 -1.739254 1.742534
v -7.227010 -2.183401 2.300727
v -3.994370 -2.001443 1.495262
v -3.910460 -1.720423 1.297157
v -3.482710 -2.012108 1.971762
v -8.029770 -2.032624 1.975012
v -7.300000 -1.338875 1.700000
v -7.305159 -1.739254 1.742534
v -3.910460 -1.720423 1.297157
v -3.433082 -1.250000 1.909865
v -3.482710 -2.012108 1.971762
v -3.814943 0.333333 1.820365
v -3.489229 0.564320 1.979295
v -3.496115 -0.750000 1.992153
v 3.497410 -1.166667 1.994768
v 3.452839 0.750000 1.920138
v 3.777932 0.300000 1.657172
v -3.814943 0.333333 1.820365
v -3.666667 0.564320 1.979295
v -3.489229 0.564320 1.979295
v 3.452839 0.750000 1.920138
v 3.477571 1.024491 1.959665
v 3.777932 0.300000 1.657172
v 3.777932 0.300000 1.657172
v 3.477571 1.024491 1.959665
v 4.201257 0.384135 1.700000
v -8.565748 -2.530225 2.536676
v -8.228720 -1.981363 2.272932
v -8.372972 -2.530225 2.536676
v -8.565748 -2.530225 2.536676
v -9.002896 -1.999604 2.502278
v -8.228720 -1.981363 2.272932
v -7.010367 -2.505401 2.481969
v -7.227010 -2.183401 2.300727
v -6.466244 -2.561199 2.441192
v -8.228720 -1.981363 2.272932
v -7.707421 -2.039656 2.244648
v -7.718039 -1.783413 2.244648
v -7.227010 -2.183401 2.300727
v -7.055159 -1.720622 2.309742
v -6.466244 -2.561199 2.441192
v -6.466244 -2.561199 2.441192
v -7.055159 -1.720622 2.309742
v -6.354821 -1.718188 2.350085
v -7.055159 -1.720622 2.309742
v -6.747673 -1.258341 2.333333
v -7.200000 -1.405250 2.300000
v -7.055159 -1.720622 2.309742
v -6.354821 -1.718188 2.350085
v -6.250000 -1.500000 2.500000
v -7.055159 -1.720622 2.309742
v -6.250000 -1.500000 2.500000
v -6.747673 -1.258341 2.333333
v -6.354821 -1.718188 2.350085
v -5.700000 -1.500000 2.300000
v -6.250000 -1.500000 2.500000
v 3.333333 -1.540218 2.833333
v 3.777932 -1.300000 1.796861
v 4.250000 -1.500000 2.000000
v -5.222347 -0.160107 2.239918
v -4.379482 -0.019280 2.348794
v -5.037244 0.022498 2.066530
v -8.565748 -2.530225 2.536676
v -8.372972 -2.530225 2.536676
v -9.002896 -1.999604 2.502278
v -7.010367 -2.505401 2.481969
v -6.759203 -2.331190 3.235694
v -7.220118 -2.226414 2.680115
v -9.002896 -1.999604 2.502278
v -8.372972 -2.530225 2.536676
v -8.427671 -1.990371 2.522008
v -7.511271 -1.496659 2.562306
v -7.220118 -2.226414 2.680115
v -7.241405 -1.472939 2.697820
v -6.644019 -1.299254 2.645937
v -6.266788 -1.343390 2.752695
v -6.349022 -1.700000 2.700000
v -3.224935 -1.691923 2.762275
v -3.107628 -1.250000 2.660543
v -2.628434 -1.300000 3.261167
v 6.800000 -1.654818 2.800000
v 7.166667 -1.526835 2.666667
v 6.792181 -1.259696 2.809361
v -6.644019 -1.299254 2.645937
v -6.266788 -1.343390 2.752695
v -6.502711 -0.998771 2.507187
v -3.107628 -1.250000 2.660543
v -2.900679 -0.250000 2.900679
v -2.628434 -1.300000 3.261167
v 3.188634 -1.333333 2.703527
v 2.792461 0.250000 2.792461
v 3.075943 -0.750000 2.616330
v -2.900679 -0.250000 2.900679
v -3.272859 0.542707 2.773797
v -2.905312 0.533292 2.905312
v 2.792461 0.250000 2.792461
v 3.288504 0.250000 2.250000
v 3.075943 -0.750000 2.616330
v 4.017531 0.012811 3.076161
v 4.750000 -0.255204 3.250000
v 5.023903 0.019746 2.033338
v -3.737221 0.327660 2.785369
v -3.272859 0.542707 2.773797
v -3.562035 0.552121 2.642282
v 2.792461 0.250000 2.792461
v 3.223319 0.794679 2.739380
v 3.288504 0.250000 2.250000
v -2.628434 -1.300000 3.261167
v -1.992153 -0.750000 3.496115
v -1.994768 -1.166667 3.497410
v -2.628434 -1.300000 3.261167
v -2.900679 -0.250000 2.900679
v -1.992153 -0.750000 3.496115
v 1.994768 -1.166667 3.497410
v 2.792461 0.250000 2.792461
v 3.000000 -1.500000 3.000000
v -2.900679 -0.250000 2.900679
v -1.820643 0.250000 3.361650
v -1.992153 -0.750000 3.496115
v -2.900679 -0.250000 2.900679
v -2.650679 -0.250000 3.095499
v -1.820643 0.250000 3.361650
v 1.994768 -1.166667 3.497410
v 1.867210 -0.250000 3.408233
v 2.792461 0.250000 2.792461
v -4.218982 -0.134551 3.222276
v -3.505475 0.003643 3.505152
v -3.703285 0.109157 3.222276
v -2.650679 -0.250000 3.095499
v -2.250000 0.250000 3.155946
v -1.820643 0.250000 3.361650
v -2.650679 -0.250000 3.095499
v -2.784489 0.557507 3.262491
v -2.250000 0.250000 3.155946
v 1.867210 -0.250000 3.408233
v 2.200000 0.300000 3.292840
v 2.792461 0.250000 2.792461
v -2.784489 0.557507 3.262491
v -1.884236 0.620114 3.412411
v -2.250000 0.250000 3.155946
v -2.250000 0.250000 3.155946
v -1.884236 0.620114 3.412411
v -1.820643 0.250000 3.361650
v 2.200000 0.300000 3.292840
v 2.200000 0.474688 3.750221
v 2.715336 0.635827 3.230235
v -7.036179 -2.027686 3.591346
v -6.833333 -1.496881 4.009875
v -7.006490 -1.496881 4.009875
v -7.036179 -2.027686 3.591346
v -6.447783 -2.074606 3.616440
v -6.833333 -1.496881 4.009875
v -6.833333 -1.496881 4.009875
v -6.447783 -2.074606 3.616440
v -6.168946 -1.321042 3.587373
v 6.285725 -1.747218 3.807006
v 6.666667 -1.469963 3.666667
v 6.269413 -1.285631 3.779575
v -6.168946 -1.321042 3.587373
v -5.715880 -1.300000 3.704848
v -5.715880 -0.978509 3.704848
v -6.168946 -1.321042 3.587373
v -5.715880 -0.978509 3.704848
v -6.004559 -0.998127 3.508080
v -1.994768 -1.166667 3.497410
v -0.700000 0.300000 3.973446
v -1.250000 -1.250000 3.964412
v -1.994768 -1.166667 3.497410
v -1.992153 -0.750000 3.496115
v -0.700000 0.300000 3.973446
v 0.750000 -1.500000 4.000000
v 0.333333 0.166667 3.997796
v 0.750000 0.250000 3.990344
v 0.750000 -1.500000 4.000000
v 0.750000 0.250000 3.990344
v 1.250000 -1.250000 3.928372
v -1.992153 -0.750000 3.496115
v -1.820643 0.250000 3.361650
v -0.700000 0.300000 3.973446
v -1.250000 -1.250000 3.964412
v -0.250000 -0.250000 3.996693
v -0.333333 -1.166667 3.997796
v -1.250000 -1.250000 3.964412
v -0.700000 0.300000 3.973446
v -0.250000 -0.250000 3.996693
v 0.750000 0.250000 3.990344
v 1.250000 -0.250000 3.852653
v 1.250000 -1.250000 3.928372
v 1.250000 -1.250000 3.928372
v 1.250000 -0.250000 3.852653
v 1.994768 -1.166667 3.497410
v -3.250000 -0.045160 3.878864
v -2.915127 0.296162 3.800000
v -3.505475 0.003643 3.505152
v -1.820643 0.250000 3.361650
v -1.250000 0.250000 3.827045
v -0.700000 0.300000 3.973446
v 1.250000 -0.250000 3.852653
v 0.750000 0.250000 3.990344
v 1.733636 0.300000 3.762298
v -1.250000 0.250000 3.827045
v -0.833333 0.505850 3.995480
v -0.700000 0.300000 3.973446
v -1.250000 0.250000 3.827045
v -1.730542 0.641564 3.762025
v -0.833333 0.505850 3.995480
v 5.250000 -2.089390 4.172644
v 5.770669 -2.093563 3.768407
v 5.808891 -1.758470 4.289281
v 5.808891 -1.758470 4.289281
v 6.166667 -1.434633 4.166667
v 5.800859 -1.248978 4.316023
v -0.250000 -1.333333 4.166667
v -0.333333 -1.166667 3.997796
v 0.750000 -1.500000 4.000000
v -3.250000 -0.045160 3.878864
v -1.750000 -0.141790 4.888042
v -2.528211 0.524298 4.018812
v -0.250000 -0.250000 3.996693
v -0.200000 0.277330 4.200000
v 0.200000 0.277330 4.200000
v -1.750000 -0.141790 4.888042
v -1.750000 0.388595 4.350159
v -2.250000 0.722950 3.750000
v -1.750000 -0.141790 4.888042
v -2.250000 0.722950 3.750000
v -2.528211 0.524298 4.018812
v -1.750000 0.388595 4.350159
v -0.833333 0.505850 3.995480
v -2.250000 0.722950 3.750000
v -2.133350 -2.033133 4.914437
v -1.500000 -1.500000 4.500000
v -1.401718 -2.032614 4.942038
v -1.401718 -2.032614 4.942038
v -1.500000 -1.500000 4.500000
v -0.500000 -1.500000 4.500000
v 1.750000 -1.935088 5.651636
v 1.500000 -1.500000 4.500000
v 2.500000 -1.500000 4.500000
v 4.800000 -1.681496 4.800000
v 5.666667 -1.572466 4.666667
v 5.252636 -1.281661 4.833333
v 4.800000 -1.681496 4.800000
v 5.252636 -1.281661 4.833333
v 4.959262 -1.300000 5.236124
v -1.750000 -0.141790 4.888042
v -0.250000 0.221662 4.723892
v -1.750000 0.388595 4.350159
v -5.166667 -1.531172 5.166667
v -4.166667 -1.580347 5.666667
v -4.300000 -1.300000 5.703896
v -5.166667 -1.531172 5.166667
v -4.300000 -1.300000 5.703896
v -4.757145 -1.281824 5.333333
v -0.014189 -2.002899 6.008299
v 1.236362 -2.029857 5.768511
v 0.750000 -1.978230 5.967444
v -4.166667 -1.580347 5.666667
v -3.800000 -1.653088 5.800000
v -4.300000 -1.300000 5.703896
v -4.300000 -1.300000 5.703896
v -3.636111 -0.940679 6.090304
v -4.527318 -0.988122 5.524191
v -3.727083 -1.250000 6.192728
v -3.166667 -1.523137 6.666667
v -3.144624 -1.250000 6.637958
v -0.250000 -1.500000 6.500000
v -0.014189 -2.002899 6.008299
v 0.700000 -1.300000 6.738732
v -0.014189 -2.002899 6.008299
v 0.750000 -1.978230 5.967444
v 0.700000 -1.300000 6.738732
v -3.727083 -1.250000 6.192728
v -3.144624 -1.250000 6.637958
v -3.636111 -0.940679 6.090304
v -3.166667 -1.523137 6.666667
v -2.800000 -1.567189 6.800000
v -2.800000 -1.280043 6.887321
v -3.166667 -1.523137 6.666667
v -2.800000 -1.280043 6.887321
v -3.144624 -1.250000 6.637958
v -2.200000 -1.597889 6.800000
v -1.700000 -1.650465 6.300000
v -1.712520 -1.333333 6.814781
v -2.200000 -1.597889 6.800000
v -1.712520 -1.333333 6.814781
v -2.202070 -1.316702 7.097089
v 0.700000 -1.300000 6.738732
v 1.200000 -1.618909 6.800000
v 1.200000 -1.253963 6.926772
v 4.236626 -1.595253 6.745899
v 5.006386 -1.505213 6.505065
v 4.061044 -1.479360 7.042408
v -3.144624 -1.250000 6.637958
v -2.800000 -1.280043 6.887321
v -3.636111 -0.940679 6.090304
v -2.800000 -1.280043 6.887321
v -2.202070 -1.316702 7.097089
v -2.070807 -0.984647 7.027511
v -2.800000 -1.280043 6.887321
v -2.070807 -0.984647 7.027511
v -3.636111 -0.940679 6.090304
v -1.712520 -1.333333 6.814781
v -1.250000 -1.250000 6.679041
v -1.250000 -0.919708 6.679041
v -1.712520 -1.333333 6.814781
v -1.250000 -0.919708 6.679041
v -1.755024 -0.894079 6.777737
v -1.250000 -1.250000 6.679041
v 0.700000 -1.300000 6.738732
v -1.250000 -0.919708 6.679041
v 0.700000 -1.300000 6.738732
v 1.250000 -0.936088 6.658465
v -1.250000 -0.919708 6.679041
v 0.700000 -1.300000 6.738732
v 1.200000 -1.253963 6.926772
v 1.250000 -0.936088 6.658465
v 1.200000 -1.253963 6.926772
v 1.750000 -1.351414 7.250000
v 1.250000 -0.936088 6.658465
v 1.750000 -1.351414 7.250000
v 3.060299 -0.989075 6.521042
v 1.250000 -0.936088 6.658465
v 2.486164 -2.004111 7.009743
v 3.023814 -2.005440 7.019491
v 2.750000 -1.573273 7.576430
v 1.750000 -1.547531 7.734831
v 2.750000 -1.573273 7.576430
v 3.502100 -1.499270 7.501548
vt 2.833333 -1.500028
vt 3.200038 -1.339391
vt 3.200038 -1.627459
vt -7.084076 -2.022035
vt -6.710307 -1.959124
vt -7.219236 -1.777541
vt -7.023353 -2.012999
vt -7.166667 -1.470098
vt -6.798358 -1.756889
vt -7.120944 -1.413858
vt -6.799267 -1.690280
vt -6.834346 -1.248315
vt -7.166667 -1.470098
vt -6.822832 -1.282059
vt -6.798358 -1.756889
vt -7.250000 -1.515117
vt -6.800000 -1.558848
vt -6.944701 -1.238128
vt -7.166667 -1.523852
vt -6.990324 -1.238128
vt -6.800000 -1.630083
vt -6.563889 -2.037974
vt -6.265877 -1.776066
vt -6.738333 -1.776066
vt -6.643034 -2.060577
vt -6.738184 -1.701902
vt -6.500000 -1.500000
vt -6.643034 -2.060577
vt -6.500000 -1.500000
vt -6.213248 -2.225718
vt -6.553012 -1.549485
vt -6.054385 -1.531491
vt -6.241883 -1.261724
vt -6.738184 -1.701902
vt -6.755169 -1.311106
vt -6.500000 -1.500000
vt 1.700000 -6.700000
vt 1.500000 -6.500000
vt 1.357143 -6.755169
vt -2.750000 -7.231219
vt -2.704312 -6.260967
vt -2.507187 -6.502711
vt -6.008427 -2.501195
vt -5.417827 -2.051953
vt -6.225777 -2.215943
vt -6.225777 -2.215943
vt -5.700000 -1.700000
vt -6.000000 -1.500000
vt -6.225777 -2.215943
vt -5.417827 -2.051953
vt -5.700000 -1.700000
vt -6.700000 -1.653744
vt -6.700000 -1.333878
vt -5.679900 -1.333333
vt -6.241883 -1.261724
vt -5.749248 -1.258606
vt -5.749248 -0.906222
vt -6.700000 -1.333878
vt -5.715880 -0.934956
vt -5.679900 -1.333333
vt -5.417827 -2.051953
vt -5.321926 -1.680376
vt -5.700000 -1.700000
vt 1.791373 -5.718100
vt 2.574493 -5.952230
vt 1.791373 -5.220516
vt -6.054385 -1.531491
vt -5.000000 -1.500000
vt -5.749248 -1.258606
vt -5.250000 -5.750000
vt -5.250000 -4.250000
vt -5.500000 -5.000000
vt -5.166667 -1.570147
vt -5.191546 -1.250000
vt -4.767253 -1.703878
vt -4.515827 -2.013739
vt -4.362613 -1.749394
vt -4.649640 -1.711900
vt -4.534506 -2.013072
vt -4.767253 -1.703878
vt -4.000000 -1.500000
vt -4.534506 -2.013072
vt -4.000000 -1.500000
vt -3.924616 -2.046103
vt -5.250000 -4.250000
vt -5.500000 -4.000000
vt -5.500000 -5.000000
vt -4.500000 -1.500000
vt -3.993537 -1.506020
vt -4.200000 -1.300000
vt -4.649640 -1.711900
vt -5.000000 -1.500000
vt -4.500000 -1.500000
vt -4.649640 -1.711900
vt -4.500000 -1.500000
vt -4.362613 -1.749394
vt 2.700000 -1.700000
vt 2.364891 -1.749394
vt 2.500000 -1.500000
vt -4.666667 -1.504276
vt -4.729595 -1.250000
vt -4.191380 -1.333333
vt -5.749248 -1.258606
vt -3.979089 -1.300000
vt -5.582081 -0.972035
vt -4.729595 -1.250000
vt -4.221859 -0.795042
vt -4.191380 -1.333333
vt 2.348794 -0.071906
vt 1.250000 0.073706
vt 2.249212 0.247226
vt -4.060541 -2.046781
vt -4.280270 -1.719123
vt -3.700000 -1.735381
vt -4.060541 -2.046781
vt -3.700000 -1.735381
vt -3.750000 -2.102215
vt 2.787723 -4.280180
vt 2.787723 -3.779100
vt 2.364891 -4.362613
vt 2.787723 -4.280180
vt 3.250000 -3.663996
vt 2.787723 -3.779100
vt -5.250000 -4.250000
vt -5.250000 -3.250000
vt -5.500000 -4.000000
vt -3.979089 -1.300000
vt -3.779089 -0.816356
vt -5.582081 -0.972035
vt 0.000000 -1.300000
vt 0.250000 -0.750000
vt -0.333333 -1.166667
vt 0.000000 -1.300000
vt 0.333333 -1.506020
vt 0.250000 -0.750000
vt 0.250000 -0.750000
vt 0.000000 -0.250000
vt -0.333333 -1.166667
vt -4.221859 -0.795042
vt -4.060958 -0.444209
vt -3.531668 -0.522679
vt 0.000000 -0.250000
vt 0.166667 0.320334
vt -0.333333 0.166667
vt 0.000000 -0.250000
vt -0.333333 0.166667
vt -0.333333 -1.166667
vt -4.000000 -0.250000
vt -3.983435 0.519164
vt -4.220771 0.320334
vt -4.253371 0.247226
vt -4.056806 0.563065
vt -3.672317 0.494361
vt -3.750000 -2.102215
vt -3.700000 -1.735381
vt -3.382400 -2.089506
vt -3.300000 -1.615987
vt -3.300000 -1.235456
vt -3.723861 -1.250000
vt -3.700000 -1.735381
vt -3.500000 -1.500000
vt -3.382400 -2.089506
vt -3.723050 -1.787305
vt -3.395859 -1.665334
vt -3.569667 -1.250000
vt -3.924616 -2.046103
vt -4.000000 -1.500000
vt -3.200000 -1.500000
vt -3.723861 -1.250000
vt -3.300000 -1.235456
vt -3.779089 -0.816356
vt -1.747384 -1.333333
vt -1.994768 0.166667
vt -2.000000 -1.500000
vt -3.747698 -3.729945
vt -3.747698 -3.253445
vt -2.800000 -3.800000
vt -3.250000 -2.090004
vt -2.945570 -2.067675
vt -2.722785 -1.740073
vt -3.214621 -1.807020
vt -2.938122 -2.032515
vt -3.029632 -1.250000
vt -3.300000 -1.235456
vt -2.630281 -0.960637
vt -3.779089 -0.816356
vt -2.839556 -1.700000
vt -3.111554 -0.250000
vt -2.572353 -0.750000
vt -3.508080 -1.166667
vt -3.508080 -0.998127
vt -2.704312 -0.974983
vt -3.508080 -1.166667
vt -2.704312 -0.974983
vt -2.704312 -1.300000
vt -3.143457 0.250000
vt -3.029632 -1.250000
vt -2.518526 -0.250000
vt -3.143457 0.250000
vt -2.518526 -0.250000
vt -2.866862 0.603586
vt -3.143457 0.250000
vt -2.866862 0.603586
vt -3.298120 0.598157
vt -2.457673 -2.015362
vt -3.005019 -2.000846
vt -2.200000 -1.500000
vt -2.726370 -1.676612
vt -1.783424 -1.206670
vt -3.166667 -1.519891
vt -2.726370 -1.676612
vt -2.219358 -1.700000
vt -1.783424 -1.206670
vt 2.959799 -2.032515
vt 3.511396 -2.015362
vt 3.353189 -1.300000
vt -2.692285 -1.333333
vt -2.572353 -0.750000
vt -1.994768 -1.166667
vt 5.245934 -3.274929
vt 4.985715 -3.531668
vt 5.513900 -2.069268
vt -2.572353 -0.750000
vt -2.721337 0.318915
vt -1.910331 0.551522
vt -3.423469 -2.570541
vt -4.291432 -2.270730
vt -3.666667 -1.910331
vt -2.721337 0.318915
vt -2.570541 0.523126
vt -1.910331 0.551522
vt -2.517494 -2.010762
vt -1.300000 -1.681374
vt -2.219358 -1.700000
vt -7.523966 -2.517494
vt -6.688252 -1.250000
vt -7.300000 -1.300000
vt -2.219358 -1.700000
vt -1.300000 -1.681374
vt -1.783424 -1.206670
vt -2.200000 -1.300000
vt -1.682452 -0.750000
vt -2.518526 -0.250000
vt -2.572353 -0.750000
vt -1.910331 0.551522
vt -1.994768 -1.166667
vt -2.518526 -0.250000
vt -1.796861 0.300000
vt -2.528760 0.300000
vt -4.291432 -2.270730
vt -3.777754 -1.741243
vt -3.666667 -1.910331
vt -1.750000 -1.891609
vt -1.199985 -1.716438
vt -1.239982 -2.114768
vt -1.300000 -1.681374
vt -1.300000 -1.281246
vt -1.783424 -1.206670
vt -2.000000 -1.500000
vt -1.000000 -1.500000
vt -1.199985 -1.716438
vt -7.214970 -1.783424
vt -7.354122 -1.300000
vt -6.993043 -1.972373
vt -1.796861 -1.300000
vt -1.655323 -0.250000
vt -1.250000 -0.250000
vt -1.796861 -1.300000
vt -1.250000 -0.250000
vt -1.250000 -1.250000
vt -1.796861 -1.300000
vt -1.250000 -1.250000
vt -1.682452 -0.750000
vt -2.250000 -1.250000
vt -2.507187 -0.998771
vt -0.250000 -1.250000
vt -1.655323 -0.250000
vt -1.741243 0.333333
vt -0.800000 0.300000
vt -1.655323 -0.250000
vt -0.800000 0.300000
vt -1.250000 -0.250000
vt -1.682452 -0.750000
vt -1.166667 0.509548
vt -1.796861 0.300000
vt -1.682452 -0.750000
vt -1.250000 -1.250000
vt -1.166667 0.509548
vt -0.877412 -2.016707
vt -1.199985 -1.716438
vt -0.877412 -1.833333
vt -1.166667 -1.534546
vt -0.333333 -1.542459
vt -0.750000 -1.391163
vt -1.199985 -1.716438
vt -1.000000 -1.500000
vt -0.877412 -1.833333
vt -1.300000 -1.281246
vt -0.271731 -0.834160
vt -1.972373 -1.011116
vt -7.354122 -1.300000
vt -7.699216 -0.750000
vt -7.290177 -0.271731
vt -1.250000 -1.250000
vt -0.333333 -1.166667
vt 0.000000 -0.750000
vt -0.250000 -1.250000
vt -2.507187 -0.998771
vt -0.250000 -0.915297
vt -1.250000 -1.250000
vt -0.759935 0.705729
vt -1.166667 0.509548
vt -1.250000 -1.250000
vt 0.000000 -0.750000
vt -0.759935 0.705729
vt 4.211959 -1.300000
vt 3.993370 -1.166667
vt 4.228538 -0.776314
vt -1.300000 0.358965
vt -0.776314 0.717701
vt -0.771642 0.241554
vt -6.688252 -1.250000
vt -6.495894 -0.003694
vt -7.300000 -1.300000
vt -0.726447 -2.127834
vt -0.877412 -1.833333
vt 0.250000 -1.500000
vt -0.333333 -1.542459
vt -0.226443 -1.276404
vt -0.750000 -1.391163
vt -0.877412 -1.833333
vt -1.000000 -1.500000
vt 0.250000 -1.500000
vt -0.750000 -1.391163
vt -0.226443 -1.276404
vt -0.271731 -0.834160
vt -1.250000 -1.250000
vt -0.250000 -0.750000
vt 0.700000 -1.300000
vt -1.250000 -1.250000
vt -1.250000 -0.250000
vt -0.250000 -0.750000
vt -1.250000 -0.045142
vt 0.250000 -0.003923
vt -0.250000 0.493304
vt 0.000000 -0.750000
vt 0.250000 0.250000
vt -0.759935 0.705729
vt -1.250000 -0.117495
vt -0.771642 0.241554
vt -0.250000 -0.014172
vt -4.282024 -0.800000
vt -4.477530 -0.250000
vt -3.964355 -0.666667
vt -0.800000 0.300000
vt -0.666667 0.560438
vt 0.750063 0.762027
vt -0.800000 0.300000
vt 0.750063 0.762027
vt -1.250000 -0.250000
vt -0.759935 0.705729
vt 0.250000 0.250000
vt -0.250000 0.750000
vt -0.771642 0.241554
vt -0.619404 0.592521
vt -0.250000 -0.014172
vt -0.759935 0.705729
vt -0.250000 0.750000
vt -0.599891 1.094319
vt 4.228538 -0.776314
vt 3.926429 -0.599891
vt 4.157404 -0.250000
vt -6.250000 -0.750000
vt -6.214954 0.789610
vt -6.495894 -0.003694
vt -6.250000 -0.750000
vt -5.980198 0.649350
vt -6.214954 0.789610
vt -0.726447 -2.127834
vt 0.250000 -1.500000
vt 0.789610 -1.797701
vt -5.708091 -0.726447
vt -5.788119 0.789610
vt -5.980198 0.649350
vt -0.200000 -1.634831
vt 0.250000 -1.500000
vt -0.226443 -1.276404
vt -0.226443 -1.276404
vt 0.519666 -0.993889
vt -0.271731 -0.834160
vt -0.333333 -1.166667
vt 0.333333 -1.166667
vt 0.000000 -0.750000
vt -0.250000 -1.250000
vt -0.250000 -0.915297
vt 0.223669 -0.784690
vt -0.250000 -1.250000
vt 0.223669 -0.784690
vt 0.333333 -1.166667
vt -0.250000 -0.750000
vt -1.250000 -0.250000
vt 0.750063 0.762027
vt -0.250000 -0.750000
vt 0.750063 0.762027
vt 0.750000 -0.250000
vt -0.250000 -0.014172
vt 0.318537 0.795041
vt 0.546439 -0.007470
vt 0.250000 0.250000
vt 0.290769 0.792027
vt -0.250000 0.750000
vt -0.250000 -0.014172
vt -0.619404 0.592521
vt 0.318537 0.795041
vt -0.250000 0.750000
vt 0.151282 1.090747
vt -0.599891 1.094319
vt -0.250000 0.750000
vt 0.290769 0.792027
vt 0.151282 1.090747
vt 4.157404 -0.250000
vt 3.935151 0.151282
vt 4.297283 0.318537
vt 0.250000 -1.500000
vt 1.000000 -1.500000
vt 0.759833 -1.333333
vt 0.333333 -1.166667
vt 1.250000 0.250000
vt 0.000000 -0.750000
vt -0.250000 -0.750000
vt 0.750000 -0.250000
vt 0.700000 -1.300000
vt 0.750000 -0.250000
vt 0.750063 0.762027
vt 1.300000 0.300000
vt 0.000000 -0.750000
vt 0.800000 0.300000
vt 0.250000 0.250000
vt 0.250000 0.250000
vt 0.666667 0.653379
vt 0.290769 0.792027
vt 0.250000 0.250000
vt 0.800000 0.300000
vt 0.666667 0.653379
vt 4.297283 0.318537
vt 3.925679 0.666667
vt 4.293103 0.800000
vt 1.000000 -1.500000
vt 1.200000 -1.619743
vt 1.202641 -1.276350
vt 0.759833 -1.333333
vt 1.202641 -1.276350
vt 0.711800 -0.913500
vt 0.700000 -1.300000
vt 1.300000 0.300000
vt 0.833333 -1.534038
vt 0.333333 -1.166667
vt 1.250000 -1.250000
vt 1.250000 0.250000
vt 0.333333 -1.166667
vt 0.333333 -0.989607
vt 1.250000 -0.895104
vt 0.333333 -1.166667
vt 1.250000 -0.895104
vt 1.200000 -1.300000
vt 0.700000 -1.300000
vt 0.750000 -0.250000
vt 1.300000 0.300000
vt -4.992931 0.250000
vt -4.746650 1.738335
vt -4.265105 1.300000
vt 0.000000 -0.750000
vt 1.250000 0.250000
vt 0.800000 0.300000
vt 1.300000 0.300000
vt 0.750063 0.762027
vt 1.108475 1.041094
vt 0.750063 0.762027
vt 1.108475 1.041094
vt 0.916772 1.041094
vt 0.750063 0.762027
vt 1.300000 0.380323
vt 1.108475 1.041094
vt 0.750063 0.762027
vt 0.916772 1.041094
vt 1.108475 1.041094
vt 1.333333 -1.537264
vt 1.700000 -1.338875
vt 1.202641 -1.276350
vt 1.333333 -1.537264
vt 1.742534 -1.739254
vt 1.700000 -1.338875
vt 0.789610 -1.797701
vt 0.250000 -1.500000
vt 1.750000 -1.500000
vt -5.788119 0.789610
vt -5.500000 1.750000
vt -5.700000 2.300000
vt 1.297157 -1.720423
vt 0.833333 -1.534038
vt 1.909865 -1.250000
vt 0.833333 -1.530334
vt 1.986790 -2.004613
vt 2.000000 -1.500000
vt 1.200000 -1.300000
vt 1.750000 -1.250000
vt 1.750000 -1.543209
vt 1.202641 -1.276350
vt 1.750000 -1.052037
vt 1.243169 -0.889774
vt 0.833333 -1.534038
vt 1.300000 0.300000
vt 1.992153 -0.750000
vt 0.833333 -1.534038
vt 1.992153 -0.750000
vt 1.909865 -1.250000
vt 3.964412 1.250000
vt 3.777932 1.796861
vt 3.497410 1.994768
vt 1.200000 -1.300000
vt 1.250000 -0.895104
vt 2.032304 -0.988061
vt 7.188024 1.200000
vt 7.019979 2.032304
vt 7.319876 1.750000
vt 1.300000 0.300000
vt 1.820365 0.333333
vt 1.992153 -0.750000
vt 1.250000 -1.250000
vt 1.994768 -1.166667
vt 1.250000 0.250000
vt 1.250000 0.250000
vt 1.994768 -1.166667
vt 1.657172 0.300000
vt 2.300727 -2.183401
vt 1.742534 -1.739254
vt 2.309742 -1.720622
vt -8.029770 1.975012
vt -7.511271 2.562306
vt -7.300000 1.700000
vt -8.029770 1.975012
vt -7.718039 2.244648
vt -7.511271 2.562306
vt 1.750000 -1.543209
vt 1.750000 -1.250000
vt 2.666667 -1.526835
vt 1.750000 -1.052037
vt 2.333333 -1.258341
vt 2.507187 -0.998771
vt 1.750000 -1.250000
vt 2.032304 -0.988061
vt 2.666667 -1.526835
vt 1.994768 -1.166667
vt 2.250000 0.250000
vt 1.920138 0.750000
vt 1.820365 0.333333
vt 2.642282 0.552121
vt 1.979295 0.564320
vt 1.920138 0.750000
vt 2.250000 0.250000
vt 1.959665 1.024491
vt 1.959665 1.024491
vt 2.619867 1.033212
vt 2.003256 0.504996
vt 2.481969 -2.505401
vt 2.680115 -2.226414
vt 2.300727 -2.183401
vt 2.272932 -1.981363
vt 2.522008 -1.990371
vt 2.536676 -2.530225
vt 2.244648 -2.039656
vt 2.562306 -1.496659
vt 2.244648 -1.783413
vt 2.441192 -2.561199
vt 2.350085 -1.718188
vt 2.700000 -1.700000
vt -3.751275 2.225643
vt -3.654594 2.750000
vt -4.010892 3.015083
vt 1.986790 -2.004613
vt 3.495854 -2.001467
vt 2.000000 -1.500000
vt 2.309742 -1.720622
vt 2.300000 -1.405250
vt 2.697820 -1.472939
vt 1.971762 -2.012108
vt 1.909865 -1.250000
vt 2.660543 -1.250000
vt 1.971762 -2.012108
vt 2.660543 -1.250000
vt 2.762275 -1.691923
vt 2.333333 -1.258341
vt 2.645937 -1.299254
vt 2.507187 -0.998771
vt 1.909865 -1.250000
vt 1.992153 -0.750000
vt 2.660543 -1.250000
vt 2.703527 -1.333333
vt 2.616330 -0.750000
vt 1.994768 -1.166667
vt 2.666667 -1.526835
vt 2.032304 -0.988061
vt 3.779575 -1.285631
vt 7.166667 2.666667
vt 6.269413 3.779575
vt 6.792181 2.809361
vt 1.992153 -0.750000
vt 2.900679 -0.250000
vt 2.660543 -1.250000
vt 1.992153 -0.750000
vt 2.773797 0.542707
vt 2.900679 -0.250000
vt 1.994768 -1.166667
vt 2.616330 -0.750000
vt 2.250000 0.250000
vt 1.992153 -0.750000
vt 1.979295 0.564320
vt 2.773797 0.542707
vt 2.250000 0.250000
vt 2.739380 0.794679
vt 1.959665 1.024491
vt 2.003256 0.504996
vt 2.619867 1.033212
vt 3.076161 0.012811
vt -7.010367 2.481969
vt -6.449221 3.059490
vt -6.759203 3.235694
vt 2.680115 -2.226414
vt 3.250000 -1.750000
vt 2.697820 -1.472939
vt 2.680115 -2.226414
vt 3.591346 -2.027686
vt 3.250000 -1.750000
vt 2.441192 -2.561199
vt 2.700000 -1.700000
vt 3.250000 -1.334172
vt 2.441192 -2.561199
vt 3.250000 -1.334172
vt 3.059490 -2.549177
vt 2.697820 -1.472939
vt 3.250000 -1.750000
vt 3.250000 -1.422606
vt 2.700000 -1.700000
vt 2.752695 -1.343390
vt 3.250000 -1.334172
vt 2.506396 -2.003260
vt 3.250000 -1.500000
vt 2.500000 -1.500000
vt 3.333333 2.833333
vt 3.000000 3.000000
vt 3.188634 2.703527
vt 2.752695 -1.343390
vt 3.508080 -0.998127
vt 2.507187 -0.998771
vt 2.752695 -1.343390
vt 3.250000 -1.334172
vt 3.508080 -0.998127
vt 2.703527 -1.333333
vt 3.000000 -1.500000
vt 2.792461 0.250000
vt -5.844113 2.250000
vt -4.774925 3.273956
vt -5.222347 2.239918
vt -4.218982 3.222276
vt -3.703285 3.222276
vt -4.379482 2.348794
vt 2.900679 -0.250000
vt 2.905312 0.533292
vt 3.262491 0.557507
vt -2.900679 -0.250000
vt -2.784489 0.557507
vt -2.650679 -0.250000
vt 2.792461 0.250000
vt 3.230235 0.635827
vt 2.739380 0.794679
vt 2.792461 0.250000
vt 2.200000 0.300000
vt 2.715336 0.635827
vt 3.076161 0.012811
vt 2.619867 1.033212
vt 3.127406 0.637286
vt 3.591346 -2.027686
vt 4.009875 -1.496881
vt 3.250000 -1.750000
vt 3.059490 -2.549177
vt 3.250000 -1.334172
vt 3.616440 -2.074606
vt 6.124024 3.250000
vt 6.285725 3.807006
vt 5.770669 3.768407
vt 3.250000 -1.750000
vt 4.009875 -1.496881
vt 3.250000 -1.422606
vt 3.250000 -1.334172
vt 3.587373 -1.321042
vt 3.616440 -2.074606
vt 2.800000 -1.654818
vt 2.809361 -1.259696
vt 3.666667 -1.469963
vt 3.250000 -1.334172
vt 3.587373 -1.321042
vt 3.508080 -0.998127
vt 1.994768 -1.166667
vt 1.250000 -0.250000
vt 1.867210 -0.250000
vt 3.408233 -0.250000
vt 3.762298 0.300000
vt 3.292840 0.300000
vt 1.867210 -0.250000
vt 1.250000 -0.250000
vt 1.733636 0.300000
vt -2.784489 3.262491
vt -2.915127 3.800000
vt -2.528211 4.018812
vt 3.361650 0.250000
vt 3.412411 0.620114
vt 3.762025 0.641564
vt -1.820643 0.250000
vt -1.730542 0.641564
vt -1.250000 0.250000
vt 3.807006 -1.747218
vt 3.779575 -1.285631
vt 4.166667 -1.434633
vt 3.704848 -1.300000
vt 4.045436 -0.992098
vt 3.704848 -0.978509
vt 0.750000 -1.500000
vt -0.333333 -1.166667
vt 0.333333 0.166667
vt 0.333333 0.166667
vt -0.333333 -1.166667
vt -0.250000 -0.250000
vt -3.250000 3.878864
vt -2.528211 4.018812
vt -2.915127 3.800000
vt -0.250000 -0.250000
vt -0.700000 0.300000
vt -0.200000 0.277330
vt 0.333333 0.166667
vt -0.250000 -0.250000
vt 0.200000 0.277330
vt -5.000000 4.000000
vt -5.278928 4.784859
vt -5.315774 4.189385
vt 4.000000 -1.500000
vt 5.166667 -1.531172
vt 4.784859 -1.238189
vt 0.750000 4.000000
vt -0.500000 4.500000
vt -0.250000 4.166667
vt 4.289281 -1.758470
vt 4.316023 -1.248978
vt 4.666667 -1.572466
vt 4.189385 -1.333333
vt 4.641432 -0.940998
vt 4.045436 -0.992098
vt 4.189385 -1.333333
vt 4.784859 -1.238189
vt 4.641432 -0.940998
vt 5.800859 4.316023
vt 6.038826 3.559151
vt 5.031851 5.060206
vt 5.800859 -1.248978
vt 5.031851 -0.979629
vt 5.252636 -1.281661
vt 3.574240 4.038402
vt 2.250000 4.250000
vt 2.250000 4.536671
vt -1.401718 4.942038
vt -0.769941 5.287947
vt -0.949902 5.507927
vt -0.071628 4.951294
vt -0.769941 5.287947
vt -0.500000 4.500000
vt 4.800000 -1.681496
vt 5.236124 -1.300000
vt 5.250000 -1.532799
vt 4.784859 -1.238189
vt 5.524191 -0.988122
vt 4.641432 -0.940998
vt 4.784859 -1.238189
vt 5.333333 -1.281824
vt 5.524191 -0.988122
vt -4.516484 4.517969
vt -3.409900 5.467702
vt -3.790504 4.793129
vt -0.071628 4.951294
vt -0.014189 6.008299
vt -0.769941 5.287947
vt 5.250000 -1.532799
vt 5.236124 -1.300000
vt 5.711301 -1.278485
vt 5.250000 -1.532799
vt 5.711301 -1.278485
vt 5.833333 -1.532088
vt 5.236124 -1.300000
vt 5.060206 -0.979629
vt 5.711301 -1.278485
vt -3.800000 -1.653088
vt -3.727083 -1.250000
vt -4.300000 -1.300000
vt -4.300000 -1.300000
vt -3.727083 -1.250000
vt -3.636111 -0.940679
vt 6.800000 -1.567189
vt 7.166667 -1.513437
vt 6.887321 -1.280043
vt -2.200000 6.800000
vt -2.202070 7.097089
vt -2.666667 7.166667
vt 6.800000 -1.618909
vt 7.662823 -1.531631
vt 6.926772 -1.253963
vt -1.712520 -1.333333
vt -1.755024 -0.894079
vt -2.070807 -0.984647
vt -1.712520 -1.333333
vt -2.070807 -0.984647
vt -2.202070 -1.316702
vt -1.166667 -7.540379
vt -0.833333 -7.540379
vt -0.750000 -7.250000
vt -1.166667 -7.540379
vt -0.750000 -7.250000
vt -1.166667 -7.333333
vt 2.833333 -7.500026
vt 3.200038 -7.257608
vt 2.700000 -7.300000
vt -1.166667 -7.540379
vt -0.750000 -7.250000
vt -0.833333 -7.540379
vt -1.166667 -7.540379
vt -1.166667 -7.333333
vt -0.750000 -7.250000
vt -3.066196 -7.084076
vt -2.473502 -7.023353
vt -2.750000 -6.835420
vt -3.066196 -7.084076
vt -2.750000 -6.835420
vt -3.239718 -6.710307
vt -4.165493 -7.120944
vt -3.239718 -7.219236
vt -3.239718 -6.710307
vt -4.165493 -7.120944
vt -3.239718 -6.710307
vt -4.299296 -6.799267
vt -0.750000 -7.250000
vt -0.333333 -7.166667
vt -0.200000 -6.800000
vt -0.750000 -7.250000
vt -0.200000 -6.800000
vt -0.800000 -6.800000
vt 0.833333 -7.166667
vt 1.250000 -7.250000
vt 1.288861 -6.738184
vt 1.250000 -7.250000
vt 1.700000 -6.700000
vt 1.288861 -6.738184
vt 1.250000 -7.250000
vt 2.700000 -7.300000
vt 2.750000 -6.750000
vt 1.250000 -7.250000
vt 2.750000 -6.750000
vt 1.700000 -6.700000
vt 2.700000 -7.300000
vt 3.200038 -7.257608
vt 3.250000 -6.750000
vt 2.700000 -7.300000
vt 3.250000 -6.750000
vt 2.750000 -6.750000
vt 3.200038 -7.257608
vt 4.048422 -7.040478
vt 3.800000 -6.700000
vt 3.200038 -7.257608
vt 3.800000 -6.700000
vt 3.250000 -6.750000
vt 4.048422 -7.040478
vt 4.048422 -6.833333
vt 3.800000 -6.700000
vt -4.165493 -7.120944
vt -4.299296 -6.834346
vt -3.846903 -6.537569
vt -4.165493 -7.120944
vt -3.846903 -6.537569
vt -2.750000 -7.231219
vt -2.750000 -7.231219
vt -2.200000 -6.822832
vt -2.333333 -7.166667
vt -0.750000 -1.515117
vt -0.200000 -1.238128
vt -0.333333 -1.523852
vt -0.750000 -7.250000
vt -0.800000 -6.944701
vt -0.200000 -6.990324
vt 0.833333 -7.166667
vt 0.700000 -6.966298
vt 1.357143 -6.755169
vt 0.833333 -7.166667
vt 1.357143 -6.755169
vt 1.750000 -7.250000
vt 1.750000 -7.250000
vt 2.250000 -6.645310
vt 2.833333 -7.500026
vt 2.833333 -7.500026
vt 3.235184 -6.756830
vt 3.200038 -7.257608
vt 2.833333 -7.500026
vt 2.250000 -6.645310
vt 3.235184 -6.756830
vt 3.200038 -7.257608
vt 3.800000 -6.700000
vt 4.048422 -7.040478
vt 3.200038 -7.257608
vt 3.235184 -6.756830
vt 3.800000 -6.700000
vt 4.048422 -7.040478
vt 3.800000 -6.700000
vt 4.048422 -6.833333
vt 0.440030 -6.563889
vt 1.077723 -6.643034
vt 0.789554 -6.225777
vt 1.077723 -6.643034
vt 1.208851 -6.213248
vt 0.789554 -6.225777
vt -5.077919 -6.553012
vt -4.750000 -6.250000
vt -5.532261 -6.054385
vt -5.077919 -6.553012
vt -4.299296 -6.799267
vt -4.750000 -6.250000
vt -4.299296 -6.799267
vt -3.239718 -6.710307
vt -3.250000 -6.250000
vt -4.299296 -6.799267
vt -3.250000 -6.250000
vt -4.750000 -6.250000
vt -3.239718 -6.710307
vt -2.750000 -6.835420
vt -3.250000 -6.250000
vt -1.750000 -6.750000
vt -0.800000 -6.800000
vt -0.750000 -6.250000
vt -0.800000 -6.800000
vt -0.200000 -6.800000
vt -0.750000 -6.250000
vt -0.200000 -6.800000
vt 0.264018 -6.738333
vt 0.264018 -6.265877
vt -0.200000 -6.800000
vt 0.264018 -6.265877
vt -0.750000 -6.250000
vt 2.750000 -6.750000
vt 2.744696 -6.285703
vt 1.700000 -6.700000
vt 2.750000 -6.750000
vt 3.250000 -6.750000
vt 2.744696 -6.285703
vt 3.250000 -6.750000
vt 3.800000 -6.700000
vt 2.744696 -6.285703
vt -5.077919 -1.549485
vt -5.262659 -1.261724
vt -4.725185 -1.255462
vt -3.846903 -6.537569
vt -2.704312 -6.260967
vt -2.750000 -7.231219
vt 3.235184 -6.756830
vt 3.722040 -5.715880
vt 3.800000 -6.700000
vt -2.507187 -6.502711
vt -2.704312 -6.260967
vt -0.250000 -6.737905
vt -0.250000 -6.737905
vt 0.250000 -5.977639
vt 0.750000 -6.707873
vt 0.750000 -6.707873
vt 2.402601 -5.443959
vt 2.250000 -6.645310
vt 2.250000 -6.645310
vt 3.722040 -5.715880
vt 3.235184 -6.756830
vt 1.208851 -6.213248
vt 1.750000 -6.125413
vt 1.791373 -5.718100
vt 1.208851 -6.213248
vt 1.791373 -5.718100
vt 0.996195 -6.008427
vt 1.750000 -6.125413
vt 2.574493 -5.952230
vt 1.791373 -5.718100
vt -5.532261 -6.054385
vt -4.750000 -6.250000
vt -5.250000 -5.750000
vt -4.750000 -6.250000
vt -3.250000 -6.250000
vt -5.250000 -5.750000
vt -3.250000 -6.250000
vt -2.750000 -6.835420
vt -2.000000 -5.500000
vt -2.750000 -6.835420
vt -2.236751 -6.798358
vt -2.000000 -5.500000
vt -2.236751 -6.798358
vt -1.750000 -6.750000
vt -2.000000 -5.500000
vt -1.750000 -6.750000
vt -0.750000 -6.250000
vt -2.000000 -5.500000
vt 2.744696 -6.285703
vt 3.300000 -5.700000
vt 2.574493 -5.952230
vt 2.744696 -6.285703
vt 3.800000 -6.700000
vt 3.768367 -5.679900
vt 2.744696 -6.285703
vt 3.768367 -5.679900
vt 3.300000 -5.700000
vt -6.054385 -1.531491
vt -5.749248 -1.258606
vt -6.241883 -1.261724
vt -0.750000 -6.250000
vt 0.500000 -6.000000
vt -0.750000 -4.250000
vt 0.500000 -6.000000
vt 1.000000 -5.500000
vt -0.750000 -4.250000
vt -4.541975 -6.520897
vt -3.250000 -5.750000
vt -3.846903 -6.537569
vt -3.846903 -6.537569
vt -3.250000 -5.750000
vt -2.704312 -6.260967
vt -2.704312 -6.260967
vt -3.250000 -5.750000
vt -2.069268 -5.513900
vt -2.704312 -6.260967
vt -2.069268 -5.513900
vt -0.250000 -6.737905
vt -0.250000 -6.737905
vt -2.069268 -5.513900
vt 0.250000 -5.977639
vt 0.750000 -6.707873
vt 0.250000 -5.977639
vt 2.241561 -5.266375
vt 0.750000 -6.707873
vt 2.241561 -5.266375
vt 2.402601 -5.443959
vt 2.250000 -6.645310
vt 2.402601 -5.443959
vt 3.722040 -5.715880
vt 0.996195 -6.008427
vt 1.791373 -5.718100
vt 1.791373 -5.220516
vt 0.996195 -6.008427
vt 1.791373 -5.220516
vt 0.890788 -5.417827
vt -5.532261 -6.054385
vt -5.250000 -5.750000
vt -5.500000 -5.000000
vt -5.250000 -5.750000
vt -3.250000 -6.250000
vt -5.250000 -4.250000
vt -3.250000 -6.250000
vt -2.000000 -5.500000
vt -3.250000 -4.750000
vt 0.784220 -5.700000
vt 0.810338 -5.321926
vt 1.000000 -5.500000
vt 2.574493 -5.952230
vt 2.500000 -5.000000
vt 1.791373 -5.220516
vt 2.574493 -5.952230
vt 3.300000 -5.700000
vt 2.500000 -5.000000
vt -2.000000 -5.500000
vt -0.750000 -6.250000
vt -0.750000 -4.250000
vt -0.750000 -4.250000
vt 1.000000 -5.500000
vt 0.250000 -5.250000
vt 3.300000 -5.700000
vt 3.768367 -5.679900
vt 3.833333 -5.166667
vt 3.300000 -5.700000
vt 3.833333 -5.166667
vt 3.500000 -5.000000
vt 3.768367 -1.333333
vt 4.045436 -0.992098
vt 4.227261 -1.300000
vt 3.768367 -5.679900
vt 4.227261 -5.453237
vt 3.833333 -5.166667
vt -5.536054 -5.582081
vt -5.023244 -4.525690
vt -5.268440 -5.749248
vt -5.268440 -5.749248
vt -5.023244 -4.525690
vt -4.541975 -6.520897
vt 2.402601 -5.443959
vt 3.224663 -5.211315
vt 3.722040 -5.715880
vt 3.722040 -5.715880
vt 3.224663 -5.211315
vt 4.045436 -5.526467
vt -2.069268 -5.513900
vt -0.750000 -5.250000
vt 0.250000 -5.977639
vt 0.250000 -5.977639
vt -0.750000 -5.250000
vt 0.250000 -5.250000
vt 0.250000 -5.977639
vt 0.250000 -5.250000
vt 2.241561 -5.266375
vt -5.250000 -4.250000
vt -3.250000 -6.250000
vt -3.250000 -4.750000
vt -3.250000 -4.750000
vt -2.000000 -5.500000
vt -2.250000 -4.750000
vt 0.250000 -5.250000
vt 0.810338 -5.321926
vt 0.750000 -4.250000
vt 0.250000 -5.250000
vt 0.750000 -4.250000
vt 0.000000 -4.500000
vt 0.810338 -5.321926
vt 1.791373 -5.220516
vt 2.364891 -4.362613
vt 1.791373 -5.220516
vt 2.500000 -5.000000
vt 2.345590 -4.649640
vt 1.791373 -5.220516
vt 2.345590 -4.649640
vt 2.364891 -4.362613
vt 3.833333 -5.166667
vt 4.250000 -5.250000
vt 3.500000 -5.000000
vt 4.250000 -5.250000
vt 4.666667 -5.166667
vt 4.756183 -4.767253
vt -2.000000 -5.500000
vt -0.750000 -4.250000
vt -2.250000 -4.750000
vt -0.750000 -4.250000
vt 0.250000 -5.250000
vt 0.000000 -4.500000
vt 2.500000 -5.000000
vt 3.500000 -5.000000
vt 2.500000 -4.500000
vt -4.541975 -6.520897
vt -5.023244 -4.525690
vt -3.374438 -4.968257
vt -4.541975 -6.520897
vt -3.374438 -4.968257
vt -3.250000 -5.750000
vt 4.045436 -0.992098
vt 4.558954 -0.456390
vt 4.703762 -1.250000
vt 4.045436 -5.526467
vt 3.224663 -5.211315
vt 4.558954 -4.549241
vt -3.374438 -4.968257
vt -2.209277 -4.703776
vt -2.069268 -5.513900
vt -3.374438 -4.968257
vt -2.800000 -4.227689
vt -2.209277 -4.703776
vt -2.069268 -5.513900
vt -2.209277 -4.703776
vt -0.750000 -5.250000
vt -0.750000 -5.250000
vt -0.750000 -4.683768
vt 0.250000 -4.732164
vt -0.750000 -5.250000
vt 0.250000 -4.732164
vt 0.250000 -5.250000
vt 2.241561 -5.266375
vt 0.250000 -5.250000
vt 2.348794 -4.449936
vt 2.241561 -5.266375
vt 2.348794 -4.449936
vt 3.041105 -5.018859
vt 2.473044 -4.515827
vt 3.250000 -4.558400
vt 2.787723 -4.280180
vt 3.250000 -4.558400
vt 4.250000 -4.250000
vt 2.787723 -4.280180
vt 3.250000 -4.558400
vt 4.512365 -4.534506
vt 4.250000 -4.250000
vt 4.512365 -4.534506
vt 4.554335 -3.924616
vt 4.250000 -4.250000
vt -5.250000 -4.250000
vt -3.250000 -4.750000
vt -4.250000 -4.250000
vt -3.250000 -4.750000
vt -3.267919 -4.244683
vt -4.250000 -4.250000
vt -3.250000 -4.750000
vt -2.250000 -4.750000
vt -2.412262 -4.060541
vt -3.250000 -4.750000
vt -2.412262 -4.060541
vt -3.267919 -4.244683
vt -4.750000 -1.541053
vt -4.280270 -1.719123
vt -4.060541 -2.046781
vt 0.000000 -4.500000
vt 0.750000 -4.250000
vt 0.333333 -3.993537
vt 0.810338 -5.321926
vt 2.364891 -4.362613
vt 2.250000 -3.750000
vt 0.810338 -5.321926
vt 2.250000 -3.750000
vt 0.750000 -4.250000
vt 2.345590 -4.649640
vt 2.364891 -4.362613
vt 2.700000 -4.637481
vt 4.756183 -4.767253
vt 5.166667 -4.666667
vt 5.000000 -4.000000
vt -5.749248 -1.258606
vt -5.000000 -1.500000
vt -4.000000 -1.500000
vt -5.586831 -5.749248
vt -5.500000 -4.000000
vt -5.788475 -3.979089
vt -2.250000 -4.750000
vt -0.750000 -4.250000
vt -1.700000 -4.300000
vt -0.750000 -4.250000
vt 0.000000 -4.500000
vt 0.000000 -4.200000
vt 4.558954 -4.549241
vt 5.258574 -4.221859
vt 5.221757 -4.729595
vt 4.558954 -4.549241
vt 5.054806 -4.060958
vt 5.258574 -4.221859
vt -5.023244 -4.525690
vt -3.747698 -3.729945
vt -3.374438 -4.968257
vt -3.374438 -4.968257
vt -3.747698 -3.729945
vt -2.800000 -4.227689
vt 3.041105 -5.018859
vt 2.348794 -4.449936
vt 3.250000 -4.160287
vt 3.041105 -5.018859
vt 3.250000 -4.160287
vt 4.558954 -4.549241
vt 4.558954 -4.549241
vt 3.250000 -4.160287
vt 4.050553 -4.017609
vt 4.558954 -4.549241
vt 4.050553 -4.017609
vt 5.054806 -4.060958
vt -2.209277 -4.703776
vt -1.750000 -4.250000
vt -0.750000 -5.250000
vt -5.250000 -0.245241
vt -4.250000 0.429628
vt -4.683768 0.179628
vt -0.750000 -5.250000
vt -1.750000 -4.250000
vt -0.750000 -4.250000
vt -0.750000 -4.683768
vt 0.166667 -4.220771
vt 0.250000 -4.732164
vt -0.750000 -4.683768
vt -0.750000 -4.250000
vt 0.166667 -4.220771
vt 0.250000 -4.732164
vt 0.166667 -4.220771
vt 1.250000 -4.125768
vt 0.250000 0.230501
vt 1.250000 0.572670
vt 1.250000 0.073706
vt 1.250000 0.073706
vt 2.149629 0.563065
vt 2.249212 0.247226
vt -3.267919 -4.244683
vt -2.412262 -4.060541
vt -2.324139 -3.750000
vt -3.267919 -4.244683
vt -2.324139 -3.750000
vt -3.267919 -3.775330
vt 2.787723 -4.280180
vt 4.250000 -4.250000
vt 4.250000 -3.873035
vt 2.787723 -4.280180
vt 4.250000 -3.873035
vt 3.250000 -3.663996
vt 4.250000 -4.250000
vt 4.554335 -3.924616
vt 4.250000 -3.873035
vt -5.250000 -4.250000
vt -4.750000 -3.250000
vt -5.250000 -3.250000
vt -5.250000 -4.250000
vt -4.250000 -4.250000
vt -4.750000 -3.250000
vt -4.250000 -4.250000
vt -3.267919 -4.244683
vt -3.267919 -3.775330
vt -4.250000 -4.250000
vt -3.267919 -3.775330
vt -3.681973 -3.250000
vt -2.206131 -4.280270
vt -1.700000 -4.300000
vt -2.059312 -3.700000
vt 0.750000 -4.250000
vt 1.722626 -3.723050
vt 0.333333 -3.993537
vt 0.750000 -4.250000
vt 2.250000 -3.750000
vt 1.722626 -3.723050
vt 2.364891 -4.362613
vt 2.787723 -3.779100
vt 2.250000 -3.750000
vt -1.700000 -4.300000
vt -0.750000 -4.250000
vt -1.250000 -3.964412
vt -1.700000 -4.300000
vt -1.250000 -3.964412
vt -1.747384 -3.731610
vt -0.750000 -4.250000
vt 0.000000 -4.200000
vt -0.333333 -3.997796
vt -0.750000 -1.500000
vt -0.333333 -1.166667
vt -1.250000 -1.250000
vt -4.191380 -1.333333
vt -4.049426 -0.989330
vt -3.508080 -1.166667
vt 5.314505 -4.191380
vt 6.004559 -3.508080
vt 5.000000 -4.000000
vt -5.536054 -5.582081
vt -5.788475 -3.779089
vt -5.023244 -4.525690
vt 5.258574 -4.221859
vt 4.985715 -3.531668
vt 5.529193 -4.049426
vt -2.800000 -4.227689
vt -2.250000 -3.750000
vt -1.750000 -4.250000
vt -2.800000 -4.227689
vt -2.800000 -3.800000
vt -2.250000 -3.750000
vt -1.750000 -4.250000
vt -2.250000 -3.750000
vt -1.796861 -3.777932
vt -1.750000 -4.250000
vt -1.796861 -3.777932
vt -1.250000 -3.964412
vt -1.750000 -4.250000
vt -1.250000 -3.964412
vt -0.750000 -4.250000
vt -0.750000 -4.250000
vt -0.333333 -3.997796
vt 0.166667 -4.220771
vt -0.750000 -4.250000
vt -1.250000 -3.964412
vt -0.333333 -3.997796
vt 2.249212 -4.253371
vt 2.241481 -3.672317
vt 3.048366 -3.537406
vt 2.249212 -4.253371
vt 3.048366 -3.537406
vt 3.250000 -4.160287
vt 3.250000 -4.160287
vt 3.048366 -3.537406
vt 4.050553 -4.017609
vt 0.333333 -3.983435
vt 1.750000 -3.809578
vt 1.250000 -4.125768
vt 1.250000 -4.125768
vt 1.750000 -3.809578
vt 2.149629 -4.056806
vt 2.149629 -4.056806
vt 1.750000 -3.809578
vt 2.241481 -3.672317
vt -3.681973 -3.250000
vt -3.267919 -3.775330
vt -3.250000 -3.250000
vt -3.267919 -3.775330
vt -2.324139 -3.750000
vt -2.740263 -3.229440
vt -3.267919 -3.775330
vt -2.740263 -3.229440
vt -3.250000 -3.250000
vt -2.324139 -3.750000
vt -2.353257 -3.382400
vt -2.740263 -3.229440
vt -6.300000 -3.300000
vt -5.500000 -4.000000
vt -5.250000 -3.250000
vt -4.250000 -4.250000
vt -3.681973 -3.250000
vt -4.750000 -3.250000
vt 1.722626 -3.723050
vt 2.250000 -3.750000
vt 1.871043 -3.395859
vt 2.250000 -3.750000
vt 2.787723 -3.779100
vt 2.740468 -3.214621
vt 2.250000 -3.750000
vt 2.740468 -3.214621
vt 1.871043 -3.395859
vt 2.787723 -3.779100
vt 3.250000 -3.663996
vt 3.501110 -3.005019
vt 2.787723 -3.779100
vt 3.501110 -3.005019
vt 2.740468 -3.214621
vt 3.250000 -3.663996
vt 3.700666 -3.203011
vt 3.501110 -3.005019
vt 3.250000 -3.663996
vt 4.250000 -3.873035
vt 4.800000 -3.200000
vt 3.250000 -3.663996
vt 4.800000 -3.200000
vt 3.700666 -3.203011
vt 4.250000 -3.873035
vt 4.554335 -3.924616
vt 4.800000 -3.200000
vt 5.000000 -4.000000
vt 6.004559 -3.508080
vt 5.750000 -3.250000
vt -5.788475 -3.779089
vt -5.097113 -2.750000
vt -5.023244 -4.525690
vt 4.985715 -3.531668
vt 5.245934 -3.274929
vt 5.529193 -4.049426
vt -5.023244 -4.525690
vt -5.097113 -2.750000
vt -3.747698 -3.729945
vt -3.747698 -3.729945
vt -5.097113 -2.750000
vt -3.747698 -3.253445
vt 4.050553 -4.017609
vt 4.985715 -3.531668
vt 5.054806 -4.060958
vt -2.800000 -3.800000
vt -3.747698 -3.253445
vt -3.250000 -3.250000
vt -2.800000 -3.800000
vt -3.250000 -3.250000
vt -2.723279 -3.244897
vt -2.800000 0.196287
vt -1.994768 0.166667
vt -2.250000 0.400860
vt -2.800000 -3.800000
vt -2.723279 -3.244897
vt -1.994768 -3.497410
vt -2.250000 -3.750000
vt -1.994768 -3.497410
vt -1.796861 -3.777932
vt 3.048366 -3.537406
vt 3.536754 -2.833333
vt 4.050553 -4.017609
vt 2.241481 -3.672317
vt 2.720117 -3.298120
vt 3.048366 -3.537406
vt -3.681973 -3.250000
vt -3.250000 -3.250000
vt -3.604832 -2.945570
vt -3.250000 -3.250000
vt -2.740263 -3.229440
vt -2.900439 -2.953690
vt -3.250000 -3.250000
vt -2.900439 -2.953690
vt -3.604832 -2.945570
vt 2.959799 -2.938122
vt 3.501110 -3.005019
vt 3.511396 -2.457673
vt -6.300000 -3.300000
vt -6.279439 -2.711596
vt -7.022345 -3.166667
vt -6.300000 -3.300000
vt -5.250000 -3.250000
vt -5.750000 -2.750000
vt -6.300000 -3.300000
vt -5.750000 -2.750000
vt -6.279439 -2.711596
vt -5.250000 -3.250000
vt -4.750000 -3.250000
vt -3.700000 -2.200000
vt -5.250000 -3.250000
vt -3.700000 -2.200000
vt -5.750000 -2.750000
vt -4.750000 -3.250000
vt -3.681973 -3.250000
vt -3.719083 -2.722785
vt -4.750000 -3.250000
vt -3.719083 -2.722785
vt -3.700000 -2.200000
vt 3.700666 -3.203011
vt 4.800000 -3.200000
vt 4.300000 -2.700000
vt 3.700666 -3.203011
vt 4.300000 -2.700000
vt 3.501110 -3.005019
vt -7.022345 -3.166667
vt -6.593639 -2.630281
vt -6.437332 -3.300000
vt 5.750000 -3.250000
vt 6.004559 -3.508080
vt 6.226860 -2.704312
vt 5.529193 -4.049426
vt 6.226860 -2.704312
vt 6.004559 -3.508080
vt 5.529193 -4.049426
vt 5.245934 -3.274929
vt 6.226860 -2.704312
vt -5.097113 -2.750000
vt -4.291432 -2.270730
vt -3.747698 -3.253445
vt 4.050553 -4.017609
vt 4.047618 -2.750000
vt 4.985715 -3.531668
vt -3.747698 -3.253445
vt -4.291432 -2.270730
vt -3.423469 -2.570541
vt -3.747698 -3.253445
vt -3.227588 -2.721337
vt -3.250000 -3.250000
vt -3.747698 -3.253445
vt -3.423469 -2.570541
vt -3.227588 -2.721337
vt -3.250000 -3.250000
vt -3.227588 -2.721337
vt -2.723279 -3.244897
vt -2.833333 0.557336
vt -2.750000 0.036046
vt -4.017609 0.014150
vt 3.536754 -2.833333
vt 3.722053 -2.700000
vt 4.047618 -2.750000
vt 2.720117 -3.298120
vt 2.866862 -2.866862
vt 3.048366 -3.537406
vt 3.048366 -3.537406
vt 2.866862 -2.866862
vt 3.536754 -2.833333
vt -7.523966 -2.517494
vt -6.279439 -2.711596
vt -6.750000 -2.250000
vt -6.279439 -2.711596
vt -5.797693 -2.206660
vt -6.750000 -2.250000
vt -2.517494 -2.010762
vt -2.219358 -1.700000
vt -2.726370 -1.676612
vt -6.279439 -2.711596
vt -5.750000 -2.750000
vt -5.797693 -2.206660
vt -5.750000 -2.750000
vt -5.000000 -2.000000
vt -5.797693 -2.206660
vt -5.750000 -2.750000
vt -3.700000 -2.200000
vt -5.000000 -2.000000
vt -7.022345 -3.166667
vt -6.993043 -1.972373
vt -6.593639 -2.630281
vt -3.166667 -1.519891
vt -1.783424 -1.206670
vt -1.972373 -1.011116
vt -3.700000 -2.200000
vt -3.183903 -2.692285
vt -3.497410 -1.994768
vt 4.300000 -2.700000
vt 4.800000 -3.200000
vt 3.800000 -2.200000
vt 4.800000 -3.200000
vt 5.000000 -4.000000
vt 3.800000 -2.200000
vt 5.000000 -4.000000
vt 5.750000 -3.250000
vt 6.250000 -2.250000
vt 5.000000 -4.000000
vt 6.250000 -2.250000
vt 3.800000 -2.200000
vt 5.750000 -3.250000
vt 6.226860 -2.704312
vt 6.250000 -2.250000
vt -2.704312 -1.300000
vt -2.507187 -0.998771
vt -2.250000 -1.250000
vt 6.226860 -2.704312
vt 6.517603 -2.250000
vt 6.250000 -2.250000
vt -6.593639 -2.630281
vt -5.513900 -2.069268
vt -5.788475 -3.779089
vt -6.593639 -2.630281
vt -6.993043 -1.972373
vt -5.513900 -2.069268
vt -5.788475 -3.779089
vt -5.513900 -2.069268
vt -5.097113 -2.750000
vt 5.245934 -3.274929
vt 5.513900 -2.069268
vt 6.226860 -2.704312
vt 4.047618 -2.750000
vt 4.506293 -2.015461
vt 4.985715 -3.531668
vt 4.985715 -3.531668
vt 4.506293 -2.015461
vt 5.513900 -2.069268
vt 3.215299 -2.528760
vt 3.750000 -2.250000
vt 3.722053 -2.700000
vt 3.722053 -2.700000
vt 4.506293 -2.015461
vt 4.047618 -2.750000
vt 3.722053 -2.700000
vt 3.750000 -2.250000
vt 4.506293 -2.015461
vt -3.423469 -2.570541
vt -3.666667 -1.910331
vt -3.439681 -1.910331
vt -7.523966 -2.517494
vt -6.750000 -2.250000
vt -6.688252 -1.250000
vt -5.797693 -2.206660
vt -5.662772 -1.750000
vt -6.750000 -2.250000
vt -5.797693 -2.206660
vt -5.000000 -2.000000
vt -5.662772 -1.750000
vt -4.250000 -2.000000
vt -3.700000 -2.200000
vt -3.777932 -1.796861
vt -3.700000 -2.200000
vt -3.497410 -1.994768
vt -3.777932 -1.796861
vt 3.353189 -2.200000
vt 3.800000 -2.200000
vt 3.777932 -1.796861
vt 3.800000 -2.200000
vt 4.250000 -1.750000
vt 3.777932 -1.796861
vt -6.993043 -1.972373
vt -5.727639 -0.250000
vt -5.513900 -2.069268
vt 5.513900 -2.069268
vt 6.730444 -0.250000
vt 6.226860 -2.704312
vt 5.513900 -2.069268
vt 5.842785 -1.250000
vt 6.730444 -0.250000
vt 6.226860 -2.704312
vt 6.730444 -0.250000
vt 6.502711 -2.507187
vt -5.513900 -2.069268
vt -4.894527 -1.250000
vt -5.097113 -2.750000
vt 4.506293 -2.015461
vt 4.828726 -1.250000
vt 5.513900 -2.069268
vt 3.215299 -2.528760
vt 3.777932 -1.796861
vt 3.750000 -2.250000
vt 3.750000 -2.250000
vt 4.211959 -1.300000
vt 4.506293 -2.015461
vt 3.750000 -2.250000
vt 3.777932 -1.796861
vt 4.211959 -1.300000
vt -6.688252 -1.250000
vt -6.750000 -2.250000
vt -6.250000 -0.750000
vt -6.750000 -2.250000
vt -5.662772 -1.750000
vt -5.732525 -1.239982
vt -6.750000 -2.250000
vt -5.732525 -1.239982
vt -6.250000 -0.750000
vt -5.662772 -1.750000
vt -5.000000 -2.000000
vt -5.527104 -1.199985
vt -5.000000 -2.000000
vt -4.250000 -2.000000
vt -4.250000 0.500000
vt -5.000000 -2.000000
vt -4.250000 0.500000
vt -5.500000 -1.000000
vt -4.250000 -2.000000
vt -3.777932 -1.796861
vt -3.964412 -1.250000
vt 3.777932 -1.796861
vt 4.250000 -1.750000
vt 3.964412 -1.250000
vt 6.250000 -2.250000
vt 6.517603 -2.250000
vt 6.730444 -0.250000
vt -5.513900 -2.069268
vt -5.727639 -0.250000
vt -4.894527 -1.250000
vt 4.828726 -1.250000
vt 5.842785 -1.250000
vt 5.513900 -2.069268
vt -4.894527 -1.250000
vt -4.282024 -0.800000
vt -4.291432 -2.270730
vt -4.291432 -2.270730
vt -3.885101 -0.800000
vt -3.777754 -1.741243
vt -4.291432 -2.270730
vt -4.282024 -0.800000
vt -3.885101 -0.800000
vt 3.777932 -1.796861
vt 3.993370 -1.166667
vt 4.211959 -1.300000
vt 4.211959 -1.300000
vt 4.828726 -1.250000
vt 4.506293 -2.015461
vt -6.250000 -0.750000
vt -5.732525 -1.239982
vt -5.708091 -0.726447
vt -5.732525 -1.239982
vt -5.463998 -0.877412
vt -5.708091 -0.726447
vt -1.166667 -1.534546
vt -0.750000 -1.391163
vt -1.300000 -1.281246
vt -4.250000 -2.000000
vt -3.964412 -1.250000
vt -4.250000 0.500000
vt 3.964412 -1.250000
vt 4.250000 -1.750000
vt 4.250000 -0.750000
vt -1.250000 -1.250000
vt -0.750000 -1.500000
vt -0.333333 -1.166667
vt 4.250000 -1.750000
vt 3.800000 -2.200000
vt 4.250000 -0.750000
vt 3.800000 -2.200000
vt 6.250000 -2.250000
vt 6.300000 0.200000
vt 6.250000 -2.250000
vt 6.730444 -0.250000
vt 6.300000 0.200000
vt -5.727639 -0.250000
vt -4.992931 0.250000
vt -4.894527 -1.250000
vt 4.211959 -1.300000
vt 4.657759 -0.771642
vt 4.828726 -1.250000
vt 3.993370 -1.166667
vt 3.892603 -0.759935
vt 4.228538 -0.776314
vt -6.688252 -1.250000
vt -6.250000 -0.750000
vt -6.495894 -0.003694
vt -7.652719 -0.333333
vt -7.612902 -1.166667
vt -7.300000 -0.200000
vt -7.612902 -1.166667
vt -7.300000 -1.300000
vt -6.495894 -0.003694
vt -7.612902 -1.166667
vt -6.495894 -0.003694
vt -7.300000 -0.200000
vt -5.500000 -1.000000
vt -4.250000 0.500000
vt -5.500000 0.250000
vt -4.250000 0.500000
vt -3.964412 -1.250000
vt -3.949759 0.700000
vt 4.250000 -0.750000
vt 3.800000 -2.200000
vt 5.000000 0.500000
vt 4.250000 -0.750000
vt 5.000000 0.500000
vt 3.997796 -0.333333
vt -7.290177 -0.271731
vt -6.750000 0.250000
vt -6.993043 -1.972373
vt -6.993043 -1.972373
vt -6.750000 0.250000
vt -5.727639 -0.250000
vt 5.842785 -1.250000
vt 6.037456 -0.138214
vt 6.730444 -0.250000
vt 4.828726 -1.250000
vt 4.973892 -0.250000
vt 4.989556 0.546439
vt 4.828726 -1.250000
vt 6.037456 -0.138214
vt 5.842785 -1.250000
vt 4.828726 -1.250000
vt 4.989556 0.546439
vt 6.037456 -0.138214
vt -4.894527 -1.250000
vt -4.477530 -0.250000
vt -4.282024 -0.800000
vt 4.228538 -0.776314
vt 4.157404 -0.250000
vt 4.557613 -0.619404
vt -6.250000 -0.750000
vt -5.708091 -0.726447
vt -5.980198 0.649350
vt -7.300000 -0.200000
vt -6.495894 -0.003694
vt -6.214954 0.789610
vt -7.300000 -0.200000
vt -6.214954 0.789610
vt -7.500000 0.250000
vt -0.226443 -1.276404
vt 0.250000 -1.500000
vt 0.519666 -0.993889
vt 3.997796 -0.333333
vt 5.000000 0.500000
vt 3.997796 0.333333
vt 3.800000 -2.200000
vt 6.300000 0.200000
vt 5.750000 0.000000
vt 3.800000 -2.200000
vt 5.750000 0.000000
vt 5.000000 0.500000
vt 6.300000 0.200000
vt 6.730444 -0.250000
vt 7.011357 0.333333
vt -7.290177 -0.271731
vt -7.505242 0.519666
vt -6.750000 0.250000
vt -6.750000 0.250000
vt -5.914837 0.750000
vt -5.727639 -0.250000
vt 6.037456 -0.138214
vt 6.768402 0.223669
vt 6.730444 -0.250000
vt -5.727639 -0.250000
vt -4.746650 1.738335
vt -4.992931 0.250000
vt -4.477530 -0.250000
vt -4.992931 0.250000
vt -4.176352 0.750063
vt -3.964355 -0.666667
vt -4.477530 -0.250000
vt -3.907492 0.750063
vt -0.250000 1.138799
vt 0.318537 0.795041
vt -0.619404 0.592521
vt 3.926429 -0.599891
vt 3.935151 0.151282
vt 4.157404 -0.250000
vt -7.500000 0.250000
vt -6.214954 0.789610
vt -7.000000 1.000000
vt 5.750000 0.000000
vt 5.750000 1.878082
vt 5.000000 0.500000
vt 5.750000 0.000000
vt 6.300000 0.200000
vt 7.000000 1.000000
vt 5.750000 0.000000
vt 7.000000 1.000000
vt 5.750000 1.878082
vt 0.519666 -0.993889
vt 0.250000 -1.500000
vt 0.759833 -1.333333
vt 3.997796 0.333333
vt 5.000000 0.500000
vt 4.833333 0.833333
vt 3.997796 0.333333
vt 4.833333 0.833333
vt 4.250000 0.750000
vt 6.300000 0.200000
vt 7.011357 0.333333
vt 7.000000 1.000000
vt -7.505242 0.519666
vt -7.215445 0.711800
vt -6.750000 0.250000
vt 6.768402 0.223669
vt 6.536804 0.447338
vt 7.011357 0.333333
vt -5.727639 -0.250000
vt -5.914837 0.750000
vt -4.746650 1.738335
vt 6.037456 -0.138214
vt 4.989556 0.546439
vt 6.536804 0.447338
vt 4.297283 0.318537
vt 4.293103 0.800000
vt 4.989556 0.546439
vt -4.477530 -0.250000
vt -4.176352 0.750063
vt -3.907492 0.750063
vt 3.853467 0.290769
vt 3.925679 0.666667
vt 4.297283 0.318537
vt -7.000000 1.000000
vt -6.214954 0.789610
vt -6.800000 1.200000
vt -4.250000 0.500000
vt -3.973309 0.833333
vt -3.994370 1.495262
vt -4.250000 0.500000
vt -3.994370 1.495262
vt -5.300000 1.200000
vt 0.833333 -1.534038
vt 1.297157 -1.720423
vt 1.495262 -2.001443
vt 0.759833 -1.333333
vt 1.000000 -1.500000
vt 1.202641 -1.276350
vt -5.500000 0.250000
vt -4.250000 0.500000
vt -5.300000 1.200000
vt 0.333333 -1.166667
vt 0.750000 -1.500000
vt 1.250000 -1.250000
vt 1.000000 -1.500000
vt 0.333333 -1.166667
vt 1.200000 -1.300000
vt -7.215445 0.711800
vt -6.790492 1.243169
vt -6.750000 0.250000
vt -6.750000 0.250000
vt -5.906800 1.250000
vt -5.914837 0.750000
vt -6.750000 0.250000
vt -6.790492 1.243169
vt -5.906800 1.250000
vt 0.447338 -0.478508
vt 1.250000 -0.895104
vt 0.333333 -0.989607
vt 6.536804 0.447338
vt 6.578909 1.250000
vt 7.110030 1.250000
vt -5.914837 0.750000
vt -5.906800 1.250000
vt -4.746650 1.738335
vt 4.989556 0.546439
vt 5.129471 1.250000
vt 6.578909 1.250000
vt 4.989556 0.546439
vt 6.578909 1.250000
vt 6.536804 0.447338
vt 0.250000 -0.003923
vt 1.300000 0.380323
vt 0.750063 0.762027
vt 3.913784 0.800000
vt 3.964412 1.250000
vt 4.293103 0.800000
vt 4.293103 0.800000
vt 5.129471 1.250000
vt 4.989556 0.546439
vt -7.166667 1.333333
vt -6.800000 1.200000
vt -6.250000 1.750000
vt -7.166667 1.333333
vt -6.250000 1.750000
vt -7.305159 1.742534
vt -6.800000 1.200000
vt -6.214954 0.789610
vt -6.250000 1.750000
vt -6.214954 0.789610
vt -5.788119 0.789610
vt -5.700000 2.300000
vt -6.214954 0.789610
vt -5.700000 2.300000
vt -6.250000 1.750000
vt -5.300000 1.200000
vt -4.528734 1.956517
vt -5.500000 1.750000
vt -5.300000 1.200000
vt -3.994370 1.495262
vt -4.528734 1.956517
vt 4.833333 0.833333
vt 5.000000 0.500000
vt 4.991202 1.986790
vt 5.000000 0.500000
vt 5.750000 1.878082
vt 4.991202 1.986790
vt 5.750000 1.878082
vt 7.000000 1.000000
vt 6.000342 1.999510
vt 7.000000 1.000000
vt 7.250000 1.750000
vt 6.000342 1.999510
vt 1.000000 -1.500000
vt 1.200000 -1.300000
vt 1.750000 -1.543209
vt -6.992077 1.202641
vt -7.300000 1.700000
vt -6.982591 1.750000
vt -5.500000 0.250000
vt -5.300000 1.200000
vt -5.500000 1.750000
vt 3.964412 1.250000
vt 4.250000 0.750000
vt 4.250000 2.000000
vt 3.964412 1.250000
vt 4.250000 2.000000
vt 3.777932 1.796861
vt 4.250000 0.750000
vt 4.833333 0.833333
vt 4.500000 2.000000
vt 4.250000 0.750000
vt 4.500000 2.000000
vt 4.250000 2.000000
vt -6.790492 1.243169
vt -6.982591 1.750000
vt -5.906800 1.250000
vt 6.578909 1.250000
vt 7.019979 2.032304
vt 7.110030 1.250000
vt -5.906800 1.250000
vt -5.037244 2.066530
vt -4.746650 1.738335
vt 5.129471 1.250000
vt 5.023903 2.033338
vt 6.578909 1.250000
vt -4.265105 1.300000
vt -3.814943 1.820365
vt -3.935265 1.300000
vt 3.964412 1.250000
vt 4.201257 1.700000
vt 4.293103 0.800000
vt 3.964412 1.250000
vt 3.777932 1.657172
vt 4.201257 1.700000
vt 4.293103 0.800000
vt 5.023903 2.033338
vt 5.129471 1.250000
vt 4.293103 0.800000
vt 4.201257 1.700000
vt 5.023903 2.033338
vt -8.029770 1.975012
vt -7.707421 2.244648
vt -8.228720 2.272932
vt -8.029770 1.975012
vt -7.227010 2.300727
vt -7.707421 2.244648
vt -3.994370 1.495262
vt -3.751275 2.225643
vt -4.528734 1.956517
vt -3.994370 1.495262
vt -3.482710 1.971762
vt -3.751275 2.225643
vt -8.029770 1.975012
vt -8.228720 2.272932
vt -7.718039 2.244648
vt -7.305159 1.742534
vt -6.250000 1.750000
vt -7.055159 2.309742
vt -6.250000 1.750000
vt -6.354821 2.350085
vt -7.055159 2.309742
vt -6.250000 1.750000
vt -5.700000 2.300000
vt -6.354821 2.350085
vt -5.500000 1.750000
vt -4.528734 1.956517
vt -4.506396 2.506396
vt 1.750000 -1.500000
vt 2.506396 -2.003260
vt 2.500000 -1.500000
vt 7.250000 1.750000
vt 7.166667 2.666667
vt 6.000342 1.999510
vt -7.300000 1.700000
vt -7.511271 2.562306
vt -7.200000 2.300000
vt 1.700000 -1.338875
vt 2.333333 -1.258341
vt 1.750000 -1.052037
vt -7.300000 1.700000
vt -7.200000 2.300000
vt -6.747673 2.333333
vt -5.500000 1.750000
vt -5.000000 2.500000
vt -5.700000 2.300000
vt 3.497410 1.994768
vt 3.777932 1.796861
vt 3.188634 2.703527
vt -6.982591 1.750000
vt -6.502711 2.507187
vt -5.906800 1.250000
vt -5.906800 1.250000
vt -6.502711 2.507187
vt -5.844113 2.250000
vt 6.578909 1.250000
vt 6.096470 2.131418
vt 7.019979 2.032304
vt -5.906800 1.250000
vt -5.222347 2.239918
vt -5.037244 2.066530
vt -5.906800 1.250000
vt -5.844113 2.250000
vt -5.222347 2.239918
vt 5.023903 2.033338
vt 6.096470 2.131418
vt 6.578909 1.250000
vt -4.746650 1.738335
vt -4.379482 2.348794
vt -4.265105 1.300000
vt -4.746650 1.738335
vt -5.037244 2.066530
vt -4.379482 2.348794
vt -4.265105 1.300000
vt -3.562035 2.642282
vt -3.814943 1.820365
vt -4.265105 1.300000
vt -4.379482 2.348794
vt -3.562035 2.642282
vt 4.201257 1.700000
vt 4.002095 2.003256
vt 5.023903 2.033338
vt 3.477571 1.959665
vt 4.002095 2.003256
vt 4.201257 1.700000
vt -6.466244 2.441192
vt -6.449221 3.059490
vt -7.010367 2.481969
vt -7.707421 2.244648
vt -7.227010 2.300727
vt -7.220118 2.680115
vt -7.707421 -2.039656
vt -7.220118 -2.226414
vt -7.511271 -1.496659
vt -4.506396 2.506396
vt -4.528734 1.956517
vt -4.010892 3.015083
vt -4.528734 1.956517
vt -3.751275 2.225643
vt -4.010892 3.015083
vt 4.991202 1.986790
vt 5.250000 3.250000
vt 3.997442 3.495854
vt 4.991202 1.986790
vt 5.750000 1.878082
vt 5.250000 3.250000
vt 5.750000 1.878082
vt 6.000342 1.999510
vt 6.124024 3.250000
vt 5.750000 1.878082
vt 6.124024 3.250000
vt 5.250000 3.250000
vt -9.002896 2.502278
vt -8.427671 2.522008
vt -8.228720 2.272932
vt -7.055159 2.309742
vt -7.241405 2.697820
vt -6.644019 2.645937
vt -7.055159 2.309742
vt -6.349022 2.700000
vt -6.354821 2.350085
vt -7.055159 -1.720622
vt -6.644019 -1.299254
vt -6.349022 -1.700000
vt -3.751275 2.225643
vt -3.482710 1.971762
vt -3.224935 2.762275
vt -3.751275 2.225643
vt -3.224935 2.762275
vt -3.654594 2.750000
vt 3.333333 2.833333
vt 4.250000 2.000000
vt 3.997442 3.495854
vt 4.250000 2.000000
vt 4.500000 2.000000
vt 3.997442 3.495854
vt 6.000342 1.999510
vt 6.800000 2.800000
vt 6.124024 3.250000
vt 6.000342 1.999510
vt 7.166667 2.666667
vt 6.800000 2.800000
vt -7.511271 2.562306
vt -7.241405 2.697820
vt -7.200000 2.300000
vt -6.747673 2.333333
vt -6.250000 2.500000
vt -6.266788 2.752695
vt -6.747673 2.333333
vt -6.266788 2.752695
vt -6.644019 2.645937
vt -5.700000 2.300000
vt -5.000000 2.500000
vt -5.000000 3.250000
vt -5.700000 2.300000
vt -5.000000 3.250000
vt -6.250000 2.500000
vt 3.188634 2.703527
vt 3.777932 1.796861
vt 3.333333 2.833333
vt 6.096470 2.131418
vt 4.750000 3.250000
vt 6.038826 3.559151
vt 6.096470 2.131418
vt 6.269413 3.779575
vt 7.019979 2.032304
vt 6.096470 2.131418
vt 6.038826 3.559151
vt 6.269413 3.779575
vt -4.379482 2.348794
vt -5.222347 2.239918
vt -4.218982 3.222276
vt 5.023903 2.033338
vt 4.750000 3.250000
vt 6.096470 2.131418
vt -4.379482 2.348794
vt -3.737221 2.785369
vt -3.562035 2.642282
vt 4.002095 2.003256
vt 4.017531 3.076161
vt 5.023903 2.033338
vt -3.666667 1.979295
vt -3.272859 2.773797
vt -3.489229 1.979295
vt -3.666667 1.979295
vt -3.562035 2.642282
vt -3.272859 2.773797
vt 3.477571 1.959665
vt 3.223319 2.739380
vt 3.579216 2.619867
vt -7.220118 2.680115
vt -6.759203 3.235694
vt -7.036179 3.591346
vt 3.997442 3.495854
vt 5.250000 3.250000
vt 4.750000 3.750000
vt -4.506396 2.506396
vt -4.010892 3.015083
vt -5.000000 3.250000
vt 2.762275 -1.691923
vt 3.261167 -1.300000
vt 3.500000 -1.500000
vt -3.224935 2.762275
vt -2.500000 3.500000
vt -3.654594 2.750000
vt 3.333333 2.833333
vt 3.997442 3.495854
vt 3.000000 3.000000
vt -7.241405 2.697820
vt -7.190423 3.250000
vt -6.644019 2.645937
vt -6.644019 2.645937
vt -6.143497 3.250000
vt -6.266788 2.752695
vt -6.644019 2.645937
vt -7.190423 3.250000
vt -6.143497 3.250000
vt 2.752695 -1.343390
vt 2.500000 -1.500000
vt 3.250000 -1.334172
vt -6.250000 2.500000
vt -5.000000 3.250000
vt -5.000000 4.000000
vt -6.250000 2.500000
vt -5.000000 4.000000
vt -6.143497 3.250000
vt -6.502711 2.507187
vt -5.715880 3.704848
vt -5.844113 2.250000
vt -6.502711 2.507187
vt -6.004559 3.508080
vt -5.715880 3.704848
vt -5.844113 2.250000
vt -5.715880 3.704848
vt -4.774925 3.273956
vt -5.222347 2.239918
vt -4.774925 3.273956
vt -4.218982 3.222276
vt -4.379482 2.348794
vt -3.703285 3.222276
vt -3.737221 2.785369
vt -3.737221 2.785369
vt -3.284986 3.294784
vt -3.272859 2.773797
vt -3.737221 2.785369
vt -3.703285 3.222276
vt -3.284986 3.294784
vt -3.272859 2.773797
vt -2.784489 3.262491
vt -2.905312 2.905312
vt -3.272859 2.773797
vt -3.284986 3.294784
vt -2.784489 3.262491
vt 3.223319 2.739380
vt 2.715336 3.230235
vt 3.277105 3.276444
vt 3.223319 2.739380
vt 3.567755 3.127406
vt 3.579216 2.619867
vt 3.223319 2.739380
vt 3.277105 3.276444
vt 3.567755 3.127406
vt -6.759203 3.235694
vt -6.449221 3.059490
vt -6.447783 3.616440
vt -6.759203 3.235694
vt -6.447783 3.616440
vt -7.036179 3.591346
vt 5.250000 3.250000
vt 5.770669 3.768407
vt 4.750000 3.750000
vt 5.250000 3.250000
vt 6.124024 3.250000
vt 5.770669 3.768407
vt -5.000000 3.250000
vt -4.010892 3.015083
vt -3.750000 3.750000
vt -5.000000 3.250000
vt -3.750000 3.750000
vt -5.000000 4.000000
vt -4.010892 3.015083
vt -3.654594 2.750000
vt -3.250000 3.750000
vt -4.010892 3.015083
vt -3.250000 3.750000
vt -3.750000 3.750000
vt -3.654594 2.750000
vt -2.500000 3.500000
vt -3.250000 3.750000
vt 3.000000 3.000000
vt 3.997442 3.495854
vt 2.500000 3.750000
vt 6.124024 3.250000
vt 6.800000 2.800000
vt 6.666667 3.666667
vt 6.124024 3.250000
vt 6.666667 3.666667
vt 6.285725 3.807006
vt -7.190423 3.250000
vt -7.006490 4.009875
vt -6.833333 4.009875
vt -7.190423 3.250000
vt -6.168946 3.587373
vt -6.143497 3.250000
vt -7.190423 3.250000
vt -6.833333 4.009875
vt -6.168946 3.587373
vt -6.143497 3.250000
vt -5.715880 3.704848
vt -6.168946 3.587373
vt -6.143497 3.250000
vt -5.000000 4.000000
vt -5.715880 3.704848
vt -2.628434 -1.300000
vt -1.994768 -1.166667
vt -2.500000 -1.500000
vt 1.994768 3.497410
vt 3.000000 3.000000
vt 2.500000 3.750000
vt 6.269413 3.779575
vt 6.666667 3.666667
vt 6.792181 2.809361
vt -5.715880 3.704848
vt -5.526467 4.045436
vt -4.774925 3.273956
vt -4.774925 3.273956
vt -3.505475 3.505152
vt -4.218982 3.222276
vt 4.017531 3.076161
vt 3.574240 4.038402
vt 4.750000 3.250000
vt -3.703285 3.222276
vt -3.505475 3.505152
vt -3.284986 3.294784
vt -3.284986 3.294784
vt -2.915127 3.800000
vt -2.784489 3.262491
vt -3.284986 3.294784
vt -3.505475 3.505152
vt -2.915127 3.800000
vt 2.200000 3.292840
vt 1.733636 3.762298
vt 2.200000 3.750221
vt 3.127406 0.637286
vt 4.038402 0.026572
vt 3.076161 0.012811
vt 3.567755 3.127406
vt 3.277105 3.276444
vt 3.574240 4.038402
vt -2.784489 3.262491
vt -2.250000 3.750000
vt -1.884236 3.412411
vt -2.784489 3.262491
vt -2.528211 4.018812
vt -2.250000 3.750000
vt -1.884236 3.412411
vt -2.250000 3.750000
vt -1.730542 3.762025
vt 2.200000 3.750221
vt 3.277105 3.276444
vt 2.715336 3.230235
vt 3.997442 3.495854
vt 4.750000 3.750000
vt 4.750000 4.207917
vt 3.997442 3.495854
vt 4.750000 4.207917
vt 4.212948 4.275355
vt 4.750000 3.750000
vt 5.250000 4.172644
vt 4.750000 4.207917
vt 4.750000 3.750000
vt 5.770669 3.768407
vt 5.250000 4.172644
vt -3.750000 3.750000
vt -3.520243 4.541394
vt -5.000000 4.000000
vt -3.750000 3.750000
vt -3.250000 3.750000
vt -2.921933 4.465533
vt -3.750000 3.750000
vt -2.921933 4.465533
vt -3.520243 4.541394
vt -3.250000 3.750000
vt -2.500000 3.500000
vt -2.921933 4.465533
vt -2.500000 3.500000
vt -1.700000 4.200000
vt -2.921933 4.465533
vt 2.500000 3.750000
vt 3.250000 5.250000
vt 2.500000 4.500000
vt 2.500000 3.750000
vt 3.997442 3.495854
vt 4.212948 4.275355
vt 2.500000 3.750000
vt 4.212948 4.275355
vt 3.250000 5.250000
vt 5.770669 -2.093563
vt 6.285725 -1.747218
vt 6.166667 -1.434633
vt 3.768407 -2.093563
vt 4.166667 -1.434633
vt 4.289281 -1.758470
vt -5.715880 3.704848
vt -5.000000 4.000000
vt -5.315774 4.189385
vt 3.704848 -1.300000
vt 4.189385 -1.333333
vt 4.045436 -0.992098
vt -2.500000 3.500000
vt -1.994768 3.497410
vt -1.700000 4.200000
vt -1.994768 3.497410
vt -1.250000 3.964412
vt -1.700000 4.200000
vt -1.250000 -1.250000
vt -0.333333 -1.166667
vt -0.250000 -1.333333
vt -1.250000 3.964412
vt -0.250000 4.166667
vt -1.700000 4.200000
vt 0.750000 4.000000
vt 1.250000 3.928372
vt 1.300000 4.200000
vt 1.250000 3.928372
vt 1.994768 3.497410
vt 2.250000 4.250000
vt 1.250000 3.928372
vt 2.250000 4.250000
vt 1.300000 4.200000
vt 1.994768 3.497410
vt 2.500000 3.750000
vt 2.250000 4.250000
vt 2.500000 3.750000
vt 2.500000 4.500000
vt 2.250000 4.250000
vt 6.038826 3.559151
vt 6.166667 4.166667
vt 6.269413 3.779575
vt 6.038826 3.559151
vt 5.800859 4.316023
vt 6.166667 4.166667
vt -5.526467 4.045436
vt -4.516484 4.517969
vt -4.774925 3.273956
vt 4.750000 3.250000
vt 4.548840 4.570950
vt 6.038826 3.559151
vt -4.774925 3.273956
vt -4.516484 4.517969
vt -3.505475 3.505152
vt -3.505475 3.505152
vt -4.516484 4.517969
vt -3.790504 4.793129
vt -3.505475 3.505152
vt -3.790504 4.793129
vt -3.250000 3.878864
vt 3.574240 4.038402
vt 4.548840 4.570950
vt 4.750000 3.250000
vt -0.700000 0.300000
vt -0.833333 0.505850
vt -0.200000 0.277330
vt 0.333333 3.997796
vt 0.750000 4.250000
vt 0.750000 3.990344
vt 0.333333 3.997796
vt 0.200000 4.200000
vt 0.750000 4.250000
vt 0.750000 3.990344
vt 0.750000 4.250000
vt 2.250000 4.250000
vt 0.750000 3.990344
vt 2.250000 4.250000
vt 1.733636 3.762298
vt 1.733636 3.762298
vt 2.250000 4.250000
vt 2.200000 3.750221
vt 2.200000 3.750221
vt 2.250000 4.250000
vt 3.277105 3.276444
vt 3.277105 3.276444
vt 2.250000 4.250000
vt 3.574240 4.038402
vt -1.730542 3.762025
vt -2.250000 3.750000
vt -0.833333 3.995480
vt -5.000000 4.000000
vt -3.520243 4.541394
vt -5.166667 5.166667
vt -2.921933 4.465533
vt -1.700000 4.200000
vt -2.133350 4.914437
vt -1.700000 4.200000
vt -1.500000 4.500000
vt -2.133350 4.914437
vt 0.750000 4.000000
vt -0.071628 4.951294
vt -0.500000 4.500000
vt 0.750000 4.000000
vt 0.643277 4.925168
vt -0.071628 4.951294
vt 0.750000 4.000000
vt 1.300000 4.200000
vt 1.500000 4.500000
vt 0.750000 4.000000
vt 1.500000 4.500000
vt 0.643277 4.925168
vt 3.250000 5.250000
vt 4.212948 4.275355
vt 4.800000 4.800000
vt 4.212948 4.275355
vt 4.750000 4.207917
vt 4.800000 4.800000
vt 4.750000 4.207917
vt 5.250000 4.172644
vt 5.666667 4.666667
vt 4.750000 4.207917
vt 5.666667 4.666667
vt 4.800000 4.800000
vt 5.250000 4.172644
vt 5.808891 4.289281
vt 5.666667 4.666667
vt -1.700000 4.200000
vt -0.250000 4.166667
vt -0.500000 4.500000
vt -1.700000 4.200000
vt -0.500000 4.500000
vt -1.500000 4.500000
vt 1.300000 4.200000
vt 2.250000 4.250000
vt 1.500000 4.500000
vt 2.250000 4.250000
vt 2.500000 4.500000
vt 1.500000 4.500000
vt 5.800859 -1.248978
vt 5.252636 -1.281661
vt 5.666667 -1.572466
vt -5.526467 4.045436
vt -5.131547 4.641432
vt -4.516484 4.517969
vt 4.548840 4.570950
vt 5.031851 5.060206
vt 6.038826 3.559151
vt -3.250000 3.878864
vt -3.790504 4.793129
vt -2.241561 5.266375
vt -3.250000 3.878864
vt -2.241561 5.266375
vt -1.750000 4.888042
vt 3.574240 4.038402
vt 4.061531 5.031660
vt 4.548840 4.570950
vt -1.750000 4.350159
vt -0.250000 4.723892
vt -0.833333 3.995480
vt -0.833333 3.995480
vt -0.250000 4.723892
vt -0.200000 4.200000
vt -0.200000 4.200000
vt -0.250000 4.723892
vt 0.200000 4.200000
vt 0.200000 4.200000
vt 0.750000 4.903989
vt 0.750000 4.250000
vt 0.200000 4.200000
vt -0.250000 4.723892
vt 0.750000 4.903989
vt 0.750000 4.250000
vt 2.250000 4.536671
vt 2.250000 4.250000
vt 0.750000 4.250000
vt 0.750000 4.903989
vt 2.250000 4.536671
vt -2.133350 4.914437
vt -1.401718 4.942038
vt -1.529551 5.514494
vt -1.401718 4.942038
vt -0.949902 5.507927
vt -1.529551 5.514494
vt 0.643277 4.925168
vt 1.122326 5.366848
vt -0.071628 4.951294
vt -3.520243 4.541394
vt -4.166667 5.666667
vt -5.166667 5.166667
vt -3.520243 4.541394
vt -3.800000 5.800000
vt -4.166667 5.666667
vt -3.520243 4.541394
vt -2.921933 4.465533
vt -2.250000 5.750000
vt -2.921933 4.465533
vt -2.133350 4.914437
vt -2.250000 5.750000
vt -1.401718 4.942038
vt -0.500000 4.500000
vt -0.769941 5.287947
vt 0.643277 4.925168
vt 1.500000 4.500000
vt 1.122326 5.366848
vt 1.500000 4.500000
vt 1.750000 5.651636
vt 1.122326 5.366848
vt 1.750000 5.651636
vt 2.500000 4.500000
vt 3.250000 5.250000
vt 4.800000 4.800000
vt 4.750000 5.250000
vt 3.250000 5.250000
vt -5.278928 -1.238189
vt -5.166667 -1.531172
vt -4.757145 -1.281824
vt 5.236124 -1.300000
vt 4.833333 -1.281661
vt 5.060206 -0.979629
vt -5.131547 4.641432
vt -4.527318 5.524191
vt -4.516484 4.517969
vt 4.548840 4.570950
vt 4.061531 5.031660
vt 5.031851 5.060206
vt -3.790504 4.793129
vt -3.409900 5.467702
vt -2.241561 5.266375
vt -0.250000 4.723892
vt -1.750000 4.888042
vt -0.250000 5.250000
vt -0.250000 5.250000
vt 0.750000 4.903989
vt -0.250000 4.723892
vt 2.250000 4.536671
vt 0.750000 4.903989
vt 1.961668 5.990379
vt 2.250000 4.536671
vt 1.961668 5.990379
vt 2.494558 5.495945
vt 2.250000 4.536671
vt 4.061531 5.031660
vt 3.574240 4.038402
vt 2.250000 4.536671
vt 2.494558 5.495945
vt 4.061531 5.031660
vt -0.071628 4.951294
vt 1.122326 5.366848
vt 1.236362 5.768511
vt -0.071628 4.951294
vt 1.236362 5.768511
vt -0.014189 6.008299
vt -3.520243 4.541394
vt -2.250000 5.750000
vt -3.800000 5.800000
vt -2.133350 4.914437
vt -1.529551 5.514494
vt -2.250000 5.750000
vt -0.769941 5.287947
vt -0.014189 6.008299
vt -0.949902 5.507927
vt 1.122326 5.366848
vt 1.750000 5.651636
vt 1.236362 5.768511
vt 3.250000 5.250000
vt 3.750000 6.250000
vt 1.750000 5.651636
vt -4.757145 -1.281824
vt -4.300000 -1.300000
vt -4.527318 -0.988122
vt -4.516484 4.517969
vt -3.636111 6.090304
vt -3.409900 5.467702
vt -4.516484 4.517969
vt -4.527318 5.524191
vt -3.636111 6.090304
vt -2.241561 5.266375
vt -3.409900 5.467702
vt -1.250000 5.842785
vt 2.494558 5.495945
vt 4.038724 6.018648
vt 4.061531 5.031660
vt 4.061531 5.031660
vt 4.799385 5.711301
vt 5.031851 5.060206
vt 4.061531 5.031660
vt 4.038724 6.018648
vt 4.799385 5.711301
vt -2.241561 5.266375
vt -1.250000 5.842785
vt -1.750000 4.888042
vt -1.750000 4.888042
vt -1.250000 5.842785
vt 0.250000 5.977639
vt -1.750000 4.888042
vt 0.250000 5.977639
vt -0.250000 5.250000
vt -0.250000 5.250000
vt 1.075072 5.959743
vt 0.750000 4.903989
vt -0.250000 5.250000
vt 0.250000 5.977639
vt 1.075072 5.959743
vt 0.750000 4.903989
vt 1.075072 5.959743
vt 1.961668 5.990379
vt 1.236362 5.768511
vt 1.750000 5.651636
vt 1.905673 6.571406
vt 1.236362 5.768511
vt 1.905673 6.571406
vt 1.210238 6.255040
vt 1.750000 5.651636
vt 2.583200 6.444080
vt 1.905673 6.571406
vt 5.800000 -1.653088
vt 6.666667 -1.523137
vt 6.192728 -1.250000
vt -3.800000 5.800000
vt -2.250000 5.750000
vt -2.800000 6.800000
vt -3.800000 5.800000
vt -2.800000 6.800000
vt -3.166667 6.666667
vt -2.250000 5.750000
vt -1.529551 5.514494
vt -1.700000 6.300000
vt -1.529551 5.514494
vt -0.949902 5.507927
vt -0.250000 6.500000
vt -1.529551 5.514494
vt -0.250000 6.500000
vt -1.700000 6.300000
vt -0.949902 5.507927
vt -0.014189 6.008299
vt -0.250000 6.500000
vt 0.750000 5.967444
vt 1.236362 5.768511
vt 1.210238 6.255040
vt 1.750000 5.651636
vt 3.750000 6.250000
vt 2.583200 6.444080
vt 3.250000 5.250000
vt 4.750000 5.250000
vt 3.750000 6.250000
vt 4.750000 5.250000
vt 5.076826 5.833333
vt 3.750000 6.250000
vt 5.076826 5.833333
vt 5.006386 6.505065
vt 3.750000 6.250000
vt 4.038724 6.018648
vt 5.006386 6.505065
vt 4.799385 5.711301
vt 4.799385 5.711301
vt 5.006386 6.505065
vt 5.076826 5.833333
vt -3.409900 5.467702
vt -3.636111 6.090304
vt -2.070807 7.027511
vt -3.409900 5.467702
vt -1.755024 6.777737
vt -1.250000 5.842785
vt -3.409900 5.467702
vt -2.070807 7.027511
vt -1.755024 6.777737
vt 0.250000 5.977639
vt -1.250000 5.842785
vt 1.075072 5.959743
vt 2.494558 5.495945
vt 1.961668 5.990379
vt 3.060299 6.521042
vt 2.494558 5.495945
vt 3.060299 6.521042
vt 4.038724 6.018648
vt 1.905673 6.571406
vt 2.583200 6.444080
vt 2.486164 7.009743
vt 2.583200 6.444080
vt 3.023814 7.019491
vt 2.486164 7.009743
vt -2.800000 6.800000
vt -2.250000 5.750000
vt -2.200000 6.800000
vt -2.250000 5.750000
vt -1.700000 6.300000
vt -2.200000 6.800000
vt 0.750000 5.967444
vt 1.210238 6.255040
vt 1.200000 6.800000
vt 0.750000 5.967444
vt 1.200000 6.800000
vt 0.700000 6.738732
vt 1.210238 6.255040
vt 1.905673 6.571406
vt 1.200000 6.800000
vt 2.583200 6.444080
vt 3.750000 6.250000
vt 3.023814 7.019491
vt 3.750000 6.250000
vt 4.236626 6.745899
vt 3.023814 7.019491
vt 3.750000 6.250000
vt 5.006386 6.505065
vt 4.236626 6.745899
vt -1.700000 6.300000
vt -1.250000 6.679041
vt -1.712520 6.814781
vt -1.700000 -1.650465
vt -0.250000 -1.500000
vt -1.250000 -1.250000
vt -0.250000 -1.500000
vt 0.700000 -1.300000
vt -1.250000 -1.250000
vt 3.060299 6.521042
vt 4.061044 7.042408
vt 4.038724 6.018648
vt 4.038724 6.018648
vt 4.061044 7.042408
vt 5.006386 6.505065
vt -1.755024 6.777737
vt -1.250000 6.679041
vt -1.250000 5.842785
vt -1.250000 5.842785
vt 1.250000 6.658465
vt 1.075072 5.959743
vt -1.250000 5.842785
vt -1.250000 6.679041
vt 1.250000 6.658465
vt 1.075072 5.959743
vt 1.250000 6.658465
vt 1.961668 5.990379
vt 1.961668 5.990379
vt 1.250000 6.658465
vt 3.060299 6.521042
vt -2.800000 6.800000
vt -2.200000 6.800000
vt -2.666667 7.166667
vt 1.905673 6.571406
vt 2.486164 7.009743
vt 1.200000 6.800000
vt 3.023814 7.019491
vt 4.236626 6.745899
vt 4.061044 7.042408
vt -2.800000 6.887321
vt -2.666667 7.166667
vt -2.202070 7.097089
vt 1.200000 6.926772
vt 1.333333 7.662823
vt 1.750000 7.250000
vt 3.060299 6.521042
vt 1.750000 7.250000
vt 3.502100 7.501548
vt 3.060299 6.521042
vt 3.502100 7.501548
vt 4.061044 7.042408
vt 1.200000 6.800000
vt 1.750000 7.734831
vt 1.333333 7.662823
vt 1.200000 6.800000
vt 2.486164 7.009743
vt 2.750000 7.576430
vt 1.200000 6.800000
vt 2.750000 7.576430
vt 1.750000 7.734831
vt 2.750000 7.576430
vt 3.023814 7.019491
vt 3.502100 7.501548
vt 3.023814 7.019491
vt 4.061044 7.042408
vt 3.502100 7.501548
vt 1.333333 7.662823
vt 1.750000 7.734831
vt 1.750000 7.250000
vt 1.750000 7.250000
vt 1.750000 7.734831
vt 3.502100 7.501548
vt -3.066196 -2.022035
vt -2.750000 -1.750000
vt -2.473502 -2.012999
vt -3.066196 -2.022035
vt -3.239718 -1.777541
vt -2.750000 -1.750000
vt -2.473502 -2.012999
vt -2.750000 -1.750000
vt -2.333333 -1.470098
vt -3.239718 -1.777541
vt -4.165493 -1.413858
vt -2.750000 -1.425498
vt -3.239718 -1.777541
vt -2.750000 -1.425498
vt -2.750000 -1.750000
vt -2.750000 -1.750000
vt -2.750000 -1.425498
vt -2.333333 -1.470098
vt 1.250000 -1.552853
vt 0.833333 -1.507990
vt 1.750000 -1.361632
vt 1.250000 -1.552853
vt 1.750000 -1.361632
vt 2.700000 -1.612333
vt 2.700000 -7.300000
vt 1.750000 -7.250000
vt 2.833333 -7.500026
vt 3.200038 -1.627459
vt 3.200038 -1.339391
vt 4.048422 -1.544514
vt -2.750000 -6.835420
vt -2.473502 -7.023353
vt -2.236751 -6.798358
vt 0.440030 -6.563889
vt 0.833333 -7.166667
vt 1.077723 -6.643034
vt 0.440030 -2.037974
vt 0.264018 -1.776066
vt 0.833333 -1.507990
vt 1.077723 -2.060577
vt 0.833333 -1.507990
vt 1.288861 -1.701902
vt -5.077919 -1.549485
vt -4.299296 -1.248315
vt -4.299296 -1.690280
vt -5.077919 -1.549485
vt -4.725185 -1.255462
vt -4.299296 -1.248315
vt -2.236751 -1.756889
vt -2.200000 -1.282059
vt -1.750000 -1.568893
vt -1.750000 -1.568893
vt -2.200000 -1.282059
vt -0.800000 -1.558848
vt -0.800000 -1.558848
vt -2.200000 -1.282059
vt -0.800000 -1.238128
vt -0.200000 -1.630083
vt 0.700000 -1.298326
vt 0.264018 -1.776066
vt -0.200000 -1.630083
vt -0.200000 -1.238128
vt 0.700000 -1.298326
vt 0.264018 -1.776066
vt 0.700000 -1.298326
vt 0.833333 -1.507990
vt 1.288861 -1.701902
vt 1.700000 -1.577907
vt 1.357143 -1.311106
vt 3.800000 -1.653744
vt 4.048422 -1.544514
vt 3.800000 -1.333878
vt -4.725185 -1.255462
vt -4.541975 -0.992162
vt -4.299296 -1.248315
vt -4.299296 -6.834346
vt -4.541975 -6.520897
vt -3.846903 -6.537569
vt -2.750000 -7.231219
vt -2.507187 -6.502711
vt -2.200000 -6.822832
vt -2.200000 -1.282059
vt -0.250000 -0.913599
vt -0.800000 -1.238128
vt -2.200000 -1.282059
vt -2.507187 -0.998771
vt -0.250000 -0.913599
vt -0.800000 -1.238128
vt -0.250000 -0.913599
vt -0.200000 -1.238128
vt -0.200000 -1.238128
vt 0.750000 -0.932338
vt 0.700000 -1.298326
vt -0.200000 -1.238128
vt -0.250000 -0.913599
vt 0.750000 -0.932338
vt 0.700000 -1.298326
vt 0.750000 -0.932338
vt 1.357143 -1.311106
vt 1.357143 -6.755169
vt 2.250000 -6.645310
vt 1.750000 -7.250000
vt 1.357143 -1.311106
vt 0.750000 -0.932338
vt 2.250000 -0.886782
vt 0.996195 -2.501195
vt 0.789554 -2.215943
vt 1.208851 -2.225718
vt -6.563889 -2.037974
vt -6.225777 -2.215943
vt -6.000000 -1.500000
vt 0.440030 -6.563889
vt 0.500000 -6.000000
vt 0.264018 -6.265877
vt 1.208851 -2.225718
vt 1.500000 -1.500000
vt 1.750000 -2.061186
vt -6.125413 -2.061186
vt -6.500000 -1.500000
vt -6.700000 -1.577907
vt 1.750000 -6.125413
vt 2.744696 -6.285703
vt 2.574493 -5.952230
vt 1.750000 -6.125413
vt 1.700000 -6.700000
vt 2.744696 -6.285703
vt -0.750000 -1.555671
vt 0.264018 -1.776066
vt 0.500000 -1.500000
vt -5.262659 -1.261724
vt -4.541975 -0.992162
vt -4.725185 -1.255462
vt -5.262659 -6.241883
vt -5.268440 -5.749248
vt -4.541975 -6.520897
vt -5.700000 -1.700000
vt -5.500000 -1.500000
vt -6.000000 -1.500000
vt -5.586831 -1.258606
vt -5.536054 -0.972035
vt -5.268440 -0.906222
vt 3.768367 -1.333333
vt 3.722040 -0.934956
vt 4.045436 -0.992098
vt 0.890788 -2.051953
vt 1.791373 -1.935133
vt 0.810338 -1.680376
vt 0.250000 -1.530778
vt 1.000000 -1.500000
vt 0.810338 -1.680376
vt 3.300000 -5.700000
vt 3.500000 -5.000000
vt 2.500000 -5.000000
vt 3.833333 -1.567335
vt 4.227261 -1.300000
vt 4.250000 -1.603111
vt 4.250000 -1.603111
vt 4.703762 -1.250000
vt 4.666667 -1.570147
vt 4.250000 -1.603111
vt 4.227261 -1.300000
vt 4.703762 -1.250000
vt 4.227261 -1.300000
vt 4.045436 -0.992098
vt 4.703762 -1.250000
vt -3.250000 -5.750000
vt -3.374438 -4.968257
vt -2.069268 -5.513900
vt 2.402601 -5.443959
vt 2.241561 -5.266375
vt 3.041105 -5.018859
vt 2.402601 -5.443959
vt 3.041105 -5.018859
vt 3.224663 -5.211315
vt 2.473044 -2.013739
vt 2.345590 -1.711900
vt 2.700000 -1.700000
vt 2.473044 -2.013739
vt 3.500000 -1.500000
vt 3.250000 -2.092918
vt 2.473044 -2.013739
vt 2.700000 -1.700000
vt 3.500000 -1.500000
vt 3.250000 -4.558400
vt 4.250000 -5.250000
vt 4.512365 -4.534506
vt 3.250000 -2.092918
vt 3.500000 -1.500000
vt 4.250000 -1.603111
vt 4.512365 -4.534506
vt 4.250000 -5.250000
vt 4.756183 -4.767253
vt 2.700000 -1.700000
vt 2.500000 -1.500000
vt 3.500000 -1.500000
vt 4.756183 -1.703878
vt 5.221757 -1.250000
vt 5.166667 -1.504276
vt 4.756183 -1.703878
vt 4.703762 -1.250000
vt 5.221757 -1.250000
vt 4.703762 -1.250000
vt 4.558954 -0.456390
vt 5.221757 -1.250000
vt 3.041105 -5.018859
vt 4.558954 -4.549241
vt 3.224663 -5.211315
vt 0.250000 -5.250000
vt 0.250000 -4.732164
vt 1.250000 -4.578726
vt 0.250000 -5.250000
vt 1.250000 -4.578726
vt 2.348794 -4.449936
vt 2.473044 -2.013739
vt 2.787723 -2.060660
vt 2.364891 -1.749394
vt -2.206131 -4.280270
vt -2.250000 -4.750000
vt -1.700000 -4.300000
vt 5.000000 -4.000000
vt 5.166667 -4.666667
vt 5.314505 -4.191380
vt 5.314505 -1.333333
vt 5.258574 -0.795042
vt 5.529193 -0.989330
vt -2.800000 -4.227689
vt -1.750000 -4.250000
vt -2.209277 -4.703776
vt 2.348794 -0.071906
vt 2.249212 0.247226
vt 3.250000 0.118336
vt 0.166667 -4.220771
vt 0.333333 -3.983435
vt 1.250000 -4.125768
vt 1.250000 0.073706
vt 1.250000 0.572670
vt 2.149629 0.563065
vt -6.300000 -1.615987
vt -5.788475 -1.300000
vt -5.500000 -1.500000
vt -6.300000 -1.615987
vt -6.185621 -1.250000
vt -5.788475 -1.300000
vt -3.700000 -1.735381
vt -4.300000 -1.500000
vt -3.731610 -1.333333
vt -3.700000 -1.735381
vt -3.731610 -1.333333
vt -3.500000 -1.500000
vt 0.333333 -1.506020
vt 1.722626 -1.787305
vt 1.582601 -1.250000
vt -6.185621 -1.250000
vt -5.788475 -0.816356
vt -5.788475 -1.300000
vt -1.747384 -1.333333
vt -1.250000 -1.250000
vt -1.994768 0.166667
vt 0.333333 -1.506020
vt 1.582601 -1.250000
vt 1.250000 -0.250000
vt -3.508080 -1.166667
vt -4.049426 -0.989330
vt -3.508080 -0.998127
vt 0.250000 -0.750000
vt 0.333333 -1.506020
vt 0.750000 0.250000
vt 0.250000 -0.750000
vt 0.750000 0.250000
vt 0.000000 -0.250000
vt 0.333333 -1.506020
vt 1.250000 -0.250000
vt 0.750000 0.250000
vt 1.250000 -0.250000
vt 1.582601 -1.250000
vt 2.200000 0.300000
vt -3.747698 -3.729945
vt -2.800000 -3.800000
vt -2.800000 -4.227689
vt -1.994768 0.166667
vt -1.250000 -1.250000
vt -1.250000 0.250000
vt -1.994768 -3.497410
vt -1.250000 -3.964412
vt -1.796861 -3.777932
vt -1.250000 -1.250000
vt -0.333333 -1.166667
vt -0.333333 0.166667
vt -1.250000 -1.250000
vt -0.333333 0.166667
vt -1.250000 0.250000
vt 0.000000 -0.250000
vt 0.750000 0.250000
vt 0.333333 0.519164
vt 1.250000 -0.250000
vt 2.200000 0.300000
vt 0.750000 0.250000
vt 0.750000 0.250000
vt 1.750000 0.588030
vt 0.333333 0.519164
vt 0.750000 0.250000
vt 2.200000 0.300000
vt 1.750000 0.588030
vt 2.200000 -3.413212
vt 2.241481 -3.672317
vt 1.750000 -3.809578
vt -2.740263 -3.229440
vt -2.353257 -3.382400
vt -2.900439 -2.953690
vt 2.959799 -2.938122
vt 2.740468 -3.214621
vt 3.501110 -3.005019
vt -6.300000 -1.615987
vt -7.022345 -1.519891
vt -6.437332 -1.235456
vt -2.900439 -2.095041
vt -2.353257 -2.089506
vt -2.000000 -1.500000
vt -2.900439 -2.095041
vt -2.000000 -1.500000
vt -3.200000 -1.700000
vt 1.871043 -1.665334
vt 2.523679 -1.250000
vt 1.582601 -1.250000
vt 1.871043 -1.665334
vt 2.740468 -1.807020
vt 2.523679 -1.250000
vt -3.200000 -1.700000
vt -2.000000 -1.500000
vt -1.994768 0.166667
vt -3.200000 -1.700000
vt -1.994768 0.166667
vt -2.563024 -0.250000
vt 1.582601 -1.250000
vt 2.523679 -1.250000
vt 2.200000 0.300000
vt 2.523679 -1.250000
vt 2.535950 0.250000
vt 2.200000 0.300000
vt -2.563024 -0.250000
vt -1.994768 0.166667
vt -2.723279 0.275599
vt 2.200000 0.300000
vt 2.535950 0.250000
vt 2.720117 0.598157
vt 2.200000 -3.413212
vt 2.720117 -3.298120
vt 2.241481 -3.672317
vt -7.523966 -2.517494
vt -7.022345 -3.166667
vt -6.279439 -2.711596
vt -2.517494 -2.010762
vt -2.726370 -1.676612
vt -3.166667 -1.519891
vt -3.604832 -2.067675
vt -3.200000 -1.700000
vt -3.719083 -1.740073
vt -3.604832 -2.067675
vt -2.900439 -2.095041
vt -3.200000 -1.700000
vt -3.719083 -1.740073
vt -3.200000 -1.700000
vt -3.183903 -1.333333
vt -3.719083 -2.722785
vt -3.183903 -2.692285
vt -3.700000 -2.200000
vt -2.938122 -2.032515
vt -2.200000 -1.300000
vt -3.029632 -1.250000
vt 3.501110 -3.005019
vt 4.300000 -2.700000
vt 3.800000 -2.200000
vt -2.692285 -1.333333
vt -2.839556 -1.700000
vt -2.572353 -0.750000
vt -3.029632 -1.250000
vt -2.200000 -1.300000
vt -2.518526 -0.250000
vt 6.226860 -1.300000
vt 6.226860 -0.974983
vt 6.502711 -0.998771
vt -3.058380 -0.750000
vt -2.563024 -0.250000
vt -2.723279 0.275599
vt -2.572353 -0.750000
vt -3.244897 0.275599
vt -2.721337 0.318915
vt 3.035463 -0.250000
vt 3.215299 0.300000
vt 2.866862 0.603586
vt 3.215299 0.300000
vt 3.722053 0.328837
vt 3.536754 0.557336
vt 3.215299 -2.528760
vt 3.536754 -2.833333
vt 2.866862 -2.866862
vt -5.000000 -2.000000
vt -3.700000 -2.200000
vt -4.250000 -2.000000
vt 3.511396 -2.015362
vt 3.800000 -1.500000
vt 3.353189 -1.300000
vt -5.097113 -2.750000
vt -4.894527 -1.250000
vt -4.291432 -2.270730
vt -3.777932 -1.300000
vt -3.497410 -1.166667
vt -3.608874 -0.250000
vt 3.353189 -1.300000
vt 3.777932 -1.300000
vt 3.694830 -0.750000
vt -1.655323 -0.250000
vt -1.994768 -1.166667
vt -1.910331 0.551522
vt -3.608874 -0.250000
vt -3.439681 0.551522
vt -3.777754 0.333333
vt -2.518526 -0.250000
vt -1.682452 -0.750000
vt -1.796861 0.300000
vt -3.777754 0.333333
vt -3.439681 0.551522
vt -3.666667 0.551522
vt -1.239982 -2.114768
vt -1.199985 -1.716438
vt -0.877412 -2.016707
vt -7.612902 -1.534546
vt -7.354122 -1.281246
vt -7.300000 -1.681374
vt -5.708091 -2.127834
vt -5.463998 -2.016707
vt -5.463998 -1.833333
vt -4.282024 0.462374
vt -3.964355 0.560438
vt -3.885101 0.300000
vt 4.657759 0.241554
vt 4.228538 0.717701
vt 4.557613 0.592521
vt 3.892603 0.705729
vt 3.926429 1.094319
vt 4.228538 0.717701
vt -7.652719 -1.542459
vt -7.300000 -1.634831
vt -7.592016 -1.276404
vt 7.011357 -1.166667
vt 6.768402 -0.784690
vt 7.011357 -0.989607
vt 6.037456 -0.138214
vt 6.536804 0.447338
vt 6.768402 0.223669
vt 3.853467 0.792027
vt 4.297283 0.795041
vt 3.935151 1.090747
vt -5.980198 -2.010263
vt -5.788119 -1.797701
vt -6.214954 -1.891010
vt 0.833333 -1.534038
vt 0.500000 -1.500000
vt 0.700000 -1.300000
vt -7.505242 -0.993889
vt -7.262871 -1.333333
vt -7.215445 -0.913500
vt 3.913784 0.300000
vt 4.293103 0.458660
vt 3.925679 0.653379
vt -4.176352 0.762027
vt -3.957137 1.041094
vt -3.907492 0.762027
vt -7.166667 -1.537264
vt -6.992077 -1.276350
vt -6.800000 -1.619743
vt 1.202641 -1.276350
vt 1.243169 -0.889774
vt 0.711800 -0.913500
vt -4.265105 0.380323
vt -3.935265 0.300000
vt -3.957137 1.041094
vt -8.029770 1.975012
vt -7.305159 1.742534
vt -7.227010 2.300727
vt -3.994370 -2.001443
vt -3.910460 -1.720423
vt -3.482710 -2.012108
vt -8.029770 -2.032624
vt -7.300000 -1.338875
vt -7.305159 -1.739254
vt 1.297157 -1.720423
vt 1.909865 -1.250000
vt 1.971762 -2.012108
vt -3.814943 0.333333
vt -3.489229 0.564320
vt -3.496115 -0.750000
vt 3.497410 -1.166667
vt 3.452839 0.750000
vt 3.777932 0.300000
vt -3.814943 0.333333
vt -3.666667 0.564320
vt -3.489229 0.564320
vt 3.452839 0.750000
vt 3.477571 1.024491
vt 3.777932 0.300000
vt 3.777932 0.300000
vt 3.477571 1.024491
vt 4.201257 0.384135
vt -8.565748 -2.530225
vt -8.228720 -1.981363
vt -8.372972 -2.530225
vt -8.565748 -2.530225
vt -9.002896 -1.999604
vt -8.228720 -1.981363
vt -7.010367 -2.505401
vt -7.227010 -2.183401
vt -6.466244 -2.561199
vt -8.228720 -1.981363
vt -7.707421 -2.039656
vt -7.718039 -1.783413
vt -7.227010 -2.183401
vt -7.055159 -1.720622
vt -6.466244 -2.561199
vt -6.466244 -2.561199
vt -7.055159 -1.720622
vt -6.354821 -1.718188
vt -7.055159 -1.720622
vt -6.747673 -1.258341
vt -7.200000 -1.405250
vt -7.055159 -1.720622
vt -6.354821 -1.718188
vt -6.250000 -1.500000
vt -7.055159 -1.720622
vt -6.250000 -1.500000
vt -6.747673 -1.258341
vt -6.354821 -1.718188
vt -5.700000 -1.500000
vt -6.250000 -1.500000
vt 3.333333 2.833333
vt 3.777932 1.796861
vt 4.250000 2.000000
vt -5.222347 2.239918
vt -4.379482 2.348794
vt -5.037244 2.066530
vt -8.565748 -2.530225
vt -8.372972 -2.530225
vt -9.002896 -1.999604
vt -7.010367 2.481969
vt -6.759203 3.235694
vt -7.220118 2.680115
vt -9.002896 -1.999604
vt -8.372972 -2.530225
vt -8.427671 -1.990371
vt -7.511271 -1.496659
vt -7.220118 -2.226414
vt -7.241405 -1.472939
vt -6.644019 -1.299254
vt -6.266788 -1.343390
vt -6.349022 -1.700000
vt 2.762275 -1.691923
vt 2.660543 -1.250000
vt 3.261167 -1.300000
vt 6.800000 -1.654818
vt 7.166667 -1.526835
vt 6.792181 -1.259696
vt -6.644019 -1.299254
vt -6.266788 -1.343390
vt -6.502711 -0.998771
vt 2.660543 -1.250000
vt 2.900679 -0.250000
vt 3.261167 -1.300000
vt 2.703527 -1.333333
vt 2.792461 0.250000
vt 2.616330 -0.750000
vt -2.900679 -0.250000
vt -3.272859 0.542707
vt -2.905312 0.533292
vt 2.792461 0.250000
vt 2.250000 0.250000
vt 2.616330 -0.750000
vt 4.017531 3.076161
vt 4.750000 3.250000
vt 5.023903 2.033338
vt -3.737221 0.327660
vt -3.272859 0.542707
vt -3.562035 0.552121
vt 2.792461 0.250000
vt 2.739380 0.794679
vt 2.250000 0.250000
vt -2.628434 -1.300000
vt -1.992153 -0.750000
vt -1.994768 -1.166667
vt -2.628434 -1.300000
vt -2.900679 -0.250000
vt -1.992153 -0.750000
vt 1.994768 -1.166667
vt 2.792461 0.250000
vt 3.000000 -1.500000
vt -2.900679 -0.250000
vt -1.820643 0.250000
vt -1.992153 -0.750000
vt -2.900679 -0.250000
vt -2.650679 -0.250000
vt -1.820643 0.250000
vt 1.994768 -1.166667
vt 1.867210 -0.250000
vt 2.792461 0.250000
vt -4.218982 3.222276
vt -3.505475 3.505152
vt -3.703285 3.222276
vt -2.650679 -0.250000
vt -2.250000 0.250000
vt -1.820643 0.250000
vt -2.650679 -0.250000
vt -2.784489 0.557507
vt -2.250000 0.250000
vt 1.867210 -0.250000
vt 2.200000 0.300000
vt 2.792461 0.250000
vt -2.784489 0.557507
vt -1.884236 0.620114
vt -2.250000 0.250000
vt -2.250000 0.250000
vt -1.884236 0.620114
vt -1.820643 0.250000
vt 2.200000 3.292840
vt 2.200000 3.750221
vt 2.715336 3.230235
vt -7.036179 -2.027686
vt -6.833333 -1.496881
vt -7.006490 -1.496881
vt -7.036179 -2.027686
vt -6.447783 -2.074606
vt -6.833333 -1.496881
vt -6.833333 -1.496881
vt -6.447783 -2.074606
vt -6.168946 -1.321042
vt 6.285725 -1.747218
vt 6.666667 -1.469963
vt 6.269413 -1.285631
vt -6.168946 -1.321042
vt -5.715880 -1.300000
vt -5.715880 -0.978509
vt -6.168946 -1.321042
vt -5.715880 -0.978509
vt -6.004559 -0.998127
vt -1.994768 -1.166667
vt -0.700000 0.300000
vt -1.250000 -1.250000
vt -1.994768 -1.166667
vt -1.992153 -0.750000
vt -0.700000 0.300000
vt 0.750000 -1.500000
vt 0.333333 0.166667
vt 0.750000 0.250000
vt 0.750000 -1.500000
vt 0.750000 0.250000
vt 1.250000 -1.250000
vt -1.992153 -0.750000
vt -1.820643 0.250000
vt -0.700000 0.300000
vt -1.250000 -1.250000
vt -0.250000 -0.250000
vt -0.333333 -1.166667
vt -1.250000 -1.250000
vt -0.700000 0.300000
vt -0.250000 -0.250000
vt 0.750000 0.250000
vt 1.250000 -0.250000
vt 1.250000 -1.250000
vt 1.250000 -1.250000
vt 1.250000 -0.250000
vt 1.994768 -1.166667
vt -3.250000 3.878864
vt -2.915127 3.800000
vt -3.505475 3.505152
vt -1.820643 3.361650
vt -1.250000 3.827045
vt -0.700000 3.973446
vt 1.250000 -0.250000
vt 0.750000 0.250000
vt 1.733636 0.300000
vt -1.250000 0.250000
vt -0.833333 0.505850
vt -0.700000 0.300000
vt -1.250000 0.250000
vt -1.730542 0.641564
vt -0.833333 0.505850
vt 5.250000 4.172644
vt 5.770669 3.768407
vt 5.808891 4.289281
vt 5.808891 -1.758470
vt 6.166667 -1.434633
vt 5.800859 -1.248978
vt -0.250000 4.166667
vt -0.333333 3.997796
vt 0.750000 4.000000
vt -3.250000 -0.045160
vt -1.750000 -0.141790
vt -2.528211 0.524298
vt -0.250000 -0.250000
vt -0.200000 0.277330
vt 0.200000 0.277330
vt -1.750000 4.888042
vt -1.750000 4.350159
vt -2.250000 3.750000
vt -1.750000 4.888042
vt -2.250000 3.750000
vt -2.528211 4.018812
vt -1.750000 4.350159
vt -0.833333 3.995480
vt -2.250000 3.750000
vt -2.133350 -2.033133
vt -1.500000 -1.500000
vt -1.401718 -2.032614
vt -1.401718 -2.032614
vt -1.500000 -1.500000
vt -0.500000 -1.500000
vt 1.750000 5.651636
vt 1.500000 4.500000
vt 2.500000 4.500000
vt 4.800000 -1.681496
vt 5.666667 -1.572466
vt 5.252636 -1.281661
vt 4.800000 4.800000
vt 5.252636 4.833333
vt 4.959262 5.236124
vt -1.750000 4.888042
vt -0.250000 4.723892
vt -1.750000 4.350159
vt -5.166667 -1.531172
vt -4.166667 -1.580347
vt -4.300000 -1.300000
vt -5.166667 -1.531172
vt -4.300000 -1.300000
vt -4.757145 -1.281824
vt -0.014189 6.008299
vt 1.236362 5.768511
vt 0.750000 5.967444
vt -4.166667 -1.580347
vt -3.800000 -1.653088
vt -4.300000 -1.300000
vt -4.300000 -1.300000
vt -3.636111 -0.940679
vt -4.527318 -0.988122
vt -3.727083 -1.250000
vt -3.166667 -1.523137
vt -3.144624 -1.250000
vt -0.250000 -1.500000
vt -0.014189 -2.002899
vt 0.700000 -1.300000
vt -0.014189 6.008299
vt 0.750000 5.967444
vt 0.700000 6.738732
vt -3.727083 -1.250000
vt -3.144624 -1.250000
vt -3.636111 -0.940679
vt -3.166667 -1.523137
vt -2.800000 -1.567189
vt -2.800000 -1.280043
vt -3.166667 -1.523137
vt -2.800000 -1.280043
vt -3.144624 -1.250000
vt -2.200000 6.800000
vt -1.700000 6.300000
vt -1.712520 6.814781
vt -2.200000 6.800000
vt -1.712520 6.814781
vt -2.202070 7.097089
vt 0.700000 -1.300000
vt 1.200000 -1.618909
vt 1.200000 -1.253963
vt 4.236626 6.745899
vt 5.006386 6.505065
vt 4.061044 7.042408
vt -3.144624 -1.250000
vt -2.800000 -1.280043
vt -3.636111 -0.940679
vt -2.800000 -1.280043
vt -2.202070 -1.316702
vt -2.070807 -0.984647
vt -2.800000 -1.280043
vt -2.070807 -0.984647
vt -3.636111 -0.940679
vt -1.712520 -1.333333
vt -1.250000 -1.250000
vt -1.250000 -0.919708
vt -1.712520 -1.333333
vt -1.250000 -0.919708
vt -1.755024 -0.894079
vt -1.250000 -1.250000
vt 0.700000 -1.300000
vt -1.250000 -0.919708
vt 0.700000 -1.300000
vt 1.250000 -0.936088
vt -1.250000 -0.919708
vt 0.700000 -1.300000
vt 1.200000 -1.253963
vt 1.250000 -0.936088
vt 1.200000 -1.253963
vt 1.750000 -1.351414
vt 1.250000 -0.936088
vt 1.750000 7.250000
vt 3.060299 6.521042
vt 1.250000 6.658465
vt 2.486164 7.009743
vt 3.023814 7.019491
vt 2.750000 7.576430
vt 1.750000 -1.547531
vt 2.750000 -1.573273
vt 3.502100 -1.499270
vn 0.086484 0.240186 -0.966867
vn 0.338866 0.604868 -0.720627
vn 0.259487 -0.710709 -0.653880
vn -0.198645 -0.897728 -0.393223
vn -0.307674 -0.935793 -0.172131
vn -0.371452 -0.434269 -0.820630
vn 0.456427 -0.800684 -0.388045
vn 0.646056 0.076324 -0.759465
vn 0.683863 -0.689007 -0.240004
vn -0.427677 0.022865 -0.903643
vn -0.407464 -0.757442 -0.510152
vn -0.407800 0.437996 -0.801161
vn 0.646056 0.076324 -0.759465
vn 0.181843 0.340926 -0.922335
vn 0.683863 -0.689007 -0.240004
vn -0.390034 -0.335439 -0.857528
vn -0.296293 -0.837350 -0.459407
vn -0.329963 0.398031 -0.855976
vn 0.554142 -0.338934 -0.760296
vn 0.182910 0.404407 -0.896102
vn 0.027410 -0.911862 -0.409582
vn -0.426847 -0.893633 -0.138643
vn -0.322587 -0.891650 0.317643
vn -0.526427 -0.598336 -0.604043
vn 0.350697 -0.765747 -0.539113
vn 0.554896 -0.778913 -0.292207
vn 0.325781 -0.691572 -0.644667
vn 0.350697 -0.765747 -0.539113
vn 0.325781 -0.691572 -0.644667
vn 0.347766 -0.763474 -0.544212
vn -0.545792 -0.214090 -0.810109
vn -0.791377 -0.512180 -0.333756
vn -0.618325 0.517210 -0.591750
vn 0.554896 -0.778913 -0.292207
vn 0.030471 0.637991 -0.769440
vn 0.325781 -0.691572 -0.644667
vn -0.311319 -0.942113 -0.124515
vn 0.325781 -0.691572 -0.644667
vn 0.030471 0.637991 -0.769440
vn 0.001383 0.662770 -0.748822
vn -0.072276 0.917790 -0.390433
vn -0.069473 0.867757 -0.492108
vn 0.004705 -0.999124 -0.041589
vn -0.733688 -0.475836 0.485058
vn -0.649729 -0.758752 -0.046331
vn -0.649729 -0.758752 -0.046331
vn -0.947459 -0.015478 0.319502
vn -0.389768 -0.738737 0.549862
vn -0.649729 -0.758752 -0.046331
vn -0.733688 -0.475836 0.485058
vn -0.947459 -0.015478 0.319502
vn 0.554701 -0.821497 0.132093
vn 0.779524 0.625742 -0.028091
vn 0.756046 -0.544739 -0.362841
vn -0.618325 0.517210 -0.591750
vn -0.948586 0.060689 -0.310648
vn -0.465570 0.762709 -0.448910
vn 0.779524 0.625742 -0.028091
vn 0.479930 0.783546 -0.394617
vn 0.756046 -0.544739 -0.362841
vn -0.733688 -0.475836 0.485058
vn -0.546895 -0.832487 0.088722
vn -0.947459 -0.015478 0.319502
vn 0.303510 -0.952806 -0.006535
vn 0.254875 -0.947182 0.194642
vn 0.212169 -0.903673 0.371967
vn -0.791377 -0.512180 -0.333756
vn -0.677518 -0.734817 0.031827
vn -0.948586 0.060689 -0.310648
vn -0.290826 -0.956674 0.013982
vn -0.192780 -0.978224 -0.076898
vn -0.677518 -0.734817 0.031827
vn 0.554136 -0.493253 -0.670549
vn 0.622107 0.003155 -0.782926
vn 0.588033 -0.683282 -0.432832
vn -0.486856 -0.714907 -0.501876
vn -0.301407 -0.952015 -0.053116
vn 0.531414 -0.756960 -0.380276
vn 0.432028 -0.851407 -0.297418
vn 0.588033 -0.683282 -0.432832
vn 0.545986 -0.836431 -0.047779
vn 0.432028 -0.851407 -0.297418
vn 0.545986 -0.836431 -0.047779
vn 0.490993 -0.857944 0.151188
vn -0.192780 -0.978224 -0.076898
vn -0.519357 -0.820445 -0.239035
vn -0.677518 -0.734817 0.031827
vn -0.169155 -0.955688 0.240931
vn -0.372293 -0.436111 0.819271
vn -0.129523 -0.619868 0.773943
vn 0.531414 -0.756960 -0.380276
vn 0.372251 -0.915201 0.154389
vn 0.211197 -0.735582 -0.643673
vn 0.531414 -0.756960 -0.380276
vn 0.211197 -0.735582 -0.643673
vn -0.301407 -0.952015 -0.053116
vn -0.391978 0.164228 -0.905197
vn -0.301407 -0.952015 -0.053116
vn 0.211197 -0.735582 -0.643673
vn 0.676964 -0.691145 -0.253056
vn 0.790576 0.039704 -0.611075
vn 0.824527 -0.415853 -0.383695
vn -0.948586 0.060689 -0.310648
vn -0.817228 -0.286880 -0.499839
vn -0.762430 0.576092 -0.294649
vn 0.790576 0.039704 -0.611075
vn 0.787565 0.477933 -0.389002
vn 0.824527 -0.415853 -0.383695
vn 0.133843 0.763788 -0.631438
vn 0.168356 0.665253 -0.727389
vn 0.285698 0.702069 -0.652285
vn 0.390065 -0.856014 -0.339249
vn 0.567416 -0.781857 -0.258340
vn 0.769193 -0.636657 0.054865
vn 0.390065 -0.856014 -0.339249
vn 0.769193 -0.636657 0.054865
vn 0.320031 -0.931920 -0.170605
vn -0.233122 -0.951014 0.203044
vn -0.187480 -0.978296 0.088254
vn -0.301407 -0.952015 -0.053116
vn -0.233122 -0.951014 0.203044
vn 0.100354 -0.986217 0.131551
vn -0.187480 -0.978296 0.088254
vn -0.192780 -0.978224 -0.076898
vn -0.115412 -0.985298 -0.125971
vn -0.519357 -0.820445 -0.239035
vn -0.817228 -0.286880 -0.499839
vn -0.609062 0.729843 -0.310438
vn -0.762430 0.576092 -0.294649
vn -0.129523 -0.619868 0.773943
vn -0.081507 -0.113811 0.990153
vn 0.105210 -0.325105 0.939807
vn -0.129523 -0.619868 0.773943
vn -0.372293 -0.436111 0.819271
vn -0.081507 -0.113811 0.990153
vn -0.081507 -0.113811 0.990153
vn -0.130400 0.118379 0.984369
vn 0.105210 -0.325105 0.939807
vn 0.787565 0.477933 -0.389002
vn 0.619037 0.766770 -0.169874
vn 0.576538 0.814912 -0.059349
vn -0.130400 0.118379 0.984369
vn -0.151343 0.984993 0.082975
vn 0.102358 0.318575 0.942355
vn -0.130400 0.118379 0.984369
vn 0.102358 0.318575 0.942355
vn 0.105210 -0.325105 0.939807
vn -0.130400 0.118379 0.984369
vn -0.416591 0.705043 0.573905
vn -0.151343 0.984993 0.082975
vn 0.285698 0.702069 -0.652285
vn 0.314864 0.863552 -0.393876
vn 0.099171 0.990878 0.091245
vn 0.320031 -0.931920 -0.170605
vn 0.769193 -0.636657 0.054865
vn 0.635728 -0.680613 0.364164
vn -0.351930 -0.729297 -0.586746
vn -0.673083 0.371840 -0.639292
vn -0.724297 0.007295 -0.689450
vn 0.769193 -0.636657 0.054865
vn 0.680478 -0.197009 0.705789
vn 0.635728 -0.680613 0.364164
vn -0.390569 -0.795280 0.463665
vn -0.448597 -0.561320 0.695471
vn -0.505265 -0.044391 0.861821
vn 0.490993 -0.857944 0.151188
vn 0.545986 -0.836431 -0.047779
vn 0.530368 -0.669456 0.520132
vn -0.724297 0.007295 -0.689450
vn -0.673083 0.371840 -0.639292
vn -0.609062 0.729843 -0.310438
vn 0.658238 -0.476297 0.582978
vn 0.412351 0.396847 0.820048
vn 0.680478 -0.197009 0.705789
vn -0.277457 0.896628 -0.345073
vn -0.321362 0.876903 -0.357447
vn -0.197544 0.949790 -0.242643
vn -0.406327 -0.912333 0.050461
vn -0.234213 -0.731573 0.640270
vn -0.030934 -0.758872 0.650505
vn -0.337229 -0.895748 0.289678
vn -0.562900 -0.778386 0.277955
vn -0.641407 -0.116275 0.758339
vn -0.673083 0.371840 -0.639292
vn -0.499226 0.818027 -0.285666
vn -0.609062 0.729843 -0.310438
vn 0.475820 -0.229367 0.849109
vn 0.612362 0.077825 0.786737
vn 0.815152 -0.021330 0.578855
vn 0.791362 -0.408434 -0.454893
vn 0.788882 0.438997 -0.430054
vn 0.620064 0.720198 -0.311184
vn 0.791362 -0.408434 -0.454893
vn 0.620064 0.720198 -0.311184
vn 0.770685 -0.450538 -0.450623
vn -0.708126 0.284540 0.646216
vn -0.641407 -0.116275 0.758339
vn -0.731549 0.105034 0.673650
vn -0.708126 0.284540 0.646216
vn -0.731549 0.105034 0.673650
vn -0.408382 0.770736 0.489071
vn -0.708126 0.284540 0.646216
vn -0.408382 0.770736 0.489071
vn -0.402295 0.875786 0.266752
vn 0.062430 -0.817242 0.572904
vn 0.275113 -0.959543 -0.059917
vn 0.057310 -0.932064 0.357731
vn -0.793753 0.531253 -0.296187
vn -0.854286 0.490401 -0.172343
vn -0.713944 0.263084 -0.648899
vn -0.793753 0.531253 -0.296187
vn -0.930433 0.359526 -0.070961
vn -0.854286 0.490401 -0.172343
vn -0.562900 -0.778386 0.277955
vn 0.062430 -0.817242 0.572904
vn -0.611334 -0.336678 0.716184
vn 0.638066 -0.499795 0.585728
vn 0.815152 -0.021330 0.578855
vn 0.774867 -0.328700 0.539942
vn 0.514252 0.833009 -0.204062
vn 0.576538 0.814912 -0.059349
vn 0.457992 0.880337 -0.123488
vn 0.815152 -0.021330 0.578855
vn 0.548301 0.831412 0.090117
vn 0.691048 0.486158 0.534886
vn 0.043792 0.965416 -0.257012
vn -0.407050 0.906238 -0.114205
vn -0.303334 0.909957 0.282785
vn 0.548301 0.831412 0.090117
vn 0.043792 0.965416 -0.257012
vn 0.691048 0.486158 0.534886
vn -0.785971 -0.557312 -0.267682
vn -0.891894 -0.448935 -0.054621
vn -0.930433 0.359526 -0.070961
vn -0.785971 -0.557312 -0.267682
vn -0.449895 -0.875549 0.176091
vn -0.891894 -0.448935 -0.054621
vn -0.930433 0.359526 -0.070961
vn -0.891894 -0.448935 -0.054621
vn -0.854286 0.490401 -0.172343
vn -0.611334 -0.336678 0.716184
vn -0.845533 -0.049786 0.531598
vn -0.731549 0.105034 0.673650
vn 0.815152 -0.021330 0.578855
vn 0.691048 0.486158 0.534886
vn 0.774867 -0.328700 0.539942
vn -0.731549 0.105034 0.673650
vn -0.616903 0.704052 0.351768
vn -0.304760 0.757407 0.577456
vn -0.407050 0.906238 -0.114205
vn 0.096408 0.768370 0.632703
vn -0.303334 0.909957 0.282785
vn 0.552091 -0.828739 -0.091586
vn 0.921021 -0.382120 -0.075532
vn 0.518185 -0.834871 -0.185675
vn -0.891894 -0.448935 -0.054621
vn -0.801122 0.447289 -0.397664
vn -0.854286 0.490401 -0.172343
vn 0.314348 -0.943215 0.107381
vn 0.765605 -0.640471 0.060376
vn 0.921021 -0.382120 -0.075532
vn -0.854286 0.490401 -0.172343
vn -0.801122 0.447289 -0.397664
vn -0.520881 0.835570 -0.174661
vn 0.673459 -0.573350 0.466608
vn 0.855277 0.014181 0.517978
vn 0.986127 -0.051572 0.157780
vn 0.673459 -0.573350 0.466608
vn 0.986127 -0.051572 0.157780
vn 0.807857 -0.583322 0.084281
vn -0.602983 -0.660853 0.446862
vn -0.921133 -0.363283 0.139785
vn -0.845533 -0.049786 0.531598
vn 0.825421 -0.502070 -0.258082
vn 0.907198 0.136298 -0.398014
vn 0.917931 -0.366489 -0.151950
vn 0.855277 0.014181 0.517978
vn 0.096408 0.768370 0.632703
vn 0.768377 0.623561 -0.144112
vn 0.855277 0.014181 0.517978
vn 0.768377 0.623561 -0.144112
vn 0.986127 -0.051572 0.157780
vn -0.845533 -0.049786 0.531598
vn -0.629557 0.740845 -0.234110
vn -0.616903 0.704052 0.351768
vn -0.845533 -0.049786 0.531598
vn -0.921133 -0.363283 0.139785
vn -0.629557 0.740845 -0.234110
vn 0.902529 -0.428554 0.042233
vn 0.921021 -0.382120 -0.075532
vn 0.983332 -0.095745 0.154567
vn -0.728487 -0.620599 -0.290109
vn -0.818459 -0.480293 0.315345
vn -0.927164 0.360193 -0.103095
vn 0.921021 -0.382120 -0.075532
vn 0.765605 -0.640471 0.060376
vn 0.983332 -0.095745 0.154567
vn -0.801122 0.447289 -0.397664
vn -0.670348 0.733865 -0.109890
vn -0.520881 0.835570 -0.174661
vn -0.801122 0.447289 -0.397664
vn -0.927164 0.360193 -0.103095
vn -0.670348 0.733865 -0.109890
vn -0.921133 -0.363283 0.139785
vn -0.823139 -0.558690 0.101525
vn -0.994649 -0.097811 0.033250
vn 0.917931 -0.366489 -0.151950
vn 0.907198 0.136298 -0.398014
vn 0.649456 0.748602 -0.133425
vn -0.921133 -0.363283 0.139785
vn -0.890852 0.179489 -0.417333
vn -0.629557 0.740845 -0.234110
vn -0.921133 -0.363283 0.139785
vn -0.994649 -0.097811 0.033250
vn -0.890852 0.179489 -0.417333
vn 0.403237 0.867692 -0.290705
vn -0.629557 0.740845 -0.234110
vn 0.363910 0.695118 -0.619985
vn 0.403237 0.867692 -0.290705
vn 0.363910 0.695118 -0.619985
vn 0.706378 0.575323 -0.412352
vn -0.449895 -0.875549 0.176091
vn -0.419780 -0.895687 0.146729
vn -0.891894 -0.448935 -0.054621
vn 0.588152 -0.773360 0.236623
vn 0.983332 -0.095745 0.154567
vn 0.581407 -0.811331 0.060893
vn -0.818459 -0.480293 0.315345
vn -0.978016 0.059964 0.199725
vn -0.927164 0.360193 -0.103095
vn 0.983332 -0.095745 0.154567
vn 0.765605 -0.640471 0.060376
vn 0.581407 -0.811331 0.060893
vn -0.927164 0.360193 -0.103095
vn -0.978016 0.059964 0.199725
vn -0.670348 0.733865 -0.109890
vn 0.807857 -0.583322 0.084281
vn 0.991697 -0.103739 0.075989
vn 0.957726 -0.271051 -0.096395
vn 0.807857 -0.583322 0.084281
vn 0.986127 -0.051572 0.157780
vn 0.991697 -0.103739 0.075989
vn -0.541805 0.829405 -0.136142
vn -0.635699 0.770066 0.053705
vn -0.419257 0.896745 -0.141673
vn -0.994649 -0.097811 0.033250
vn -0.994408 -0.065129 0.083130
vn -0.890852 0.179489 -0.417333
vn 0.646066 0.747869 -0.152614
vn 0.706378 0.575323 -0.412352
vn 0.929087 0.353786 -0.107851
vn -0.169976 0.919438 -0.354601
vn -0.419257 0.896745 -0.141673
vn 0.219274 0.894591 -0.389392
vn 0.768377 0.623561 -0.144112
vn 0.219274 0.894591 -0.389392
vn 0.892178 0.428702 -0.142245
vn 0.768377 0.623561 -0.144112
vn 0.892178 0.428702 -0.142245
vn 0.986127 -0.051572 0.157780
vn -0.890852 0.179489 -0.417333
vn -0.994408 -0.065129 0.083130
vn -0.983448 0.177552 -0.036135
vn 0.706378 0.575323 -0.412352
vn 0.760158 0.581605 -0.289646
vn 0.929087 0.353786 -0.107851
vn -0.890852 0.179489 -0.417333
vn -0.983448 0.177552 -0.036135
vn -0.425547 0.772959 -0.470579
vn 0.363910 0.695118 -0.619985
vn -0.425547 0.772959 -0.470579
vn 0.508445 0.854110 -0.109457
vn -0.124010 -0.986468 0.107253
vn -0.195214 -0.954474 0.225546
vn -0.419780 -0.895687 0.146729
vn -0.124010 -0.986468 0.107253
vn 0.177231 -0.915410 0.361404
vn -0.195214 -0.954474 0.225546
vn 0.588152 -0.773360 0.236623
vn 0.581407 -0.811331 0.060893
vn 0.539175 -0.800654 0.261233
vn 0.588152 -0.773360 0.236623
vn 0.539175 -0.800654 0.261233
vn 0.177231 -0.915410 0.361404
vn -0.487154 -0.846455 0.214931
vn -0.752974 -0.608121 0.251434
vn -0.978016 0.059964 0.199725
vn -0.978016 0.059964 0.199725
vn -0.838191 0.435868 0.327803
vn -0.670348 0.733865 -0.109890
vn -0.823139 -0.558690 0.101525
vn -0.776238 -0.603229 -0.183218
vn -0.994649 -0.097811 0.033250
vn 0.917931 -0.366489 -0.151950
vn 0.649456 0.748602 -0.133425
vn 0.738756 0.499418 -0.452572
vn 0.917931 -0.366489 -0.151950
vn 0.738756 0.499418 -0.452572
vn 0.862923 -0.287723 -0.415428
vn 0.991697 -0.103739 0.075989
vn 0.986127 -0.051572 0.157780
vn 0.892178 0.428702 -0.142245
vn 0.991697 -0.103739 0.075989
vn 0.892178 0.428702 -0.142245
vn 0.998442 -0.021653 0.051428
vn 0.929087 0.353786 -0.107851
vn 0.509725 0.762725 0.398034
vn 0.588260 0.807624 -0.041154
vn -0.994408 -0.065129 0.083130
vn -0.741157 0.489614 0.459308
vn -0.983448 0.177552 -0.036135
vn 0.929087 0.353786 -0.107851
vn 0.760158 0.581605 -0.289646
vn 0.509725 0.762725 0.398034
vn -0.983448 0.177552 -0.036135
vn -0.427139 0.815823 0.389853
vn -0.425547 0.772959 -0.470579
vn -0.983448 0.177552 -0.036135
vn -0.741157 0.489614 0.459308
vn -0.427139 0.815823 0.389853
vn 0.508445 0.854110 -0.109457
vn -0.427139 0.815823 0.389853
vn 0.509725 0.762725 0.398034
vn -0.752974 -0.608121 0.251434
vn -0.657349 -0.661960 0.360141
vn -0.790115 -0.177896 0.586575
vn -0.776238 -0.603229 -0.183218
vn -0.900005 0.410154 -0.147527
vn -0.994649 -0.097811 0.033250
vn 0.991697 -0.103739 0.075989
vn 0.998442 -0.021653 0.051428
vn 0.957726 -0.271051 -0.096395
vn 0.998442 -0.021653 0.051428
vn 0.892178 0.428702 -0.142245
vn 0.969717 0.240985 0.039682
vn -0.994649 -0.097811 0.033250
vn -0.871801 0.246076 0.423567
vn -0.994408 -0.065129 0.083130
vn -0.994408 -0.065129 0.083130
vn -0.499192 0.617114 0.608258
vn -0.741157 0.489614 0.459308
vn -0.994408 -0.065129 0.083130
vn -0.871801 0.246076 0.423567
vn -0.499192 0.617114 0.608258
vn 0.509725 0.762725 0.398034
vn -0.499192 0.617114 0.608258
vn 0.154886 0.934823 0.319557
vn -0.657349 -0.661960 0.360141
vn -0.544023 -0.829578 -0.125858
vn -0.986245 0.159712 0.042588
vn -0.790115 -0.177896 0.586575
vn -0.986245 0.159712 0.042588
vn -0.656442 0.537143 0.529680
vn 0.957726 -0.271051 -0.096395
vn 0.969717 0.240985 0.039682
vn 0.875357 -0.283658 -0.391521
vn -0.776238 -0.603229 -0.183218
vn -0.777498 -0.592928 -0.209604
vn -0.900005 0.410154 -0.147527
vn 0.862923 -0.287723 -0.415428
vn 0.818625 0.403315 -0.408889
vn 0.884244 0.465853 -0.033080
vn 0.862923 -0.287723 -0.415428
vn 0.884244 0.465853 -0.033080
vn 0.981384 -0.004001 -0.192017
vn 0.957726 -0.271051 -0.096395
vn 0.998442 -0.021653 0.051428
vn 0.969717 0.240985 0.039682
vn -0.635699 0.770066 0.053705
vn -0.397094 0.916760 0.043208
vn -0.373370 0.893657 0.248943
vn -0.994649 -0.097811 0.033250
vn -0.900005 0.410154 -0.147527
vn -0.871801 0.246076 0.423567
vn 0.969717 0.240985 0.039682
vn 0.892178 0.428702 -0.142245
vn 0.188587 0.768360 0.611603
vn -0.618027 0.775899 -0.126583
vn 0.188587 0.768360 0.611603
vn 0.125798 0.828938 -0.545010
vn -0.618027 0.775899 -0.126583
vn -0.373370 0.893657 0.248943
vn 0.188587 0.768360 0.611603
vn 0.892178 0.428702 -0.142245
vn 0.125798 0.828938 -0.545010
vn 0.188587 0.768360 0.611603
vn -0.650980 -0.466240 -0.599036
vn -0.714217 0.667124 -0.211755
vn -0.986245 0.159712 0.042588
vn -0.650980 -0.466240 -0.599036
vn -0.089219 -0.751833 -0.653289
vn -0.714217 0.667124 -0.211755
vn 0.539175 -0.800654 0.261233
vn 0.581407 -0.811331 0.060893
vn -0.070571 -0.994490 0.077525
vn 0.539175 -0.800654 0.261233
vn -0.070571 -0.994490 0.077525
vn 0.217022 -0.959831 0.177838
vn 0.787188 -0.415676 -0.455575
vn 0.875357 -0.283658 -0.391521
vn 0.895889 -0.059119 -0.440327
vn -0.303024 -0.909148 -0.285704
vn -0.369402 -0.891487 -0.262285
vn -0.308803 -0.929635 -0.201045
vn 0.981384 -0.004001 -0.192017
vn 0.960915 0.276788 -0.005549
vn 0.766917 -0.630693 -0.118597
vn -0.986245 0.159712 0.042588
vn -0.650952 0.745363 0.143859
vn -0.584902 0.774112 0.242159
vn 0.875357 -0.283658 -0.391521
vn 0.969717 0.240985 0.039682
vn 0.858330 0.114218 -0.500224
vn 0.875357 -0.283658 -0.391521
vn 0.858330 0.114218 -0.500224
vn 0.895889 -0.059119 -0.440327
vn -0.777498 -0.592928 -0.209604
vn -0.478281 -0.813805 -0.330103
vn -0.824668 -0.229662 -0.516892
vn 0.981384 -0.004001 -0.192017
vn 0.884244 0.465853 -0.033080
vn 0.692424 0.689376 0.212861
vn 0.981384 -0.004001 -0.192017
vn 0.692424 0.689376 0.212861
vn 0.960915 0.276788 -0.005549
vn 0.969717 0.240985 0.039682
vn 0.313934 0.755872 -0.574546
vn 0.858330 0.114218 -0.500224
vn -0.777498 -0.592928 -0.209604
vn -0.824668 -0.229662 -0.516892
vn -0.900005 0.410154 -0.147527
vn -0.900005 0.410154 -0.147527
vn -0.824668 -0.229662 -0.516892
vn -0.529495 0.375012 -0.760922
vn -0.075678 -0.839110 -0.538672
vn -0.089219 -0.751833 -0.653289
vn 0.897990 -0.257110 -0.357082
vn -0.596839 -0.725877 -0.341886
vn -0.645146 0.367828 0.669693
vn -0.714217 0.667124 -0.211755
vn -0.596839 -0.725877 -0.341886
vn -0.508853 0.032802 0.860228
vn -0.645146 0.367828 0.669693
vn 0.766917 -0.630693 -0.118597
vn 0.960915 0.276788 -0.005549
vn 0.791324 -0.450917 0.412892
vn -0.650952 0.745363 0.143859
vn -0.670226 0.171750 0.722010
vn -0.581483 0.715677 0.386889
vn 0.960915 0.276788 -0.005549
vn 0.692424 0.689376 0.212861
vn 0.791324 -0.450917 0.412892
vn -0.824668 -0.229662 -0.516892
vn -0.863203 0.097310 -0.495389
vn -0.776632 0.055087 -0.627542
vn 0.313934 0.755872 -0.574546
vn -0.383161 0.897862 0.216868
vn -0.264751 0.943727 -0.198208
vn -0.776632 0.055087 -0.627542
vn -0.863203 0.097310 -0.495389
vn -0.370194 0.752264 -0.545027
vn -0.370194 0.752264 -0.545027
vn 0.392196 0.867760 0.305244
vn 0.643957 0.756219 0.115982
vn -0.485242 -0.873549 -0.038098
vn -0.766728 -0.548644 0.333344
vn -0.075678 -0.839110 -0.538672
vn 0.168172 0.469140 -0.866964
vn 0.342213 0.528385 0.776981
vn 0.392574 -0.131958 0.910205
vn -0.472947 -0.667576 0.575033
vn -0.645146 0.367828 0.669693
vn -0.508853 0.032802 0.860228
vn 0.608873 -0.439656 -0.660285
vn 0.535696 -0.789866 0.298565
vn 0.810976 0.213696 -0.544658
vn 0.198201 -0.977990 0.065214
vn 0.382259 -0.923762 -0.023272
vn -0.061076 -0.984339 0.165365
vn -0.369402 -0.891487 -0.262285
vn -0.295605 -0.943954 -0.146862
vn -0.308803 -0.929635 -0.201045
vn 0.897990 -0.257110 -0.357082
vn 0.047411 0.898500 0.436406
vn -0.549947 0.825889 0.124363
vn 0.737696 -0.592453 -0.323733
vn 0.895889 -0.059119 -0.440327
vn 0.877022 -0.102555 -0.469377
vn 0.737696 -0.592453 -0.323733
vn 0.877022 -0.102555 -0.469377
vn 0.706059 -0.661619 -0.252472
vn -0.670226 0.171750 0.722010
vn -0.191310 0.932140 -0.307434
vn -0.581483 0.715677 0.386889
vn 0.895889 -0.059119 -0.440327
vn 0.858330 0.114218 -0.500224
vn 0.877022 -0.102555 -0.469377
vn -0.741204 -0.463762 -0.485326
vn -0.860744 -0.144525 -0.488090
vn -0.824668 -0.229662 -0.516892
vn 0.791324 -0.450917 0.412892
vn 0.692424 0.689376 0.212861
vn 0.648085 0.585418 0.487106
vn 0.791324 -0.450917 0.412892
vn 0.648085 0.585418 0.487106
vn 0.756516 0.096725 0.646783
vn 0.858330 0.114218 -0.500224
vn 0.689071 0.089479 -0.719149
vn 0.877022 -0.102555 -0.469377
vn 0.858330 0.114218 -0.500224
vn 0.195027 0.974003 -0.115247
vn 0.689071 0.089479 -0.719149
vn -0.824668 -0.229662 -0.516892
vn -0.860744 -0.144525 -0.488090
vn -0.863203 0.097310 -0.495389
vn 0.858330 0.114218 -0.500224
vn 0.492108 0.540329 -0.682550
vn 0.195027 0.974003 -0.115247
vn -0.863203 0.097310 -0.495389
vn -0.544518 0.835623 -0.072341
vn -0.370194 0.752264 -0.545027
vn 0.643957 0.756219 0.115982
vn 0.392196 0.867760 0.305244
vn 0.594985 0.742418 0.307909
vn -0.485242 -0.873549 -0.038098
vn 0.346952 -0.874776 0.338219
vn -0.368902 -0.807815 0.459723
vn -0.766728 -0.548644 0.333344
vn -0.980662 -0.038660 0.191853
vn -0.549947 0.825889 0.124363
vn -0.766728 -0.548644 0.333344
vn -0.453102 -0.665518 0.593115
vn -0.980662 -0.038660 0.191853
vn 0.608873 -0.439656 -0.660285
vn 0.810976 0.213696 -0.544658
vn 0.783094 -0.364933 0.503574
vn 0.608873 -0.439656 -0.660285
vn 0.783094 -0.364933 0.503574
vn 0.346952 -0.874776 0.338219
vn -0.549947 0.825889 0.124363
vn -0.980662 -0.038660 0.191853
vn -0.410682 0.906413 0.098777
vn 0.810976 0.213696 -0.544658
vn -0.863803 -0.370340 0.341603
vn 0.783094 -0.364933 0.503574
vn -0.472903 -0.862637 0.179502
vn -0.257451 -0.961128 0.099763
vn -0.375666 -0.919077 0.119051
vn -0.368400 -0.829513 -0.419749
vn -0.500152 -0.675033 -0.542383
vn -0.741204 -0.463762 -0.485326
vn -0.863803 -0.370340 0.341603
vn -0.828072 0.449071 0.335606
vn -0.581483 0.715677 0.386889
vn -0.863803 -0.370340 0.341603
vn 0.783094 -0.364933 0.503574
vn -0.828072 0.449071 0.335606
vn -0.741204 -0.463762 -0.485326
vn -0.500152 -0.675033 -0.542383
vn -0.707363 0.119673 -0.696646
vn -0.495808 0.841856 0.213199
vn -0.419429 0.861147 0.287239
vn -0.435841 0.850989 0.293019
vn -0.333301 0.881791 0.333699
vn -0.506031 0.747099 0.431016
vn -0.390965 0.870329 0.299456
vn 0.689071 0.089479 -0.719149
vn 0.622614 0.468943 -0.626453
vn 0.001676 0.941671 -0.336530
vn 0.689071 0.089479 -0.719149
vn 0.001676 0.941671 -0.336530
vn 0.189694 0.344666 -0.919359
vn -0.707363 0.119673 -0.696646
vn -0.434226 0.867465 -0.242800
vn -0.544518 0.835623 -0.072341
vn -0.707363 0.119673 -0.696646
vn -0.567922 0.589419 -0.574500
vn -0.434226 0.867465 -0.242800
vn 0.594985 0.742418 0.307909
vn 0.392196 0.867760 0.305244
vn 0.417951 0.787529 0.452896
vn -0.453102 -0.665518 0.593115
vn -0.746729 0.157593 0.646189
vn -0.980662 -0.038660 0.191853
vn 0.346952 -0.874776 0.338219
vn 0.783094 -0.364933 0.503574
vn 0.437315 -0.610932 0.659937
vn 0.401697 -0.911234 0.091060
vn 0.657979 -0.488268 0.573288
vn 0.353107 -0.879820 0.318169
vn -0.980662 -0.038660 0.191853
vn -0.746729 0.157593 0.646189
vn -0.410682 0.906413 0.098777
vn 0.783094 -0.364933 0.503574
vn -0.125124 0.443766 0.887365
vn 0.437315 -0.610932 0.659937
vn 0.691764 -0.642849 0.328950
vn 0.756516 0.096725 0.646783
vn 0.839039 -0.159587 0.520140
vn 0.783094 -0.364933 0.503574
vn -0.125124 0.443766 0.887365
vn -0.828072 0.449071 0.335606
vn -0.494870 -0.518680 -0.697191
vn -0.447952 0.020758 -0.893816
vn -0.599802 0.109667 -0.792597
vn -0.599802 0.109667 -0.792597
vn -0.465025 0.742278 -0.482467
vn -0.567922 0.589419 -0.574500
vn -0.599802 0.109667 -0.792597
vn -0.447952 0.020758 -0.893816
vn -0.465025 0.742278 -0.482467
vn 0.001676 0.941671 -0.336530
vn -0.534432 0.742289 0.404215
vn -0.453840 0.762569 0.460997
vn 0.524971 0.374757 -0.764175
vn 0.378269 0.682395 -0.625499
vn 0.485864 0.701614 -0.521224
vn 0.524971 0.374757 -0.764175
vn 0.485864 0.701614 -0.521224
vn 0.281040 0.608426 -0.742182
vn 0.657979 -0.488268 0.573288
vn 0.648085 0.585418 0.487106
vn 0.747108 0.040810 0.663449
vn -0.542647 -0.608997 0.578496
vn -0.778941 0.406924 0.477140
vn -0.514192 0.689202 0.510498
vn -0.040381 -0.659724 -0.750422
vn -0.021477 -0.314607 -0.948979
vn -0.146704 0.437580 -0.887131
vn -0.146704 0.437580 -0.887131
vn -0.021477 -0.314607 -0.948979
vn 0.007042 0.227103 -0.973845
vn -0.383211 0.799073 0.463284
vn -0.453840 0.762569 0.460997
vn -0.534432 0.742289 0.404215
vn 0.007042 0.227103 -0.973845
vn 0.339770 0.221489 -0.914056
vn 0.278771 0.743037 -0.608426
vn -0.146704 0.437580 -0.887131
vn 0.007042 0.227103 -0.973845
vn -0.130063 0.958288 -0.254494
vn -0.367339 -0.925764 0.089574
vn -0.914617 0.057417 0.400224
vn -0.797065 -0.464292 0.386160
vn -0.367339 -0.925764 0.089574
vn -0.720252 -0.428410 0.545622
vn -0.914617 0.057417 0.400224
vn -0.040381 -0.659724 -0.750422
vn -0.062763 -0.875226 -0.479625
vn -0.040642 -0.795580 -0.604484
vn 0.615178 -0.511151 0.600234
vn 0.690614 0.320702 0.648230
vn 0.473940 -0.436797 0.764584
vn -0.797065 -0.464292 0.386160
vn -0.763066 0.523000 0.379740
vn -0.778941 0.406924 0.477140
vn -0.797065 -0.464292 0.386160
vn -0.914617 0.057417 0.400224
vn -0.763066 0.523000 0.379740
vn 0.690614 0.320702 0.648230
vn 0.536006 0.766747 0.353265
vn 0.691762 0.490912 0.529594
vn 0.690614 0.320702 0.648230
vn 0.691762 0.490912 0.529594
vn 0.649200 -0.095555 0.754592
vn 0.353654 0.845002 0.401125
vn 0.044371 0.935510 0.350503
vn 0.156629 0.862801 0.480668
vn 0.140251 -0.921937 -0.361057
vn 0.070045 -0.953341 -0.293659
vn 0.056444 -0.992543 0.108039
vn -0.143236 -0.962402 -0.230794
vn 0.070045 -0.953341 -0.293659
vn -0.062763 -0.875226 -0.479625
vn 0.261703 -0.803101 0.535294
vn 0.820018 -0.404425 0.404982
vn 0.558329 -0.825934 0.078114
vn -0.914617 0.057417 0.400224
vn -0.614328 0.436741 0.657159
vn -0.763066 0.523000 0.379740
vn -0.914617 0.057417 0.400224
vn -0.640182 0.282364 0.714449
vn -0.614328 0.436741 0.657159
vn -0.369051 0.879797 0.299597
vn -0.133963 0.941848 0.308183
vn -0.136338 0.958296 0.251159
vn -0.143236 -0.962402 -0.230794
vn -0.040350 -0.947150 0.318244
vn 0.070045 -0.953341 -0.293659
vn 0.558329 -0.825934 0.078114
vn 0.820018 -0.404425 0.404982
vn 0.785510 0.571658 0.237027
vn 0.558329 -0.825934 0.078114
vn 0.785510 0.571658 0.237027
vn 0.909629 -0.362495 -0.202908
vn 0.820018 -0.404425 0.404982
vn 0.691762 0.490912 0.529594
vn 0.785510 0.571658 0.237027
vn -0.360084 -0.799084 0.481460
vn -0.656597 -0.009105 0.754187
vn -0.562815 -0.036899 0.825759
vn -0.562815 -0.036899 0.825759
vn -0.656597 -0.009105 0.754187
vn -0.461048 0.599387 0.654346
vn -0.340587 -0.839939 0.422496
vn -0.351682 -0.467775 0.810867
vn -0.512644 0.304877 0.802649
vn 0.201766 -0.886167 0.417131
vn 0.191828 -0.092627 0.977048
vn -0.351682 -0.467775 0.810867
vn -0.375280 -0.791770 0.481940
vn -0.655372 0.475309 0.587000
vn -0.503359 0.473523 0.722776
vn 0.422154 -0.331067 0.843908
vn 0.199815 0.714560 0.670432
vn 0.023885 0.574430 0.818205
vn 0.422154 -0.331067 0.843908
vn 0.023885 0.574430 0.818205
vn 0.191828 -0.092627 0.977048
vn 0.000000 0.000000 0.000000
vn 0.000000 0.000000 0.000000
vn -0.390034 -0.335439 -0.857528
vn 0.000000 0.000000 0.000000
vn -0.390034 -0.335439 -0.857528
vn 0.000000 0.000000 0.000000
vn 0.086484 0.240186 -0.966867
vn 0.259487 -0.710709 -0.653880
vn -0.047514 -0.787359 -0.614661
vn 0.000000 0.000000 0.000000
vn -0.390034 -0.335439 -0.857528
vn 0.000000 0.000000 0.000000
vn 0.000000 0.000000 0.000000
vn 0.000000 0.000000 0.000000
vn -0.390034 -0.335439 -0.857528
vn -0.198645 -0.897728 -0.393223
vn 0.456427 -0.800684 -0.388045
vn 0.135157 -0.974407 0.179622
vn -0.198645 -0.897728 -0.393223
vn 0.135157 -0.974407 0.179622
vn -0.307674 -0.935793 -0.172131
vn -0.427677 0.022865 -0.903643
vn -0.371452 -0.434269 -0.820630
vn -0.307674 -0.935793 -0.172131
vn -0.427677 0.022865 -0.903643
vn -0.307674 -0.935793 -0.172131
vn -0.407464 -0.757442 -0.510152
vn -0.390034 -0.335439 -0.857528
vn 0.554142 -0.338934 -0.760296
vn 0.027410 -0.911862 -0.409582
vn -0.390034 -0.335439 -0.857528
vn 0.027410 -0.911862 -0.409582
vn -0.296293 -0.837350 -0.459407
vn -0.156065 -0.090445 -0.983597
vn -0.080327 -0.764812 -0.639226
vn 0.554896 -0.778913 -0.292207
vn -0.080327 -0.764812 -0.639226
vn -0.311319 -0.942113 -0.124515
vn 0.554896 -0.778913 -0.292207
vn -0.080327 -0.764812 -0.639226
vn -0.047514 -0.787359 -0.614661
vn -0.106024 -0.970374 -0.217102
vn -0.080327 -0.764812 -0.639226
vn -0.106024 -0.970374 -0.217102
vn -0.311319 -0.942113 -0.124515
vn -0.047514 -0.787359 -0.614661
vn 0.259487 -0.710709 -0.653880
vn 0.158254 -0.950215 -0.268414
vn -0.047514 -0.787359 -0.614661
vn 0.158254 -0.950215 -0.268414
vn -0.106024 -0.970374 -0.217102
vn 0.259487 -0.710709 -0.653880
vn 0.753583 -0.098103 -0.649991
vn 0.554701 -0.821497 0.132093
vn 0.259487 -0.710709 -0.653880
vn 0.554701 -0.821497 0.132093
vn 0.158254 -0.950215 -0.268414
vn 0.753583 -0.098103 -0.649991
vn 0.862214 -0.086490 0.499106
vn 0.554701 -0.821497 0.132093
vn -0.427677 0.022865 -0.903643
vn -0.407800 0.437996 -0.801161
vn -0.012907 0.881213 -0.472544
vn -0.427677 0.022865 -0.903643
vn -0.012907 0.881213 -0.472544
vn 0.001383 0.662770 -0.748822
vn 0.001383 0.662770 -0.748822
vn 0.181843 0.340926 -0.922335
vn 0.646056 0.076324 -0.759465
vn -0.390034 -0.335439 -0.857528
vn 0.182910 0.404407 -0.896102
vn 0.554142 -0.338934 -0.760296
vn -0.390034 -0.335439 -0.857528
vn -0.329963 0.398031 -0.855976
vn 0.182910 0.404407 -0.896102
vn -0.156065 -0.090445 -0.983597
vn -0.025702 0.252647 -0.967217
vn 0.030471 0.637991 -0.769440
vn -0.156065 -0.090445 -0.983597
vn 0.030471 0.637991 -0.769440
vn -0.219029 0.513055 -0.829940
vn -0.219029 0.513055 -0.829940
vn 0.016495 0.857911 -0.513533
vn 0.086484 0.240186 -0.966867
vn 0.086484 0.240186 -0.966867
vn 0.209262 0.890214 -0.404634
vn 0.338866 0.604868 -0.720627
vn 0.086484 0.240186 -0.966867
vn 0.016495 0.857911 -0.513533
vn 0.209262 0.890214 -0.404634
vn 0.338866 0.604868 -0.720627
vn 0.779524 0.625742 -0.028091
vn 0.753583 -0.098103 -0.649991
vn 0.338866 0.604868 -0.720627
vn 0.209262 0.890214 -0.404634
vn 0.779524 0.625742 -0.028091
vn 0.753583 -0.098103 -0.649991
vn 0.779524 0.625742 -0.028091
vn 0.862214 -0.086490 0.499106
vn -0.426847 -0.893633 -0.138643
vn 0.350697 -0.765747 -0.539113
vn -0.649729 -0.758752 -0.046331
vn 0.350697 -0.765747 -0.539113
vn 0.347766 -0.763474 -0.544212
vn -0.649729 -0.758752 -0.046331
vn -0.545792 -0.214090 -0.810109
vn -0.225749 -0.957326 -0.180459
vn -0.791377 -0.512180 -0.333756
vn -0.545792 -0.214090 -0.810109
vn -0.407464 -0.757442 -0.510152
vn -0.225749 -0.957326 -0.180459
vn -0.407464 -0.757442 -0.510152
vn -0.307674 -0.935793 -0.172131
vn -0.044633 -0.995909 0.078566
vn -0.407464 -0.757442 -0.510152
vn -0.044633 -0.995909 0.078566
vn -0.225749 -0.957326 -0.180459
vn -0.307674 -0.935793 -0.172131
vn 0.135157 -0.974407 0.179622
vn -0.044633 -0.995909 0.078566
vn 0.111562 -0.876890 -0.467566
vn -0.296293 -0.837350 -0.459407
vn -0.067120 -0.990228 0.122244
vn -0.296293 -0.837350 -0.459407
vn 0.027410 -0.911862 -0.409582
vn -0.067120 -0.990228 0.122244
vn 0.027410 -0.911862 -0.409582
vn -0.526427 -0.598336 -0.604043
vn -0.322587 -0.891650 0.317643
vn 0.027410 -0.911862 -0.409582
vn -0.322587 -0.891650 0.317643
vn -0.067120 -0.990228 0.122244
vn -0.106024 -0.970374 -0.217102
vn 0.199471 -0.977377 -0.070317
vn -0.311319 -0.942113 -0.124515
vn -0.106024 -0.970374 -0.217102
vn 0.158254 -0.950215 -0.268414
vn 0.199471 -0.977377 -0.070317
vn 0.158254 -0.950215 -0.268414
vn 0.554701 -0.821497 0.132093
vn 0.199471 -0.977377 -0.070317
vn -0.545792 -0.214090 -0.810109
vn -0.618325 0.517210 -0.591750
vn -0.449583 0.469971 -0.759607
vn -0.012907 0.881213 -0.472544
vn -0.072276 0.917790 -0.390433
vn 0.001383 0.662770 -0.748822
vn 0.209262 0.890214 -0.404634
vn 0.479930 0.783546 -0.394617
vn 0.779524 0.625742 -0.028091
vn -0.069473 0.867757 -0.492108
vn -0.072276 0.917790 -0.390433
vn -0.055001 0.796774 -0.601770
vn -0.055001 0.796774 -0.601770
vn 0.014231 0.907065 -0.420750
vn 0.071582 0.748703 -0.659029
vn 0.071582 0.748703 -0.659029
vn 0.116679 0.944616 -0.306734
vn 0.016495 0.857911 -0.513533
vn 0.016495 0.857911 -0.513533
vn 0.479930 0.783546 -0.394617
vn 0.209262 0.890214 -0.404634
vn 0.347766 -0.763474 -0.544212
vn 0.004290 -0.903982 -0.427548
vn 0.303510 -0.952806 -0.006535
vn 0.347766 -0.763474 -0.544212
vn 0.303510 -0.952806 -0.006535
vn 0.004705 -0.999124 -0.041589
vn 0.004290 -0.903982 -0.427548
vn 0.254875 -0.947182 0.194642
vn 0.303510 -0.952806 -0.006535
vn -0.791377 -0.512180 -0.333756
vn -0.225749 -0.957326 -0.180459
vn -0.290826 -0.956674 0.013982
vn -0.225749 -0.957326 -0.180459
vn -0.044633 -0.995909 0.078566
vn -0.290826 -0.956674 0.013982
vn -0.044633 -0.995909 0.078566
vn 0.135157 -0.974407 0.179622
vn 0.175100 -0.980769 0.086210
vn 0.135157 -0.974407 0.179622
vn 0.683863 -0.689007 -0.240004
vn 0.175100 -0.980769 0.086210
vn 0.683863 -0.689007 -0.240004
vn 0.111562 -0.876890 -0.467566
vn 0.175100 -0.980769 0.086210
vn 0.111562 -0.876890 -0.467566
vn -0.067120 -0.990228 0.122244
vn 0.175100 -0.980769 0.086210
vn 0.199471 -0.977377 -0.070317
vn 0.290163 -0.952190 0.095605
vn 0.254875 -0.947182 0.194642
vn 0.199471 -0.977377 -0.070317
vn 0.554701 -0.821497 0.132093
vn 0.756046 -0.544739 -0.362841
vn 0.199471 -0.977377 -0.070317
vn 0.756046 -0.544739 -0.362841
vn 0.290163 -0.952190 0.095605
vn -0.791377 -0.512180 -0.333756
vn -0.948586 0.060689 -0.310648
vn -0.618325 0.517210 -0.591750
vn -0.067120 -0.990228 0.122244
vn -0.389768 -0.738737 0.549862
vn 0.043270 -0.947783 0.315968
vn -0.389768 -0.738737 0.549862
vn -0.983970 0.137353 -0.113741
vn 0.043270 -0.947783 0.315968
vn -0.206410 0.854927 -0.475914
vn -0.043504 0.942788 -0.330541
vn -0.012907 0.881213 -0.472544
vn -0.012907 0.881213 -0.472544
vn -0.043504 0.942788 -0.330541
vn -0.072276 0.917790 -0.390433
vn -0.072276 0.917790 -0.390433
vn -0.043504 0.942788 -0.330541
vn -0.111903 0.908767 -0.402020
vn -0.072276 0.917790 -0.390433
vn -0.111903 0.908767 -0.402020
vn -0.055001 0.796774 -0.601770
vn -0.055001 0.796774 -0.601770
vn -0.111903 0.908767 -0.402020
vn 0.014231 0.907065 -0.420750
vn 0.071582 0.748703 -0.659029
vn 0.014231 0.907065 -0.420750
vn 0.101940 0.925865 -0.363845
vn 0.071582 0.748703 -0.659029
vn 0.101940 0.925865 -0.363845
vn 0.116679 0.944616 -0.306734
vn 0.016495 0.857911 -0.513533
vn 0.116679 0.944616 -0.306734
vn 0.479930 0.783546 -0.394617
vn 0.004705 -0.999124 -0.041589
vn 0.303510 -0.952806 -0.006535
vn 0.212169 -0.903673 0.371967
vn 0.004705 -0.999124 -0.041589
vn 0.212169 -0.903673 0.371967
vn -0.733688 -0.475836 0.485058
vn -0.791377 -0.512180 -0.333756
vn -0.290826 -0.956674 0.013982
vn -0.677518 -0.734817 0.031827
vn -0.290826 -0.956674 0.013982
vn -0.044633 -0.995909 0.078566
vn -0.192780 -0.978224 -0.076898
vn -0.044633 -0.995909 0.078566
vn 0.175100 -0.980769 0.086210
vn 0.013590 -0.988670 -0.149491
vn -0.947459 -0.015478 0.319502
vn -0.546895 -0.832487 0.088722
vn -0.983970 0.137353 -0.113741
vn 0.254875 -0.947182 0.194642
vn 0.372251 -0.915201 0.154389
vn 0.212169 -0.903673 0.371967
vn 0.254875 -0.947182 0.194642
vn 0.290163 -0.952190 0.095605
vn 0.372251 -0.915201 0.154389
vn 0.175100 -0.980769 0.086210
vn -0.067120 -0.990228 0.122244
vn 0.043270 -0.947783 0.315968
vn 0.043270 -0.947783 0.315968
vn -0.983970 0.137353 -0.113741
vn -0.258608 -0.917014 -0.303658
vn 0.290163 -0.952190 0.095605
vn 0.756046 -0.544739 -0.362841
vn 0.093351 -0.960595 -0.261807
vn 0.290163 -0.952190 0.095605
vn 0.093351 -0.960595 -0.261807
vn -0.243706 -0.841587 -0.482014
vn 0.756046 -0.544739 -0.362841
vn 0.461767 0.451672 -0.763390
vn 0.327800 -0.402255 -0.854832
vn 0.756046 -0.544739 -0.362841
vn 0.327800 -0.402255 -0.854832
vn 0.093351 -0.960595 -0.261807
vn -0.762430 0.576092 -0.294649
vn -0.275534 0.942220 -0.190530
vn -0.465570 0.762709 -0.448910
vn -0.465570 0.762709 -0.448910
vn -0.275534 0.942220 -0.190530
vn -0.206410 0.854927 -0.475914
vn 0.116679 0.944616 -0.306734
vn 0.202381 0.897054 -0.392857
vn 0.479930 0.783546 -0.394617
vn 0.479930 0.783546 -0.394617
vn 0.202381 0.897054 -0.392857
vn 0.461767 0.451672 -0.763390
vn -0.111903 0.908767 -0.402020
vn -0.229182 0.832882 -0.503768
vn 0.014231 0.907065 -0.420750
vn 0.014231 0.907065 -0.420750
vn -0.229182 0.832882 -0.503768
vn 0.094278 0.849976 -0.518318
vn 0.014231 0.907065 -0.420750
vn 0.094278 0.849976 -0.518318
vn 0.101940 0.925865 -0.363845
vn -0.192780 -0.978224 -0.076898
vn -0.044633 -0.995909 0.078566
vn 0.013590 -0.988670 -0.149491
vn 0.013590 -0.988670 -0.149491
vn 0.175100 -0.980769 0.086210
vn 0.252434 -0.944813 -0.208821
vn -0.258608 -0.917014 -0.303658
vn -0.546895 -0.832487 0.088722
vn -0.210244 -0.975365 0.066783
vn -0.258608 -0.917014 -0.303658
vn -0.210244 -0.975365 0.066783
vn -0.169155 -0.955688 0.240931
vn -0.546895 -0.832487 0.088722
vn 0.212169 -0.903673 0.371967
vn -0.301407 -0.952015 -0.053116
vn 0.212169 -0.903673 0.371967
vn 0.372251 -0.915201 0.154389
vn 0.531414 -0.756960 -0.380276
vn 0.212169 -0.903673 0.371967
vn 0.531414 -0.756960 -0.380276
vn -0.301407 -0.952015 -0.053116
vn 0.093351 -0.960595 -0.261807
vn 0.105136 -0.748598 -0.654635
vn -0.243706 -0.841587 -0.482014
vn 0.105136 -0.748598 -0.654635
vn 0.554136 -0.493253 -0.670549
vn 0.588033 -0.683282 -0.432832
vn 0.175100 -0.980769 0.086210
vn 0.043270 -0.947783 0.315968
vn 0.252434 -0.944813 -0.208821
vn 0.043270 -0.947783 0.315968
vn -0.258608 -0.917014 -0.303658
vn -0.169155 -0.955688 0.240931
vn 0.372251 -0.915201 0.154389
vn -0.243706 -0.841587 -0.482014
vn 0.211197 -0.735582 -0.643673
vn -0.206410 0.854927 -0.475914
vn -0.275534 0.942220 -0.190530
vn -0.116349 0.934497 -0.336418
vn -0.206410 0.854927 -0.475914
vn -0.116349 0.934497 -0.336418
vn -0.043504 0.942788 -0.330541
vn 0.461767 0.451672 -0.763390
vn 0.367435 0.747505 -0.553379
vn 0.622107 0.003155 -0.782926
vn 0.461767 0.451672 -0.763390
vn 0.202381 0.897054 -0.392857
vn 0.367435 0.747505 -0.553379
vn -0.116349 0.934497 -0.336418
vn -0.183260 0.869537 -0.458607
vn -0.111903 0.908767 -0.402020
vn -0.116349 0.934497 -0.336418
vn -0.243981 0.842698 -0.479930
vn -0.183260 0.869537 -0.458607
vn -0.111903 0.908767 -0.402020
vn -0.183260 0.869537 -0.458607
vn -0.229182 0.832882 -0.503768
vn -0.229182 0.832882 -0.503768
vn -0.325647 0.851189 -0.411620
vn 0.012956 0.852035 -0.523324
vn -0.229182 0.832882 -0.503768
vn 0.012956 0.852035 -0.523324
vn 0.094278 0.849976 -0.518318
vn 0.101940 0.925865 -0.363845
vn 0.094278 0.849976 -0.518318
vn 0.133843 0.763788 -0.631438
vn 0.101940 0.925865 -0.363845
vn 0.133843 0.763788 -0.631438
vn 0.126628 0.893317 -0.431220
vn -0.486856 -0.714907 -0.501876
vn -0.085594 -0.882038 -0.463339
vn -0.233122 -0.951014 0.203044
vn -0.085594 -0.882038 -0.463339
vn 0.098609 -0.994677 -0.029905
vn -0.233122 -0.951014 0.203044
vn -0.085594 -0.882038 -0.463339
vn 0.432028 -0.851407 -0.297418
vn 0.098609 -0.994677 -0.029905
vn 0.432028 -0.851407 -0.297418
vn 0.490993 -0.857944 0.151188
vn 0.098609 -0.994677 -0.029905
vn -0.192780 -0.978224 -0.076898
vn 0.013590 -0.988670 -0.149491
vn -0.185682 -0.946608 -0.263545
vn 0.013590 -0.988670 -0.149491
vn -0.127197 -0.935898 -0.328506
vn -0.185682 -0.946608 -0.263545
vn 0.013590 -0.988670 -0.149491
vn 0.252434 -0.944813 -0.208821
vn 0.390065 -0.856014 -0.339249
vn 0.013590 -0.988670 -0.149491
vn 0.390065 -0.856014 -0.339249
vn -0.127197 -0.935898 -0.328506
vn 0.252434 -0.944813 -0.208821
vn 0.567416 -0.781857 -0.258340
vn 0.390065 -0.856014 -0.339249
vn -0.169155 -0.955688 0.240931
vn -0.210244 -0.975365 0.066783
vn -0.372293 -0.436111 0.819271
vn -0.546895 -0.832487 0.088722
vn -0.301407 -0.952015 -0.053116
vn -0.126951 -0.986193 0.106337
vn -0.546895 -0.832487 0.088722
vn -0.126951 -0.986193 0.106337
vn -0.210244 -0.975365 0.066783
vn 0.531414 -0.756960 -0.380276
vn -0.301407 -0.952015 -0.053116
vn -0.391978 0.164228 -0.905197
vn 0.588033 -0.683282 -0.432832
vn 0.676964 -0.691145 -0.253056
vn 0.545986 -0.836431 -0.047779
vn -0.948586 0.060689 -0.310648
vn -0.677518 -0.734817 0.031827
vn -0.519357 -0.820445 -0.239035
vn -0.948586 0.060689 -0.310648
vn -0.519357 -0.820445 -0.239035
vn -0.817228 -0.286880 -0.499839
vn 0.252434 -0.944813 -0.208821
vn 0.043270 -0.947783 0.315968
vn 0.328871 -0.933690 0.141658
vn 0.043270 -0.947783 0.315968
vn -0.169155 -0.955688 0.240931
vn -0.129523 -0.619868 0.773943
vn 0.367435 0.747505 -0.553379
vn 0.787565 0.477933 -0.389002
vn 0.790576 0.039704 -0.611075
vn 0.367435 0.747505 -0.553379
vn 0.619037 0.766770 -0.169874
vn 0.787565 0.477933 -0.389002
vn -0.275534 0.942220 -0.190530
vn -0.277457 0.896628 -0.345073
vn -0.116349 0.934497 -0.336418
vn -0.116349 0.934497 -0.336418
vn -0.277457 0.896628 -0.345073
vn -0.243981 0.842698 -0.479930
vn 0.126628 0.893317 -0.431220
vn 0.133843 0.763788 -0.631438
vn 0.149993 0.780776 -0.606540
vn 0.126628 0.893317 -0.431220
vn 0.149993 0.780776 -0.606540
vn 0.367435 0.747505 -0.553379
vn 0.367435 0.747505 -0.553379
vn 0.149993 0.780776 -0.606540
vn 0.416743 0.879016 -0.231639
vn 0.367435 0.747505 -0.553379
vn 0.416743 0.879016 -0.231639
vn 0.619037 0.766770 -0.169874
vn -0.183260 0.869537 -0.458607
vn -0.116093 0.947353 -0.298403
vn -0.229182 0.832882 -0.503768
vn -0.229182 0.832882 -0.503768
vn -0.231579 0.962983 0.137967
vn -0.325647 0.851189 -0.411620
vn -0.229182 0.832882 -0.503768
vn -0.116093 0.947353 -0.298403
vn -0.231579 0.962983 0.137967
vn -0.325647 0.851189 -0.411620
vn -0.151343 0.984993 0.082975
vn 0.012956 0.852035 -0.523324
vn -0.325647 0.851189 -0.411620
vn -0.231579 0.962983 0.137967
vn -0.151343 0.984993 0.082975
vn 0.012956 0.852035 -0.523324
vn -0.151343 0.984993 0.082975
vn -0.018089 0.912240 -0.409256
vn 0.012956 0.852035 -0.523324
vn -0.018089 0.912240 -0.409256
vn 0.168356 0.665253 -0.727389
vn 0.168356 0.665253 -0.727389
vn 0.314864 0.863552 -0.393876
vn 0.285698 0.702069 -0.652285
vn -0.127197 -0.935898 -0.328506
vn 0.390065 -0.856014 -0.339249
vn 0.320031 -0.931920 -0.170605
vn -0.127197 -0.935898 -0.328506
vn 0.320031 -0.931920 -0.170605
vn -0.104765 -0.951032 -0.290796
vn -0.233122 -0.951014 0.203044
vn 0.098609 -0.994677 -0.029905
vn 0.055873 -0.937600 0.343198
vn -0.233122 -0.951014 0.203044
vn 0.055873 -0.937600 0.343198
vn 0.100354 -0.986217 0.131551
vn 0.098609 -0.994677 -0.029905
vn 0.490993 -0.857944 0.151188
vn 0.055873 -0.937600 0.343198
vn -0.192780 -0.978224 -0.076898
vn -0.116997 -0.988761 0.093078
vn -0.115412 -0.985298 -0.125971
vn -0.192780 -0.978224 -0.076898
vn -0.185682 -0.946608 -0.263545
vn -0.116997 -0.988761 0.093078
vn -0.185682 -0.946608 -0.263545
vn -0.127197 -0.935898 -0.328506
vn -0.104765 -0.951032 -0.290796
vn -0.185682 -0.946608 -0.263545
vn -0.104765 -0.951032 -0.290796
vn -0.406327 -0.912333 0.050461
vn 0.567416 -0.781857 -0.258340
vn 0.328871 -0.933690 0.141658
vn 0.769193 -0.636657 0.054865
vn -0.210244 -0.975365 0.066783
vn -0.390569 -0.795280 0.463665
vn -0.372293 -0.436111 0.819271
vn -0.210244 -0.975365 0.066783
vn -0.126951 -0.986193 0.106337
vn -0.390569 -0.795280 0.463665
vn -0.301407 -0.952015 -0.053116
vn -0.187480 -0.978296 0.088254
vn -0.126951 -0.986193 0.106337
vn 0.328871 -0.933690 0.141658
vn 0.043270 -0.947783 0.315968
vn 0.227031 -0.399528 0.888164
vn 0.328871 -0.933690 0.141658
vn 0.227031 -0.399528 0.888164
vn 0.658238 -0.476297 0.582978
vn 0.043270 -0.947783 0.315968
vn -0.129523 -0.619868 0.773943
vn 0.105210 -0.325105 0.939807
vn 0.043270 -0.947783 0.315968
vn 0.105210 -0.325105 0.939807
vn 0.227031 -0.399528 0.888164
vn 0.824527 -0.415853 -0.383695
vn 0.654331 0.592271 -0.470177
vn 0.791362 -0.408434 -0.454893
vn 0.824527 -0.415853 -0.383695
vn 0.791362 -0.408434 -0.454893
vn 0.545986 -0.836431 -0.047779
vn -0.762430 0.576092 -0.294649
vn -0.609062 0.729843 -0.310438
vn -0.275534 0.942220 -0.190530
vn 0.787565 0.477933 -0.389002
vn 0.576538 0.814912 -0.059349
vn 0.654331 0.592271 -0.470177
vn -0.243981 0.842698 -0.479930
vn -0.097466 0.992847 0.068958
vn -0.116093 0.947353 -0.298403
vn -0.243981 0.842698 -0.479930
vn -0.197544 0.949790 -0.242643
vn -0.097466 0.992847 0.068958
vn -0.116093 0.947353 -0.298403
vn -0.097466 0.992847 0.068958
vn 0.202558 0.941198 0.270400
vn -0.116093 0.947353 -0.298403
vn 0.202558 0.941198 0.270400
vn 0.174911 0.709989 0.682145
vn -0.116093 0.947353 -0.298403
vn 0.174911 0.709989 0.682145
vn -0.231579 0.962983 0.137967
vn -0.231579 0.962983 0.137967
vn 0.102358 0.318575 0.942355
vn -0.151343 0.984993 0.082975
vn -0.231579 0.962983 0.137967
vn 0.174911 0.709989 0.682145
vn 0.102358 0.318575 0.942355
vn 0.285698 0.702069 -0.652285
vn 0.099171 0.990878 0.091245
vn 0.122286 0.947583 -0.295181
vn 0.285698 0.702069 -0.652285
vn 0.122286 0.947583 -0.295181
vn 0.149993 0.780776 -0.606540
vn 0.149993 0.780776 -0.606540
vn 0.122286 0.947583 -0.295181
vn 0.416743 0.879016 -0.231639
vn -0.416591 0.705043 0.573905
vn -0.064654 0.867596 0.493049
vn -0.018089 0.912240 -0.409256
vn -0.018089 0.912240 -0.409256
vn -0.064654 0.867596 0.493049
vn 0.314864 0.863552 -0.393876
vn 0.314864 0.863552 -0.393876
vn -0.064654 0.867596 0.493049
vn 0.099171 0.990878 0.091245
vn -0.406327 -0.912333 0.050461
vn -0.104765 -0.951032 -0.290796
vn -0.092621 -0.989411 0.111751
vn -0.104765 -0.951032 -0.290796
vn 0.320031 -0.931920 -0.170605
vn 0.178643 -0.978757 0.100607
vn -0.104765 -0.951032 -0.290796
vn 0.178643 -0.978757 0.100607
vn -0.092621 -0.989411 0.111751
vn 0.320031 -0.931920 -0.170605
vn 0.635728 -0.680613 0.364164
vn 0.178643 -0.978757 0.100607
vn -0.351930 -0.729297 -0.586746
vn -0.519357 -0.820445 -0.239035
vn -0.115412 -0.985298 -0.125971
vn -0.185682 -0.946608 -0.263545
vn -0.406327 -0.912333 0.050461
vn -0.116997 -0.988761 0.093078
vn -0.390569 -0.795280 0.463665
vn -0.126951 -0.986193 0.106337
vn -0.448597 -0.561320 0.695471
vn -0.126951 -0.986193 0.106337
vn -0.187480 -0.978296 0.088254
vn -0.337229 -0.895748 0.289678
vn -0.126951 -0.986193 0.106337
vn -0.337229 -0.895748 0.289678
vn -0.448597 -0.561320 0.695471
vn -0.187480 -0.978296 0.088254
vn 0.100354 -0.986217 0.131551
vn 0.275113 -0.959543 -0.059917
vn -0.187480 -0.978296 0.088254
vn 0.275113 -0.959543 -0.059917
vn -0.337229 -0.895748 0.289678
vn 0.100354 -0.986217 0.131551
vn 0.402714 -0.915156 -0.017633
vn 0.275113 -0.959543 -0.059917
vn 0.100354 -0.986217 0.131551
vn 0.055873 -0.937600 0.343198
vn 0.530368 -0.669456 0.520132
vn 0.100354 -0.986217 0.131551
vn 0.530368 -0.669456 0.520132
vn 0.402714 -0.915156 -0.017633
vn 0.055873 -0.937600 0.343198
vn 0.490993 -0.857944 0.151188
vn 0.530368 -0.669456 0.520132
vn 0.545986 -0.836431 -0.047779
vn 0.791362 -0.408434 -0.454893
vn 0.472358 -0.831091 -0.293539
vn -0.609062 0.729843 -0.310438
vn -0.418139 0.891064 -0.176535
vn -0.275534 0.942220 -0.190530
vn 0.576538 0.814912 -0.059349
vn 0.514252 0.833009 -0.204062
vn 0.654331 0.592271 -0.470177
vn -0.275534 0.942220 -0.190530
vn -0.418139 0.891064 -0.176535
vn -0.277457 0.896628 -0.345073
vn -0.277457 0.896628 -0.345073
vn -0.418139 0.891064 -0.176535
vn -0.321362 0.876903 -0.357447
vn 0.416743 0.879016 -0.231639
vn 0.576538 0.814912 -0.059349
vn 0.619037 0.766770 -0.169874
vn -0.197544 0.949790 -0.242643
vn -0.321362 0.876903 -0.357447
vn -0.124829 0.981705 -0.143784
vn -0.197544 0.949790 -0.242643
vn -0.124829 0.981705 -0.143784
vn 0.407437 0.803163 0.434655
vn -0.197544 0.949790 -0.242643
vn 0.412351 0.396847 0.820048
vn -0.097466 0.992847 0.068958
vn -0.197544 0.949790 -0.242643
vn 0.407437 0.803163 0.434655
vn 0.412351 0.396847 0.820048
vn -0.097466 0.992847 0.068958
vn 0.412351 0.396847 0.820048
vn 0.202558 0.941198 0.270400
vn 0.122286 0.947583 -0.295181
vn 0.390278 0.883359 0.259537
vn 0.416743 0.879016 -0.231639
vn 0.099171 0.990878 0.091245
vn -0.402295 0.875786 0.266752
vn 0.122286 0.947583 -0.295181
vn -0.406327 -0.912333 0.050461
vn -0.092621 -0.989411 0.111751
vn -0.234213 -0.731573 0.640270
vn -0.092621 -0.989411 0.111751
vn 0.178643 -0.978757 0.100607
vn 0.293993 -0.590479 0.751600
vn -0.092621 -0.989411 0.111751
vn 0.293993 -0.590479 0.751600
vn -0.234213 -0.731573 0.640270
vn -0.562900 -0.778386 0.277955
vn 0.275113 -0.959543 -0.059917
vn 0.062430 -0.817242 0.572904
vn -0.351930 -0.729297 -0.586746
vn 0.023363 -0.907575 -0.419240
vn -0.713944 0.263084 -0.648899
vn -0.351930 -0.729297 -0.586746
vn -0.115412 -0.985298 -0.125971
vn 0.096095 -0.994156 -0.049197
vn -0.351930 -0.729297 -0.586746
vn 0.096095 -0.994156 -0.049197
vn 0.023363 -0.907575 -0.419240
vn -0.115412 -0.985298 -0.125971
vn -0.116997 -0.988761 0.093078
vn 0.243908 -0.908271 0.339929
vn -0.115412 -0.985298 -0.125971
vn 0.243908 -0.908271 0.339929
vn 0.096095 -0.994156 -0.049197
vn -0.116997 -0.988761 0.093078
vn -0.406327 -0.912333 0.050461
vn -0.030934 -0.758872 0.650505
vn -0.116997 -0.988761 0.093078
vn -0.030934 -0.758872 0.650505
vn 0.243908 -0.908271 0.339929
vn 0.402714 -0.915156 -0.017633
vn 0.530368 -0.669456 0.520132
vn 0.583402 -0.757276 0.293555
vn 0.402714 -0.915156 -0.017633
vn 0.583402 -0.757276 0.293555
vn 0.275113 -0.959543 -0.059917
vn -0.713944 0.263084 -0.648899
vn -0.499226 0.818027 -0.285666
vn -0.673083 0.371840 -0.639292
vn 0.472358 -0.831091 -0.293539
vn 0.791362 -0.408434 -0.454893
vn 0.770685 -0.450538 -0.450623
vn 0.654331 0.592271 -0.470177
vn 0.620064 0.720198 -0.311184
vn 0.788882 0.438997 -0.430054
vn 0.654331 0.592271 -0.470177
vn 0.514252 0.833009 -0.204062
vn 0.620064 0.720198 -0.311184
vn -0.418139 0.891064 -0.176535
vn -0.407050 0.906238 -0.114205
vn -0.321362 0.876903 -0.357447
vn 0.416743 0.879016 -0.231639
vn 0.591148 0.804193 -0.061778
vn 0.576538 0.814912 -0.059349
vn -0.321362 0.876903 -0.357447
vn -0.407050 0.906238 -0.114205
vn 0.043792 0.965416 -0.257012
vn -0.321362 0.876903 -0.357447
vn 0.548301 0.831412 0.090117
vn -0.124829 0.981705 -0.143784
vn -0.321362 0.876903 -0.357447
vn 0.043792 0.965416 -0.257012
vn 0.548301 0.831412 0.090117
vn -0.124829 0.981705 -0.143784
vn 0.548301 0.831412 0.090117
vn 0.407437 0.803163 0.434655
vn 0.390278 0.883359 0.259537
vn 0.591148 0.804193 -0.061778
vn 0.416743 0.879016 -0.231639
vn 0.390278 0.883359 0.259537
vn 0.434208 0.896966 0.083164
vn 0.591148 0.804193 -0.061778
vn -0.402295 0.875786 0.266752
vn -0.408382 0.770736 0.489071
vn 0.122286 0.947583 -0.295181
vn 0.122286 0.947583 -0.295181
vn -0.408382 0.770736 0.489071
vn 0.390278 0.883359 0.259537
vn -0.785971 -0.557312 -0.267682
vn 0.023363 -0.907575 -0.419240
vn 0.078007 -0.982565 -0.168764
vn 0.023363 -0.907575 -0.419240
vn 0.329032 -0.937285 -0.115042
vn 0.078007 -0.982565 -0.168764
vn -0.785971 -0.557312 -0.267682
vn -0.930433 0.359526 -0.070961
vn -0.793753 0.531253 -0.296187
vn 0.023363 -0.907575 -0.419240
vn 0.096095 -0.994156 -0.049197
vn 0.329032 -0.937285 -0.115042
vn 0.096095 -0.994156 -0.049197
vn 0.314348 -0.943215 0.107381
vn 0.329032 -0.937285 -0.115042
vn 0.096095 -0.994156 -0.049197
vn 0.243908 -0.908271 0.339929
vn 0.314348 -0.943215 0.107381
vn -0.713944 0.263084 -0.648899
vn -0.520881 0.835570 -0.174661
vn -0.499226 0.818027 -0.285666
vn -0.713944 0.263084 -0.648899
vn -0.854286 0.490401 -0.172343
vn -0.520881 0.835570 -0.174661
vn 0.243908 -0.908271 0.339929
vn 0.638066 -0.499795 0.585728
vn 0.774867 -0.328700 0.539942
vn 0.583402 -0.757276 0.293555
vn 0.530368 -0.669456 0.520132
vn 0.057310 -0.932064 0.357731
vn 0.530368 -0.669456 0.520132
vn 0.545986 -0.836431 -0.047779
vn 0.057310 -0.932064 0.357731
vn 0.545986 -0.836431 -0.047779
vn 0.472358 -0.831091 -0.293539
vn 0.381459 -0.917179 -0.115207
vn 0.545986 -0.836431 -0.047779
vn 0.381459 -0.917179 -0.115207
vn 0.057310 -0.932064 0.357731
vn 0.472358 -0.831091 -0.293539
vn 0.770685 -0.450538 -0.450623
vn 0.381459 -0.917179 -0.115207
vn 0.770685 -0.450538 -0.450623
vn 0.907198 0.136298 -0.398014
vn 0.825421 -0.502070 -0.258082
vn 0.770685 -0.450538 -0.450623
vn 0.825421 -0.502070 -0.258082
vn 0.381459 -0.917179 -0.115207
vn -0.499226 0.818027 -0.285666
vn -0.363383 0.923561 -0.122429
vn -0.609062 0.729843 -0.310438
vn -0.499226 0.818027 -0.285666
vn -0.520881 0.835570 -0.174661
vn -0.363383 0.923561 -0.122429
vn -0.609062 0.729843 -0.310438
vn -0.363383 0.923561 -0.122429
vn -0.418139 0.891064 -0.176535
vn 0.514252 0.833009 -0.204062
vn 0.457992 0.880337 -0.123488
vn 0.620064 0.720198 -0.311184
vn 0.591148 0.804193 -0.061778
vn 0.498458 0.847599 -0.181976
vn 0.576538 0.814912 -0.059349
vn 0.576538 0.814912 -0.059349
vn 0.498458 0.847599 -0.181976
vn 0.457992 0.880337 -0.123488
vn -0.304760 0.757407 0.577456
vn 0.049345 0.998635 -0.017102
vn 0.434208 0.896966 0.083164
vn 0.434208 0.896966 0.083164
vn 0.498458 0.847599 -0.181976
vn 0.591148 0.804193 -0.061778
vn 0.434208 0.896966 0.083164
vn 0.049345 0.998635 -0.017102
vn 0.498458 0.847599 -0.181976
vn 0.043792 0.965416 -0.257012
vn -0.303334 0.909957 0.282785
vn 0.691048 0.486158 0.534886
vn -0.785971 -0.557312 -0.267682
vn 0.078007 -0.982565 -0.168764
vn -0.449895 -0.875549 0.176091
vn 0.329032 -0.937285 -0.115042
vn 0.552091 -0.828739 -0.091586
vn 0.078007 -0.982565 -0.168764
vn 0.329032 -0.937285 -0.115042
vn 0.314348 -0.943215 0.107381
vn 0.552091 -0.828739 -0.091586
vn 0.240430 -0.960760 0.138327
vn 0.243908 -0.908271 0.339929
vn 0.673459 -0.573350 0.466608
vn 0.243908 -0.908271 0.339929
vn 0.774867 -0.328700 0.539942
vn 0.673459 -0.573350 0.466608
vn -0.611334 -0.336678 0.716184
vn 0.057310 -0.932064 0.357731
vn -0.602983 -0.660853 0.446862
vn 0.057310 -0.932064 0.357731
vn -0.672122 -0.684435 0.282490
vn -0.602983 -0.660853 0.446862
vn -0.520881 0.835570 -0.174661
vn -0.382069 0.923481 -0.034746
vn -0.363383 0.923561 -0.122429
vn 0.457992 0.880337 -0.123488
vn 0.649456 0.748602 -0.133425
vn 0.620064 0.720198 -0.311184
vn 0.457992 0.880337 -0.123488
vn 0.424893 0.899472 -0.102059
vn 0.649456 0.748602 -0.133425
vn 0.620064 0.720198 -0.311184
vn 0.649456 0.748602 -0.133425
vn 0.907198 0.136298 -0.398014
vn -0.363383 0.923561 -0.122429
vn -0.541805 0.829405 -0.136142
vn -0.418139 0.891064 -0.176535
vn 0.498458 0.847599 -0.181976
vn 0.646066 0.747869 -0.152614
vn 0.457992 0.880337 -0.123488
vn -0.304760 0.757407 0.577456
vn -0.616903 0.704052 0.351768
vn 0.049345 0.998635 -0.017102
vn 0.049345 0.998635 -0.017102
vn 0.403237 0.867692 -0.290705
vn 0.498458 0.847599 -0.181976
vn 0.049345 0.998635 -0.017102
vn -0.616903 0.704052 0.351768
vn 0.403237 0.867692 -0.290705
vn -0.449895 -0.875549 0.176091
vn 0.078007 -0.982565 -0.168764
vn -0.124010 -0.986468 0.107253
vn 0.078007 -0.982565 -0.168764
vn 0.552091 -0.828739 -0.091586
vn 0.518185 -0.834871 -0.185675
vn 0.078007 -0.982565 -0.168764
vn 0.518185 -0.834871 -0.185675
vn -0.124010 -0.986468 0.107253
vn 0.552091 -0.828739 -0.091586
vn 0.314348 -0.943215 0.107381
vn 0.921021 -0.382120 -0.075532
vn 0.314348 -0.943215 0.107381
vn 0.240430 -0.960760 0.138327
vn 0.267619 -0.945203 -0.187004
vn 0.314348 -0.943215 0.107381
vn 0.267619 -0.945203 -0.187004
vn 0.765605 -0.640471 0.060376
vn 0.240430 -0.960760 0.138327
vn 0.673459 -0.573350 0.466608
vn 0.807857 -0.583322 0.084281
vn -0.602983 -0.660853 0.446862
vn -0.672122 -0.684435 0.282490
vn -0.921133 -0.363283 0.139785
vn 0.381459 -0.917179 -0.115207
vn 0.825421 -0.502070 -0.258082
vn 0.917931 -0.366489 -0.151950
vn -0.363383 0.923561 -0.122429
vn -0.382069 0.923481 -0.034746
vn -0.541805 0.829405 -0.136142
vn 0.646066 0.747869 -0.152614
vn 0.424893 0.899472 -0.102059
vn 0.457992 0.880337 -0.123488
vn -0.541805 0.829405 -0.136142
vn -0.169976 0.919438 -0.354601
vn -0.407050 0.906238 -0.114205
vn -0.407050 0.906238 -0.114205
vn 0.768377 0.623561 -0.144112
vn 0.096408 0.768370 0.632703
vn -0.407050 0.906238 -0.114205
vn -0.169976 0.919438 -0.354601
vn 0.768377 0.623561 -0.144112
vn -0.616903 0.704052 0.351768
vn -0.629557 0.740845 -0.234110
vn 0.403237 0.867692 -0.290705
vn 0.403237 0.867692 -0.290705
vn 0.646066 0.747869 -0.152614
vn 0.498458 0.847599 -0.181976
vn -0.124010 -0.986468 0.107253
vn 0.518185 -0.834871 -0.185675
vn 0.588152 -0.773360 0.236623
vn 0.518185 -0.834871 -0.185675
vn 0.902529 -0.428554 0.042233
vn 0.588152 -0.773360 0.236623
vn -0.728487 -0.620599 -0.290109
vn -0.927164 0.360193 -0.103095
vn -0.801122 0.447289 -0.397664
vn 0.240430 -0.960760 0.138327
vn 0.807857 -0.583322 0.084281
vn 0.267619 -0.945203 -0.187004
vn -0.921133 -0.363283 0.139785
vn -0.672122 -0.684435 0.282490
vn -0.649877 -0.747752 0.136115
vn -0.921133 -0.363283 0.139785
vn -0.649877 -0.747752 0.136115
vn -0.823139 -0.558690 0.101525
vn -0.672122 -0.684435 0.282490
vn 0.057310 -0.932064 0.357731
vn -0.649877 -0.747752 0.136115
vn 0.057310 -0.932064 0.357731
vn 0.381459 -0.917179 -0.115207
vn 0.239595 -0.967210 -0.084257
vn 0.381459 -0.917179 -0.115207
vn 0.917931 -0.366489 -0.151950
vn 0.239595 -0.967210 -0.084257
vn -0.382069 0.923481 -0.034746
vn -0.635699 0.770066 0.053705
vn -0.541805 0.829405 -0.136142
vn 0.403237 0.867692 -0.290705
vn 0.706378 0.575323 -0.412352
vn 0.646066 0.747869 -0.152614
vn -0.629557 0.740845 -0.234110
vn -0.890852 0.179489 -0.417333
vn 0.363910 0.695118 -0.619985
vn -0.449895 -0.875549 0.176091
vn -0.124010 -0.986468 0.107253
vn -0.419780 -0.895687 0.146729
vn -0.818459 -0.480293 0.315345
vn -0.728487 -0.620599 -0.290109
vn -0.487154 -0.846455 0.214931
vn -0.728487 -0.620599 -0.290109
vn -0.891894 -0.448935 -0.054621
vn -0.419780 -0.895687 0.146729
vn -0.728487 -0.620599 -0.290109
vn -0.419780 -0.895687 0.146729
vn -0.487154 -0.846455 0.214931
vn 0.765605 -0.640471 0.060376
vn 0.267619 -0.945203 -0.187004
vn 0.581407 -0.811331 0.060893
vn 0.267619 -0.945203 -0.187004
vn 0.807857 -0.583322 0.084281
vn 0.957726 -0.271051 -0.096395
vn -0.649877 -0.747752 0.136115
vn 0.057310 -0.932064 0.357731
vn -0.234246 -0.966750 -0.102580
vn -0.649877 -0.747752 0.136115
vn -0.234246 -0.966750 -0.102580
vn -0.823139 -0.558690 0.101525
vn -0.670348 0.733865 -0.109890
vn -0.287159 0.954584 0.079432
vn -0.520881 0.835570 -0.174661
vn -0.520881 0.835570 -0.174661
vn -0.287159 0.954584 0.079432
vn -0.382069 0.923481 -0.034746
vn 0.424893 0.899472 -0.102059
vn 0.431573 0.870422 -0.236878
vn 0.649456 0.748602 -0.133425
vn 0.646066 0.747869 -0.152614
vn 0.929087 0.353786 -0.107851
vn 0.588260 0.807624 -0.041154
vn 0.646066 0.747869 -0.152614
vn 0.431573 0.870422 -0.236878
vn 0.424893 0.899472 -0.102059
vn 0.646066 0.747869 -0.152614
vn 0.588260 0.807624 -0.041154
vn 0.431573 0.870422 -0.236878
vn -0.541805 0.829405 -0.136142
vn -0.419257 0.896745 -0.141673
vn -0.169976 0.919438 -0.354601
vn 0.363910 0.695118 -0.619985
vn 0.508445 0.854110 -0.109457
vn 0.760158 0.581605 -0.289646
vn -0.124010 -0.986468 0.107253
vn 0.588152 -0.773360 0.236623
vn 0.177231 -0.915410 0.361404
vn -0.487154 -0.846455 0.214931
vn -0.419780 -0.895687 0.146729
vn -0.195214 -0.954474 0.225546
vn -0.487154 -0.846455 0.214931
vn -0.195214 -0.954474 0.225546
vn -0.752974 -0.608121 0.251434
vn -0.978016 0.059964 0.199725
vn -0.752974 -0.608121 0.251434
vn -0.838191 0.435868 0.327803
vn -0.823139 -0.558690 0.101525
vn -0.234246 -0.966750 -0.102580
vn -0.776238 -0.603229 -0.183218
vn 0.057310 -0.932064 0.357731
vn 0.239595 -0.967210 -0.084257
vn 0.006934 -0.994114 -0.108116
vn 0.057310 -0.932064 0.357731
vn 0.006934 -0.994114 -0.108116
vn -0.234246 -0.966750 -0.102580
vn 0.239595 -0.967210 -0.084257
vn 0.917931 -0.366489 -0.151950
vn 0.862923 -0.287723 -0.415428
vn -0.670348 0.733865 -0.109890
vn -0.838191 0.435868 0.327803
vn -0.287159 0.954584 0.079432
vn -0.287159 0.954584 0.079432
vn -0.279635 0.959115 0.043629
vn -0.382069 0.923481 -0.034746
vn 0.431573 0.870422 -0.236878
vn 0.738756 0.499418 -0.452572
vn 0.649456 0.748602 -0.133425
vn -0.382069 0.923481 -0.034746
vn -0.397094 0.916760 0.043208
vn -0.635699 0.770066 0.053705
vn -0.419257 0.896745 -0.141673
vn -0.635699 0.770066 0.053705
vn -0.618027 0.775899 -0.126583
vn 0.219274 0.894591 -0.389392
vn -0.419257 0.896745 -0.141673
vn 0.892178 0.428702 -0.142245
vn 0.508445 0.854110 -0.109457
vn 0.509725 0.762725 0.398034
vn 0.760158 0.581605 -0.289646
vn -0.425547 0.772959 -0.470579
vn -0.427139 0.815823 0.389853
vn 0.508445 0.854110 -0.109457
vn -0.752974 -0.608121 0.251434
vn -0.195214 -0.954474 0.225546
vn -0.657349 -0.661960 0.360141
vn 0.006934 -0.994114 -0.108116
vn 0.064389 -0.977980 -0.198519
vn -0.234246 -0.966750 -0.102580
vn 0.006934 -0.994114 -0.108116
vn 0.239595 -0.967210 -0.084257
vn 0.437436 -0.864436 -0.247791
vn 0.006934 -0.994114 -0.108116
vn 0.437436 -0.864436 -0.247791
vn 0.064389 -0.977980 -0.198519
vn -0.838191 0.435868 0.327803
vn -0.752974 -0.608121 0.251434
vn -0.790115 -0.177896 0.586575
vn -0.776238 -0.603229 -0.183218
vn -0.234246 -0.966750 -0.102580
vn -0.303024 -0.909148 -0.285704
vn -0.776238 -0.603229 -0.183218
vn -0.303024 -0.909148 -0.285704
vn -0.312926 -0.936022 -0.161060
vn 0.239595 -0.967210 -0.084257
vn 0.862923 -0.287723 -0.415428
vn 0.437436 -0.864436 -0.247791
vn -0.838191 0.435868 0.327803
vn -0.656442 0.537143 0.529680
vn -0.287159 0.954584 0.079432
vn 0.738756 0.499418 -0.452572
vn 0.536006 0.819415 -0.203117
vn 0.818625 0.403315 -0.408889
vn -0.382069 0.923481 -0.034746
vn -0.279635 0.959115 0.043629
vn -0.397094 0.916760 0.043208
vn 0.431573 0.870422 -0.236878
vn 0.588260 0.807624 -0.041154
vn 0.536006 0.819415 -0.203117
vn 0.509725 0.762725 0.398034
vn 0.154886 0.934823 0.319557
vn 0.588260 0.807624 -0.041154
vn -0.419257 0.896745 -0.141673
vn -0.618027 0.775899 -0.126583
vn 0.892178 0.428702 -0.142245
vn -0.741157 0.489614 0.459308
vn -0.499192 0.617114 0.608258
vn 0.509725 0.762725 0.398034
vn -0.657349 -0.661960 0.360141
vn -0.195214 -0.954474 0.225546
vn -0.544023 -0.829578 -0.125858
vn 0.267619 -0.945203 -0.187004
vn 0.875357 -0.283658 -0.391521
vn 0.228626 -0.899915 -0.371327
vn 0.267619 -0.945203 -0.187004
vn 0.228626 -0.899915 -0.371327
vn -0.198009 -0.963135 -0.182109
vn 0.875357 -0.283658 -0.391521
vn 0.787188 -0.415676 -0.455575
vn 0.228626 -0.899915 -0.371327
vn -0.790115 -0.177896 0.586575
vn -0.657349 -0.661960 0.360141
vn -0.986245 0.159712 0.042588
vn 0.581407 -0.811331 0.060893
vn 0.267619 -0.945203 -0.187004
vn -0.198009 -0.963135 -0.182109
vn -0.776238 -0.603229 -0.183218
vn -0.312926 -0.936022 -0.161060
vn -0.777498 -0.592928 -0.209604
vn 0.437436 -0.864436 -0.247791
vn 0.862923 -0.287723 -0.415428
vn 0.981384 -0.004001 -0.192017
vn -0.656442 0.537143 0.529680
vn -0.584902 0.774112 0.242159
vn -0.287159 0.954584 0.079432
vn -0.287159 0.954584 0.079432
vn -0.414858 0.905999 0.084011
vn -0.279635 0.959115 0.043629
vn -0.287159 0.954584 0.079432
vn -0.584902 0.774112 0.242159
vn -0.414858 0.905999 0.084011
vn 0.536006 0.819415 -0.203117
vn 0.884244 0.465853 -0.033080
vn 0.818625 0.403315 -0.408889
vn 0.536006 0.819415 -0.203117
vn 0.453078 0.888867 0.068083
vn 0.884244 0.465853 -0.033080
vn -0.279635 0.959115 0.043629
vn -0.414858 0.905999 0.084011
vn -0.397094 0.916760 0.043208
vn 0.588260 0.807624 -0.041154
vn 0.391710 0.919389 -0.035861
vn 0.453078 0.888867 0.068083
vn 0.588260 0.807624 -0.041154
vn 0.453078 0.888867 0.068083
vn 0.536006 0.819415 -0.203117
vn -0.635699 0.770066 0.053705
vn -0.373370 0.893657 0.248943
vn -0.618027 0.775899 -0.126583
vn -0.871801 0.246076 0.423567
vn -0.900005 0.410154 -0.147527
vn 0.154886 0.934823 0.319557
vn 0.154886 0.934823 0.319557
vn 0.391710 0.919389 -0.035861
vn 0.588260 0.807624 -0.041154
vn -0.650980 -0.466240 -0.599036
vn -0.544023 -0.829578 -0.125858
vn -0.003737 -0.999986 0.003648
vn -0.650980 -0.466240 -0.599036
vn -0.003737 -0.999986 0.003648
vn -0.089219 -0.751833 -0.653289
vn -0.544023 -0.829578 -0.125858
vn -0.195214 -0.954474 0.225546
vn -0.003737 -0.999986 0.003648
vn -0.195214 -0.954474 0.225546
vn 0.539175 -0.800654 0.261233
vn 0.217022 -0.959831 0.177838
vn -0.195214 -0.954474 0.225546
vn 0.217022 -0.959831 0.177838
vn -0.003737 -0.999986 0.003648
vn -0.198009 -0.963135 -0.182109
vn -0.225977 -0.970971 -0.078419
vn -0.070571 -0.994490 0.077525
vn -0.198009 -0.963135 -0.182109
vn 0.228626 -0.899915 -0.371327
vn -0.225977 -0.970971 -0.078419
vn -0.303024 -0.909148 -0.285704
vn -0.234246 -0.966750 -0.102580
vn -0.369402 -0.891487 -0.262285
vn -0.234246 -0.966750 -0.102580
vn 0.064389 -0.977980 -0.198519
vn -0.369402 -0.891487 -0.262285
vn 0.064389 -0.977980 -0.198519
vn 0.437436 -0.864436 -0.247791
vn 0.310783 -0.947590 -0.074075
vn 0.437436 -0.864436 -0.247791
vn 0.766917 -0.630693 -0.118597
vn 0.310783 -0.947590 -0.074075
vn 0.437436 -0.864436 -0.247791
vn 0.981384 -0.004001 -0.192017
vn 0.766917 -0.630693 -0.118597
vn -0.986245 0.159712 0.042588
vn -0.714217 0.667124 -0.211755
vn -0.650952 0.745363 0.143859
vn 0.581407 -0.811331 0.060893
vn -0.198009 -0.963135 -0.182109
vn -0.070571 -0.994490 0.077525
vn -0.777498 -0.592928 -0.209604
vn -0.312926 -0.936022 -0.161060
vn -0.259638 -0.943933 -0.203907
vn -0.777498 -0.592928 -0.209604
vn -0.259638 -0.943933 -0.203907
vn -0.478281 -0.813805 -0.330103
vn -0.312926 -0.936022 -0.161060
vn -0.303024 -0.909148 -0.285704
vn -0.308803 -0.929635 -0.201045
vn -0.312926 -0.936022 -0.161060
vn -0.308803 -0.929635 -0.201045
vn -0.259638 -0.943933 -0.203907
vn -0.584902 0.774112 0.242159
vn -0.650952 0.745363 0.143859
vn -0.414858 0.905999 0.084011
vn 0.453078 0.888867 0.068083
vn 0.692424 0.689376 0.212861
vn 0.884244 0.465853 -0.033080
vn -0.414858 0.905999 0.084011
vn -0.319244 0.936346 0.146079
vn -0.397094 0.916760 0.043208
vn 0.391710 0.919389 -0.035861
vn 0.367483 0.914409 0.169744
vn 0.453078 0.888867 0.068083
vn -0.373370 0.893657 0.248943
vn 0.313934 0.755872 -0.574546
vn 0.969717 0.240985 0.039682
vn -0.900005 0.410154 -0.147527
vn 0.164499 0.969321 -0.182640
vn 0.154886 0.934823 0.319557
vn -0.900005 0.410154 -0.147527
vn -0.529495 0.375012 -0.760922
vn 0.164499 0.969321 -0.182640
vn 0.154886 0.934823 0.319557
vn 0.367483 0.914409 0.169744
vn 0.391710 0.919389 -0.035861
vn 0.154886 0.934823 0.319557
vn 0.164499 0.969321 -0.182640
vn 0.367483 0.914409 0.169744
vn -0.596839 -0.725877 -0.341886
vn -0.472947 -0.667576 0.575033
vn 0.168172 0.469140 -0.866964
vn -0.596839 -0.725877 -0.341886
vn -0.075678 -0.839110 -0.538672
vn -0.472947 -0.667576 0.575033
vn 0.228626 -0.899915 -0.371327
vn 0.198201 -0.977990 0.065214
vn -0.225977 -0.970971 -0.078419
vn 0.228626 -0.899915 -0.371327
vn 0.737696 -0.592453 -0.323733
vn 0.198201 -0.977990 0.065214
vn -0.596839 -0.725877 -0.341886
vn 0.168172 0.469140 -0.866964
vn -0.508853 0.032802 0.860228
vn -0.089219 -0.751833 -0.653289
vn -0.003737 -0.999986 0.003648
vn 0.897990 -0.257110 -0.357082
vn -0.003737 -0.999986 0.003648
vn 0.535696 -0.789866 0.298565
vn 0.897990 -0.257110 -0.357082
vn -0.003737 -0.999986 0.003648
vn 0.217022 -0.959831 0.177838
vn 0.535696 -0.789866 0.298565
vn -0.070571 -0.994490 0.077525
vn -0.225977 -0.970971 -0.078419
vn -0.472903 -0.862637 0.179502
vn -0.070571 -0.994490 0.077525
vn -0.472903 -0.862637 0.179502
vn -0.375666 -0.919077 0.119051
vn 0.766917 -0.630693 -0.118597
vn 0.791324 -0.450917 0.412892
vn 0.310783 -0.947590 -0.074075
vn -0.714217 0.667124 -0.211755
vn -0.645146 0.367828 0.669693
vn 0.047411 0.898500 0.436406
vn -0.714217 0.667124 -0.211755
vn -0.670226 0.171750 0.722010
vn -0.650952 0.745363 0.143859
vn -0.714217 0.667124 -0.211755
vn 0.047411 0.898500 0.436406
vn -0.670226 0.171750 0.722010
vn -0.070571 -0.994490 0.077525
vn -0.375666 -0.919077 0.119051
vn 0.217022 -0.959831 0.177838
vn -0.824668 -0.229662 -0.516892
vn -0.478281 -0.813805 -0.330103
vn -0.741204 -0.463762 -0.485326
vn -0.650952 0.745363 0.143859
vn -0.581483 0.715677 0.386889
vn -0.414858 0.905999 0.084011
vn -0.414858 0.905999 0.084011
vn -0.581483 0.715677 0.386889
vn -0.495808 0.841856 0.213199
vn 0.453078 0.888867 0.068083
vn 0.469727 0.833413 0.291167
vn 0.692424 0.689376 0.212861
vn -0.414858 0.905999 0.084011
vn -0.435841 0.850989 0.293019
vn -0.319244 0.936346 0.146079
vn -0.414858 0.905999 0.084011
vn -0.495808 0.841856 0.213199
vn -0.435841 0.850989 0.293019
vn 0.367483 0.914409 0.169744
vn 0.469727 0.833413 0.291167
vn 0.453078 0.888867 0.068083
vn -0.397094 0.916760 0.043208
vn -0.390965 0.870329 0.299456
vn -0.373370 0.893657 0.248943
vn -0.397094 0.916760 0.043208
vn -0.319244 0.936346 0.146079
vn -0.390965 0.870329 0.299456
vn -0.373370 0.893657 0.248943
vn -0.383161 0.897862 0.216868
vn 0.313934 0.755872 -0.574546
vn -0.373370 0.893657 0.248943
vn -0.390965 0.870329 0.299456
vn -0.383161 0.897862 0.216868
vn 0.164499 0.969321 -0.182640
vn 0.643957 0.756219 0.115982
vn 0.367483 0.914409 0.169744
vn -0.370194 0.752264 -0.545027
vn 0.643957 0.756219 0.115982
vn 0.164499 0.969321 -0.182640
vn 0.608873 -0.439656 -0.660285
vn 0.346952 -0.874776 0.338219
vn -0.485242 -0.873549 -0.038098
vn -0.472947 -0.667576 0.575033
vn -0.075678 -0.839110 -0.538672
vn -0.766728 -0.548644 0.333344
vn -0.472947 -0.667576 0.575033
vn -0.766728 -0.548644 0.333344
vn -0.645146 0.367828 0.669693
vn -0.472903 -0.862637 0.179502
vn -0.225977 -0.970971 -0.078419
vn -0.061076 -0.984339 0.165365
vn -0.225977 -0.970971 -0.078419
vn 0.198201 -0.977990 0.065214
vn -0.061076 -0.984339 0.165365
vn -0.369402 -0.891487 -0.262285
vn 0.002657 -0.998019 -0.062856
vn -0.295605 -0.943954 -0.146862
vn -0.369402 -0.891487 -0.262285
vn 0.064389 -0.977980 -0.198519
vn 0.002657 -0.998019 -0.062856
vn 0.064389 -0.977980 -0.198519
vn 0.310783 -0.947590 -0.074075
vn 0.401697 -0.911234 0.091060
vn 0.064389 -0.977980 -0.198519
vn 0.401697 -0.911234 0.091060
vn 0.002657 -0.998019 -0.062856
vn -0.227299 0.577608 0.784031
vn 0.342213 0.528385 0.776981
vn 0.168172 0.469140 -0.866964
vn 0.897990 -0.257110 -0.357082
vn -0.549947 0.825889 0.124363
vn -0.191310 0.932140 -0.307434
vn 0.897990 -0.257110 -0.357082
vn 0.810976 0.213696 -0.544658
vn 0.535696 -0.789866 0.298565
vn 0.897990 -0.257110 -0.357082
vn -0.191310 0.932140 -0.307434
vn 0.810976 0.213696 -0.544658
vn 0.198201 -0.977990 0.065214
vn 0.737696 -0.592453 -0.323733
vn 0.706059 -0.661619 -0.252472
vn 0.198201 -0.977990 0.065214
vn 0.706059 -0.661619 -0.252472
vn 0.382259 -0.923762 -0.023272
vn -0.368400 -0.829513 -0.419749
vn -0.259638 -0.943933 -0.203907
vn -0.295605 -0.943954 -0.146862
vn -0.259638 -0.943933 -0.203907
vn -0.308803 -0.929635 -0.201045
vn -0.295605 -0.943954 -0.146862
vn 0.310783 -0.947590 -0.074075
vn 0.691764 -0.642849 0.328950
vn 0.401697 -0.911234 0.091060
vn 0.310783 -0.947590 -0.074075
vn 0.791324 -0.450917 0.412892
vn 0.691764 -0.642849 0.328950
vn -0.645146 0.367828 0.669693
vn -0.549947 0.825889 0.124363
vn 0.047411 0.898500 0.436406
vn -0.670226 0.171750 0.722010
vn -0.265216 -0.804577 0.531335
vn -0.863803 -0.370340 0.341603
vn -0.670226 0.171750 0.722010
vn -0.863803 -0.370340 0.341603
vn -0.191310 0.932140 -0.307434
vn 0.217022 -0.959831 0.177838
vn -0.375666 -0.919077 0.119051
vn -0.257451 -0.961128 0.099763
vn 0.217022 -0.959831 0.177838
vn -0.257451 -0.961128 0.099763
vn -0.265216 -0.804577 0.531335
vn -0.741204 -0.463762 -0.485326
vn -0.478281 -0.813805 -0.330103
vn -0.368400 -0.829513 -0.419749
vn 0.469727 0.833413 0.291167
vn 0.358624 0.902031 0.240269
vn 0.536006 0.766747 0.353265
vn 0.469727 0.833413 0.291167
vn 0.648085 0.585418 0.487106
vn 0.692424 0.689376 0.212861
vn 0.469727 0.833413 0.291167
vn 0.536006 0.766747 0.353265
vn 0.648085 0.585418 0.487106
vn -0.390965 0.870329 0.299456
vn -0.435841 0.850989 0.293019
vn -0.333301 0.881791 0.333699
vn 0.367483 0.914409 0.169744
vn 0.358624 0.902031 0.240269
vn 0.469727 0.833413 0.291167
vn -0.390965 0.870329 0.299456
vn -0.510938 0.747259 0.424908
vn -0.383161 0.897862 0.216868
vn 0.643957 0.756219 0.115982
vn 0.594985 0.742418 0.307909
vn 0.367483 0.914409 0.169744
vn -0.264751 0.943727 -0.198208
vn 0.195027 0.974003 -0.115247
vn 0.492108 0.540329 -0.682550
vn -0.264751 0.943727 -0.198208
vn -0.383161 0.897862 0.216868
vn 0.195027 0.974003 -0.115247
vn -0.370194 0.752264 -0.545027
vn -0.544518 0.835623 -0.072341
vn 0.392196 0.867760 0.305244
vn -0.766728 -0.548644 0.333344
vn -0.368902 -0.807815 0.459723
vn -0.453102 -0.665518 0.593115
vn -0.295605 -0.943954 -0.146862
vn 0.002657 -0.998019 -0.062856
vn -0.057420 -0.992760 0.105501
vn -0.472903 -0.862637 0.179502
vn -0.061076 -0.984339 0.165365
vn -0.257451 -0.961128 0.099763
vn 0.706059 -0.661619 -0.252472
vn 0.599048 -0.245715 -0.762080
vn 0.467902 -0.767633 -0.437958
vn 0.706059 -0.661619 -0.252472
vn 0.467902 -0.767633 -0.437958
vn 0.382259 -0.923762 -0.023272
vn -0.368400 -0.829513 -0.419749
vn -0.295605 -0.943954 -0.146862
vn -0.500152 -0.675033 -0.542383
vn -0.549947 0.825889 0.124363
vn -0.410682 0.906413 0.098777
vn -0.191310 0.932140 -0.307434
vn -0.191310 0.932140 -0.307434
vn 0.783094 -0.364933 0.503574
vn -0.863803 -0.370340 0.341603
vn -0.191310 0.932140 -0.307434
vn -0.410682 0.906413 0.098777
vn 0.783094 -0.364933 0.503574
vn -0.863803 -0.370340 0.341603
vn -0.265216 -0.804577 0.531335
vn 0.783094 -0.364933 0.503574
vn -0.265216 -0.804577 0.531335
vn -0.257451 -0.961128 0.099763
vn -0.367339 -0.925764 0.089574
vn -0.265216 -0.804577 0.531335
vn -0.367339 -0.925764 0.089574
vn 0.783094 -0.364933 0.503574
vn -0.581483 0.715677 0.386889
vn -0.514192 0.689202 0.510498
vn -0.495808 0.841856 0.213199
vn -0.581483 0.715677 0.386889
vn -0.828072 0.449071 0.335606
vn -0.514192 0.689202 0.510498
vn -0.495808 0.841856 0.213199
vn -0.514192 0.689202 0.510498
vn -0.419429 0.861147 0.287239
vn -0.435841 0.850989 0.293019
vn -0.419429 0.861147 0.287239
vn -0.333301 0.881791 0.333699
vn -0.390965 0.870329 0.299456
vn -0.506031 0.747099 0.431016
vn -0.510938 0.747259 0.424908
vn -0.510938 0.747259 0.424908
vn -0.446597 0.794444 0.411594
vn 0.195027 0.974003 -0.115247
vn -0.510938 0.747259 0.424908
vn -0.506031 0.747099 0.431016
vn -0.446597 0.794444 0.411594
vn 0.195027 0.974003 -0.115247
vn 0.001676 0.941671 -0.336530
vn 0.622614 0.468943 -0.626453
vn 0.195027 0.974003 -0.115247
vn -0.446597 0.794444 0.411594
vn 0.001676 0.941671 -0.336530
vn -0.544518 0.835623 -0.072341
vn -0.434226 0.867465 -0.242800
vn 0.113537 0.926560 0.358602
vn -0.544518 0.835623 -0.072341
vn 0.417951 0.787529 0.452896
vn 0.392196 0.867760 0.305244
vn -0.544518 0.835623 -0.072341
vn 0.113537 0.926560 0.358602
vn 0.417951 0.787529 0.452896
vn -0.368902 -0.807815 0.459723
vn 0.346952 -0.874776 0.338219
vn 0.437315 -0.610932 0.659937
vn -0.368902 -0.807815 0.459723
vn 0.437315 -0.610932 0.659937
vn -0.453102 -0.665518 0.593115
vn 0.002657 -0.998019 -0.062856
vn 0.353107 -0.879820 0.318169
vn -0.057420 -0.992760 0.105501
vn 0.002657 -0.998019 -0.062856
vn 0.401697 -0.911234 0.091060
vn 0.353107 -0.879820 0.318169
vn -0.257451 -0.961128 0.099763
vn -0.061076 -0.984339 0.165365
vn -0.183856 -0.982863 0.013292
vn -0.257451 -0.961128 0.099763
vn -0.183856 -0.982863 0.013292
vn -0.367339 -0.925764 0.089574
vn -0.061076 -0.984339 0.165365
vn 0.382259 -0.923762 -0.023272
vn 0.170566 -0.981988 -0.081277
vn -0.061076 -0.984339 0.165365
vn 0.170566 -0.981988 -0.081277
vn -0.183856 -0.982863 0.013292
vn 0.382259 -0.923762 -0.023272
vn 0.467902 -0.767633 -0.437958
vn 0.170566 -0.981988 -0.081277
vn -0.500152 -0.675033 -0.542383
vn -0.295605 -0.943954 -0.146862
vn -0.288429 -0.954090 -0.080750
vn 0.401697 -0.911234 0.091060
vn 0.691764 -0.642849 0.328950
vn 0.839039 -0.159587 0.520140
vn 0.401697 -0.911234 0.091060
vn 0.839039 -0.159587 0.520140
vn 0.657979 -0.488268 0.573288
vn -0.410682 0.906413 0.098777
vn -0.746729 0.157593 0.646189
vn 0.119637 0.210556 0.970234
vn -0.410682 0.906413 0.098777
vn -0.125124 0.443766 0.887365
vn 0.783094 -0.364933 0.503574
vn -0.410682 0.906413 0.098777
vn 0.119637 0.210556 0.970234
vn -0.125124 0.443766 0.887365
vn 0.783094 -0.364933 0.503574
vn -0.542647 -0.608997 0.578496
vn -0.125124 0.443766 0.887365
vn 0.783094 -0.364933 0.503574
vn -0.367339 -0.925764 0.089574
vn -0.542647 -0.608997 0.578496
vn 0.599048 -0.245715 -0.762080
vn 0.412855 -0.423414 -0.806394
vn 0.467902 -0.767633 -0.437958
vn -0.494870 -0.518680 -0.697191
vn -0.500152 -0.675033 -0.542383
vn -0.288429 -0.954090 -0.080750
vn 0.648085 0.585418 0.487106
vn 0.839039 -0.159587 0.520140
vn 0.756516 0.096725 0.646783
vn -0.514192 0.689202 0.510498
vn -0.778941 0.406924 0.477140
vn -0.419429 0.861147 0.287239
vn -0.419429 0.861147 0.287239
vn -0.394794 0.818805 0.416768
vn -0.333301 0.881791 0.333699
vn 0.594985 0.742418 0.307909
vn 0.353654 0.845002 0.401125
vn 0.358624 0.902031 0.240269
vn -0.506031 0.747099 0.431016
vn -0.394794 0.818805 0.416768
vn -0.446597 0.794444 0.411594
vn -0.446597 0.794444 0.411594
vn -0.534432 0.742289 0.404215
vn 0.001676 0.941671 -0.336530
vn -0.446597 0.794444 0.411594
vn -0.394794 0.818805 0.416768
vn -0.534432 0.742289 0.404215
vn -0.567922 0.589419 -0.574500
vn -0.465025 0.742278 -0.482467
vn -0.282158 0.955673 0.084119
vn 0.417951 0.787529 0.452896
vn 0.353654 0.845002 0.401125
vn 0.594985 0.742418 0.307909
vn 0.417951 0.787529 0.452896
vn 0.113537 0.926560 0.358602
vn 0.353654 0.845002 0.401125
vn 0.001676 0.941671 -0.336530
vn -0.066407 0.971559 0.227295
vn 0.378269 0.682395 -0.625499
vn 0.001676 0.941671 -0.336530
vn -0.453840 0.762569 0.460997
vn -0.066407 0.971559 0.227295
vn 0.378269 0.682395 -0.625499
vn -0.066407 0.971559 0.227295
vn 0.485864 0.701614 -0.521224
vn -0.282158 0.955673 0.084119
vn 0.113537 0.926560 0.358602
vn -0.434226 0.867465 -0.242800
vn -0.295605 -0.943954 -0.146862
vn -0.057420 -0.992760 0.105501
vn -0.091140 -0.899408 0.427503
vn -0.295605 -0.943954 -0.146862
vn -0.091140 -0.899408 0.427503
vn -0.188090 -0.946718 0.261435
vn -0.057420 -0.992760 0.105501
vn 0.189857 -0.881969 0.431375
vn -0.091140 -0.899408 0.427503
vn -0.057420 -0.992760 0.105501
vn 0.353107 -0.879820 0.318169
vn 0.189857 -0.881969 0.431375
vn -0.183856 -0.982863 0.013292
vn -0.170423 -0.982843 0.070543
vn -0.367339 -0.925764 0.089574
vn -0.183856 -0.982863 0.013292
vn 0.170566 -0.981988 -0.081277
vn 0.100452 -0.979508 -0.174567
vn -0.183856 -0.982863 0.013292
vn 0.100452 -0.979508 -0.174567
vn -0.170423 -0.982843 0.070543
vn 0.170566 -0.981988 -0.081277
vn 0.467902 -0.767633 -0.437958
vn 0.100452 -0.979508 -0.174567
vn 0.467902 -0.767633 -0.437958
vn 0.243261 -0.876626 -0.415151
vn 0.100452 -0.979508 -0.174567
vn -0.288429 -0.954090 -0.080750
vn 0.005202 -0.999674 0.025008
vn -0.027045 -0.990675 -0.133536
vn -0.288429 -0.954090 -0.080750
vn -0.295605 -0.943954 -0.146862
vn -0.188090 -0.946718 0.261435
vn -0.288429 -0.954090 -0.080750
vn -0.188090 -0.946718 0.261435
vn 0.005202 -0.999674 0.025008
vn 0.353107 -0.879820 0.318169
vn 0.657979 -0.488268 0.573288
vn 0.747108 0.040810 0.663449
vn 0.353107 -0.879820 0.318169
vn 0.747108 0.040810 0.663449
vn 0.615178 -0.511151 0.600234
vn -0.542647 -0.608997 0.578496
vn -0.367339 -0.925764 0.089574
vn -0.797065 -0.464292 0.386160
vn -0.542647 -0.608997 0.578496
vn -0.797065 -0.464292 0.386160
vn -0.778941 0.406924 0.477140
vn 0.467902 -0.767633 -0.437958
vn 0.412855 -0.423414 -0.806394
vn 0.243261 -0.876626 -0.415151
vn 0.412855 -0.423414 -0.806394
vn 0.177414 -0.456828 -0.871684
vn 0.243261 -0.876626 -0.415151
vn 0.177414 -0.456828 -0.871684
vn -0.021477 -0.314607 -0.948979
vn -0.040642 -0.795580 -0.604484
vn 0.177414 -0.456828 -0.871684
vn -0.040642 -0.795580 -0.604484
vn 0.243261 -0.876626 -0.415151
vn -0.040381 -0.659724 -0.750422
vn -0.151487 -0.475617 -0.866510
vn 0.076687 -0.926486 -0.368433
vn -0.151487 -0.475617 -0.866510
vn -0.494870 -0.518680 -0.697191
vn -0.093219 -0.969936 -0.224799
vn -0.151487 -0.475617 -0.866510
vn -0.093219 -0.969936 -0.224799
vn 0.076687 -0.926486 -0.368433
vn -0.494870 -0.518680 -0.697191
vn -0.288429 -0.954090 -0.080750
vn -0.093219 -0.969936 -0.224799
vn -0.288429 -0.954090 -0.080750
vn -0.027045 -0.990675 -0.133536
vn -0.093219 -0.969936 -0.224799
vn 0.536006 0.766747 0.353265
vn 0.747108 0.040810 0.663449
vn 0.648085 0.585418 0.487106
vn 0.536006 0.766747 0.353265
vn 0.690614 0.320702 0.648230
vn 0.747108 0.040810 0.663449
vn -0.778941 0.406924 0.477140
vn -0.369051 0.879797 0.299597
vn -0.419429 0.861147 0.287239
vn 0.358624 0.902031 0.240269
vn 0.398873 0.864667 0.305372
vn 0.536006 0.766747 0.353265
vn -0.419429 0.861147 0.287239
vn -0.369051 0.879797 0.299597
vn -0.394794 0.818805 0.416768
vn -0.394794 0.818805 0.416768
vn -0.369051 0.879797 0.299597
vn -0.136338 0.958296 0.251159
vn -0.394794 0.818805 0.416768
vn -0.136338 0.958296 0.251159
vn -0.383211 0.799073 0.463284
vn 0.353654 0.845002 0.401125
vn 0.398873 0.864667 0.305372
vn 0.358624 0.902031 0.240269
vn 0.339770 0.221489 -0.914056
vn 0.280780 0.890234 -0.358672
vn 0.278771 0.743037 -0.608426
vn -0.146704 0.437580 -0.887131
vn -0.055332 0.998008 0.030312
vn -0.150177 0.483229 -0.862517
vn -0.146704 0.437580 -0.887131
vn -0.130063 0.958288 -0.254494
vn -0.055332 0.998008 0.030312
vn -0.150177 0.483229 -0.862517
vn -0.055332 0.998008 0.030312
vn 0.044371 0.935510 0.350503
vn -0.150177 0.483229 -0.862517
vn 0.044371 0.935510 0.350503
vn -0.465025 0.742278 -0.482467
vn -0.465025 0.742278 -0.482467
vn 0.044371 0.935510 0.350503
vn -0.282158 0.955673 0.084119
vn -0.282158 0.955673 0.084119
vn 0.044371 0.935510 0.350503
vn 0.113537 0.926560 0.358602
vn 0.113537 0.926560 0.358602
vn 0.044371 0.935510 0.350503
vn 0.353654 0.845002 0.401125
vn 0.485864 0.701614 -0.521224
vn -0.066407 0.971559 0.227295
vn 0.280780 0.890234 -0.358672
vn -0.367339 -0.925764 0.089574
vn -0.170423 -0.982843 0.070543
vn -0.720252 -0.428410 0.545622
vn 0.100452 -0.979508 -0.174567
vn 0.243261 -0.876626 -0.415151
vn 0.086707 -0.974233 -0.208209
vn 0.243261 -0.876626 -0.415151
vn 0.139612 -0.848368 -0.510666
vn 0.086707 -0.974233 -0.208209
vn -0.040381 -0.659724 -0.750422
vn -0.143236 -0.962402 -0.230794
vn -0.062763 -0.875226 -0.479625
vn -0.040381 -0.659724 -0.750422
vn 0.158033 -0.928691 -0.335497
vn -0.143236 -0.962402 -0.230794
vn -0.040381 -0.659724 -0.750422
vn 0.076687 -0.926486 -0.368433
vn 0.145133 -0.961584 -0.233009
vn -0.040381 -0.659724 -0.750422
vn 0.145133 -0.961584 -0.233009
vn 0.158033 -0.928691 -0.335497
vn 0.005202 -0.999674 0.025008
vn -0.188090 -0.946718 0.261435
vn 0.261703 -0.803101 0.535294
vn -0.188090 -0.946718 0.261435
vn -0.091140 -0.899408 0.427503
vn 0.261703 -0.803101 0.535294
vn -0.091140 -0.899408 0.427503
vn 0.189857 -0.881969 0.431375
vn 0.473940 -0.436797 0.764584
vn -0.091140 -0.899408 0.427503
vn 0.473940 -0.436797 0.764584
vn 0.261703 -0.803101 0.535294
vn 0.189857 -0.881969 0.431375
vn 0.615178 -0.511151 0.600234
vn 0.473940 -0.436797 0.764584
vn 0.243261 -0.876626 -0.415151
vn -0.040642 -0.795580 -0.604484
vn -0.062763 -0.875226 -0.479625
vn 0.243261 -0.876626 -0.415151
vn -0.062763 -0.875226 -0.479625
vn 0.139612 -0.848368 -0.510666
vn 0.076687 -0.926486 -0.368433
vn -0.093219 -0.969936 -0.224799
vn 0.145133 -0.961584 -0.233009
vn -0.093219 -0.969936 -0.224799
vn -0.027045 -0.990675 -0.133536
vn 0.145133 -0.961584 -0.233009
vn 0.690614 0.320702 0.648230
vn 0.649200 -0.095555 0.754592
vn 0.473940 -0.436797 0.764584
vn -0.778941 0.406924 0.477140
vn -0.763066 0.523000 0.379740
vn -0.369051 0.879797 0.299597
vn 0.398873 0.864667 0.305372
vn 0.691762 0.490912 0.529594
vn 0.536006 0.766747 0.353265
vn -0.383211 0.799073 0.463284
vn -0.136338 0.958296 0.251159
vn -0.109207 0.944167 0.310841
vn -0.383211 0.799073 0.463284
vn -0.109207 0.944167 0.310841
vn -0.180004 0.794335 0.580199
vn 0.353654 0.845002 0.401125
vn 0.278973 0.858376 0.430541
vn 0.398873 0.864667 0.305372
vn -0.093755 0.825887 0.555986
vn 0.055048 0.905237 0.421327
vn 0.280780 0.890234 -0.358672
vn 0.280780 0.890234 -0.358672
vn 0.055048 0.905237 0.421327
vn 0.278771 0.743037 -0.608426
vn 0.278771 0.743037 -0.608426
vn 0.055048 0.905237 0.421327
vn -0.130063 0.958288 -0.254494
vn -0.130063 0.958288 -0.254494
vn 0.020230 0.886924 0.461473
vn -0.055332 0.998008 0.030312
vn -0.130063 0.958288 -0.254494
vn 0.055048 0.905237 0.421327
vn 0.020230 0.886924 0.461473
vn -0.055332 0.998008 0.030312
vn 0.156629 0.862801 0.480668
vn 0.044371 0.935510 0.350503
vn -0.055332 0.998008 0.030312
vn 0.020230 0.886924 0.461473
vn 0.156629 0.862801 0.480668
vn 0.086707 -0.974233 -0.208209
vn 0.140251 -0.921937 -0.361057
vn -0.031829 -0.964066 0.263749
vn 0.140251 -0.921937 -0.361057
vn 0.056444 -0.992543 0.108039
vn -0.031829 -0.964066 0.263749
vn 0.158033 -0.928691 -0.335497
vn 0.169090 -0.973519 -0.153852
vn -0.143236 -0.962402 -0.230794
vn -0.170423 -0.982843 0.070543
vn -0.352698 -0.704818 0.615496
vn -0.720252 -0.428410 0.545622
vn -0.170423 -0.982843 0.070543
vn -0.360084 -0.799084 0.481460
vn -0.352698 -0.704818 0.615496
vn -0.170423 -0.982843 0.070543
vn 0.100452 -0.979508 -0.174567
vn -0.065894 -0.971051 0.229602
vn 0.100452 -0.979508 -0.174567
vn 0.086707 -0.974233 -0.208209
vn -0.065894 -0.971051 0.229602
vn 0.140251 -0.921937 -0.361057
vn -0.062763 -0.875226 -0.479625
vn 0.070045 -0.953341 -0.293659
vn 0.158033 -0.928691 -0.335497
vn 0.145133 -0.961584 -0.233009
vn 0.169090 -0.973519 -0.153852
vn 0.145133 -0.961584 -0.233009
vn 0.134499 -0.966120 -0.220279
vn 0.169090 -0.973519 -0.153852
vn 0.134499 -0.966120 -0.220279
vn -0.027045 -0.990675 -0.133536
vn 0.005202 -0.999674 0.025008
vn 0.261703 -0.803101 0.535294
vn 0.558329 -0.825934 0.078114
vn 0.005202 -0.999674 0.025008
vn -0.914617 0.057417 0.400224
vn -0.720252 -0.428410 0.545622
vn -0.640182 0.282364 0.714449
vn 0.820018 -0.404425 0.404982
vn 0.649200 -0.095555 0.754592
vn 0.691762 0.490912 0.529594
vn -0.763066 0.523000 0.379740
vn -0.614328 0.436741 0.657159
vn -0.369051 0.879797 0.299597
vn 0.398873 0.864667 0.305372
vn 0.278973 0.858376 0.430541
vn 0.691762 0.490912 0.529594
vn -0.136338 0.958296 0.251159
vn -0.133963 0.941848 0.308183
vn -0.109207 0.944167 0.310841
vn 0.055048 0.905237 0.421327
vn -0.180004 0.794335 0.580199
vn -0.021308 0.865727 0.500062
vn -0.021308 0.865727 0.500062
vn 0.020230 0.886924 0.461473
vn 0.055048 0.905237 0.421327
vn 0.156629 0.862801 0.480668
vn 0.020230 0.886924 0.461473
vn 0.116719 0.892767 0.435136
vn 0.156629 0.862801 0.480668
vn 0.116719 0.892767 0.435136
vn 0.210176 0.897236 0.388322
vn 0.156629 0.862801 0.480668
vn 0.278973 0.858376 0.430541
vn 0.353654 0.845002 0.401125
vn 0.156629 0.862801 0.480668
vn 0.210176 0.897236 0.388322
vn 0.278973 0.858376 0.430541
vn -0.143236 -0.962402 -0.230794
vn 0.169090 -0.973519 -0.153852
vn 0.009935 -0.994100 0.108013
vn -0.143236 -0.962402 -0.230794
vn 0.009935 -0.994100 0.108013
vn -0.040350 -0.947150 0.318244
vn -0.170423 -0.982843 0.070543
vn -0.065894 -0.971051 0.229602
vn -0.360084 -0.799084 0.481460
vn 0.086707 -0.974233 -0.208209
vn -0.031829 -0.964066 0.263749
vn -0.065894 -0.971051 0.229602
vn 0.070045 -0.953341 -0.293659
vn -0.040350 -0.947150 0.318244
vn 0.056444 -0.992543 0.108039
vn 0.169090 -0.973519 -0.153852
vn 0.134499 -0.966120 -0.220279
vn 0.009935 -0.994100 0.108013
vn 0.005202 -0.999674 0.025008
vn 0.172781 -0.981418 -0.083457
vn 0.134499 -0.966120 -0.220279
vn -0.640182 0.282364 0.714449
vn -0.562815 -0.036899 0.825759
vn -0.614328 0.436741 0.657159
vn -0.369051 0.879797 0.299597
vn -0.461048 0.599387 0.654346
vn -0.133963 0.941848 0.308183
vn -0.369051 0.879797 0.299597
vn -0.614328 0.436741 0.657159
vn -0.461048 0.599387 0.654346
vn -0.109207 0.944167 0.310841
vn -0.133963 0.941848 0.308183
vn -0.034934 0.880088 0.473524
vn 0.210176 0.897236 0.388322
vn 0.277149 0.886821 0.369780
vn 0.278973 0.858376 0.430541
vn 0.278973 0.858376 0.430541
vn 0.785510 0.571658 0.237027
vn 0.691762 0.490912 0.529594
vn 0.278973 0.858376 0.430541
vn 0.277149 0.886821 0.369780
vn 0.785510 0.571658 0.237027
vn -0.109207 0.944167 0.310841
vn -0.034934 0.880088 0.473524
vn -0.180004 0.794335 0.580199
vn -0.180004 0.794335 0.580199
vn -0.034934 0.880088 0.473524
vn -0.041393 0.792127 0.608951
vn -0.180004 0.794335 0.580199
vn -0.041393 0.792127 0.608951
vn -0.021308 0.865727 0.500062
vn -0.021308 0.865727 0.500062
vn -0.022412 0.816178 0.577366
vn 0.020230 0.886924 0.461473
vn -0.021308 0.865727 0.500062
vn -0.041393 0.792127 0.608951
vn -0.022412 0.816178 0.577366
vn 0.020230 0.886924 0.461473
vn -0.022412 0.816178 0.577366
vn 0.116719 0.892767 0.435136
vn 0.009935 -0.994100 0.108013
vn 0.134499 -0.966120 -0.220279
vn -0.140830 -0.976159 0.165170
vn 0.009935 -0.994100 0.108013
vn -0.140830 -0.976159 0.165170
vn -0.190562 -0.917591 0.348875
vn 0.134499 -0.966120 -0.220279
vn 0.089221 -0.990830 -0.101464
vn -0.140830 -0.976159 0.165170
vn -0.360084 -0.799084 0.481460
vn -0.559213 -0.312677 0.767798
vn -0.656597 -0.009105 0.754187
vn -0.360084 -0.799084 0.481460
vn -0.065894 -0.971051 0.229602
vn -0.340587 -0.839939 0.422496
vn -0.360084 -0.799084 0.481460
vn -0.340587 -0.839939 0.422496
vn -0.559213 -0.312677 0.767798
vn -0.065894 -0.971051 0.229602
vn -0.031829 -0.964066 0.263749
vn 0.127040 -0.869047 0.478140
vn -0.031829 -0.964066 0.263749
vn 0.056444 -0.992543 0.108039
vn -0.063794 -0.781398 0.620763
vn -0.031829 -0.964066 0.263749
vn -0.063794 -0.781398 0.620763
vn 0.127040 -0.869047 0.478140
vn 0.056444 -0.992543 0.108039
vn -0.040350 -0.947150 0.318244
vn -0.063794 -0.781398 0.620763
vn -0.102932 -0.872803 0.477096
vn 0.009935 -0.994100 0.108013
vn -0.190562 -0.917591 0.348875
vn 0.134499 -0.966120 -0.220279
vn 0.172781 -0.981418 -0.083457
vn 0.089221 -0.990830 -0.101464
vn 0.005202 -0.999674 0.025008
vn 0.558329 -0.825934 0.078114
vn 0.172781 -0.981418 -0.083457
vn 0.558329 -0.825934 0.078114
vn 0.909629 -0.362495 -0.202908
vn 0.172781 -0.981418 -0.083457
vn 0.909629 -0.362495 -0.202908
vn 0.829509 -0.131435 0.542807
vn 0.172781 -0.981418 -0.083457
vn 0.277149 0.886821 0.369780
vn 0.829509 -0.131435 0.542807
vn 0.785510 0.571658 0.237027
vn 0.785510 0.571658 0.237027
vn 0.829509 -0.131435 0.542807
vn 0.909629 -0.362495 -0.202908
vn -0.133963 0.941848 0.308183
vn -0.461048 0.599387 0.654346
vn 0.023885 0.574430 0.818205
vn -0.133963 0.941848 0.308183
vn 0.199815 0.714560 0.670432
vn -0.034934 0.880088 0.473524
vn -0.133963 0.941848 0.308183
vn 0.023885 0.574430 0.818205
vn 0.199815 0.714560 0.670432
vn -0.041393 0.792127 0.608951
vn -0.034934 0.880088 0.473524
vn -0.022412 0.816178 0.577366
vn 0.210176 0.897236 0.388322
vn 0.116719 0.892767 0.435136
vn 0.152568 0.889455 0.430805
vn 0.210176 0.897236 0.388322
vn 0.152568 0.889455 0.430805
vn 0.277149 0.886821 0.369780
vn -0.140830 -0.976159 0.165170
vn 0.089221 -0.990830 -0.101464
vn -0.134718 -0.913129 0.384768
vn 0.089221 -0.990830 -0.101464
vn 0.219973 -0.924734 0.310609
vn -0.134718 -0.913129 0.384768
vn -0.340587 -0.839939 0.422496
vn -0.065894 -0.971051 0.229602
vn 0.201766 -0.886167 0.417131
vn -0.065894 -0.971051 0.229602
vn 0.127040 -0.869047 0.478140
vn 0.201766 -0.886167 0.417131
vn -0.102932 -0.872803 0.477096
vn -0.190562 -0.917591 0.348875
vn -0.375280 -0.791770 0.481940
vn -0.102932 -0.872803 0.477096
vn -0.375280 -0.791770 0.481940
vn -0.171679 -0.337846 0.925411
vn -0.190562 -0.917591 0.348875
vn -0.140830 -0.976159 0.165170
vn -0.375280 -0.791770 0.481940
vn 0.089221 -0.990830 -0.101464
vn 0.172781 -0.981418 -0.083457
vn 0.219973 -0.924734 0.310609
vn 0.172781 -0.981418 -0.083457
vn 0.278481 -0.924566 0.260050
vn 0.219973 -0.924734 0.310609
vn 0.172781 -0.981418 -0.083457
vn 0.829509 -0.131435 0.542807
vn 0.278481 -0.924566 0.260050
vn 0.127040 -0.869047 0.478140
vn 0.104552 -0.478019 0.872105
vn 0.422154 -0.331067 0.843908
vn 0.127040 -0.869047 0.478140
vn -0.063794 -0.781398 0.620763
vn 0.104552 -0.478019 0.872105
vn -0.063794 -0.781398 0.620763
vn -0.171679 -0.337846 0.925411
vn 0.104552 -0.478019 0.872105
vn 0.152568 0.889455 0.430805
vn 0.553097 0.078024 0.829455
vn 0.277149 0.886821 0.369780
vn 0.277149 0.886821 0.369780
vn 0.553097 0.078024 0.829455
vn 0.829509 -0.131435 0.542807
vn 0.199815 0.714560 0.670432
vn 0.113270 0.404316 0.907578
vn -0.034934 0.880088 0.473524
vn -0.034934 0.880088 0.473524
vn -0.069536 0.754227 0.652921
vn -0.022412 0.816178 0.577366
vn -0.034934 0.880088 0.473524
vn 0.113270 0.404316 0.907578
vn -0.069536 0.754227 0.652921
vn -0.022412 0.816178 0.577366
vn -0.069536 0.754227 0.652921
vn 0.116719 0.892767 0.435136
vn 0.116719 0.892767 0.435136
vn -0.069536 0.754227 0.652921
vn 0.152568 0.889455 0.430805
vn -0.340587 -0.839939 0.422496
vn 0.201766 -0.886167 0.417131
vn -0.351682 -0.467775 0.810867
vn -0.140830 -0.976159 0.165170
vn -0.134718 -0.913129 0.384768
vn -0.375280 -0.791770 0.481940
vn 0.219973 -0.924734 0.310609
vn 0.278481 -0.924566 0.260050
vn 0.553097 0.078024 0.829455
vn -0.512644 0.304877 0.802649
vn -0.351682 -0.467775 0.810867
vn 0.191828 -0.092627 0.977048
vn -0.503359 0.473523 0.722776
vn -0.655372 0.475309 0.587000
vn -0.047188 0.877255 0.477700
vn 0.152568 0.889455 0.430805
vn -0.047188 0.877255 0.477700
vn 0.281316 0.217912 0.934546
vn 0.152568 0.889455 0.430805
vn 0.281316 0.217912 0.934546
vn 0.553097 0.078024 0.829455
vn -0.375280 -0.791770 0.481940
vn 0.029531 -0.291341 0.956163
vn -0.655372 0.475309 0.587000
vn -0.375280 -0.791770 0.481940
vn -0.134718 -0.913129 0.384768
vn -0.014646 -0.782339 0.622680
vn -0.375280 -0.791770 0.481940
vn -0.014646 -0.782339 0.622680
vn 0.029531 -0.291341 0.956163
vn -0.014646 -0.782339 0.622680
vn 0.219973 -0.924734 0.310609
vn 0.281316 0.217912 0.934546
vn 0.219973 -0.924734 0.310609
vn 0.553097 0.078024 0.829455
vn 0.281316 0.217912 0.934546
vn -0.655372 0.475309 0.587000
vn 0.029531 -0.291341 0.956163
vn -0.047188 0.877255 0.477700
vn -0.047188 0.877255 0.477700
vn 0.029531 -0.291341 0.956163
vn 0.281316 0.217912 0.934546
vn -0.198645 -0.897728 -0.393223
vn 0.100488 -0.251340 -0.962668
vn 0.456427 -0.800684 -0.388045
vn -0.198645 -0.897728 -0.393223
vn -0.371452 -0.434269 -0.820630
vn 0.100488 -0.251340 -0.962668
vn 0.456427 -0.800684 -0.388045
vn 0.100488 -0.251340 -0.962668
vn 0.646056 0.076324 -0.759465
vn -0.371452 -0.434269 -0.820630
vn -0.427677 0.022865 -0.903643
vn 0.001383 0.662770 -0.748822
vn -0.371452 -0.434269 -0.820630
vn 0.001383 0.662770 -0.748822
vn 0.100488 -0.251340 -0.962668
vn 0.100488 -0.251340 -0.962668
vn 0.001383 0.662770 -0.748822
vn 0.646056 0.076324 -0.759465
vn -0.080327 -0.764812 -0.639226
vn -0.156065 -0.090445 -0.983597
vn -0.219029 0.513055 -0.829940
vn -0.080327 -0.764812 -0.639226
vn -0.219029 0.513055 -0.829940
vn -0.047514 -0.787359 -0.614661
vn -0.047514 -0.787359 -0.614661
vn -0.219029 0.513055 -0.829940
vn 0.086484 0.240186 -0.966867
vn 0.259487 -0.710709 -0.653880
vn 0.338866 0.604868 -0.720627
vn 0.753583 -0.098103 -0.649991
vn 0.135157 -0.974407 0.179622
vn 0.456427 -0.800684 -0.388045
vn 0.683863 -0.689007 -0.240004
vn -0.426847 -0.893633 -0.138643
vn -0.156065 -0.090445 -0.983597
vn 0.350697 -0.765747 -0.539113
vn -0.426847 -0.893633 -0.138643
vn -0.526427 -0.598336 -0.604043
vn -0.156065 -0.090445 -0.983597
vn 0.350697 -0.765747 -0.539113
vn -0.156065 -0.090445 -0.983597
vn 0.554896 -0.778913 -0.292207
vn -0.545792 -0.214090 -0.810109
vn -0.407800 0.437996 -0.801161
vn -0.407464 -0.757442 -0.510152
vn -0.545792 -0.214090 -0.810109
vn -0.449583 0.469971 -0.759607
vn -0.407800 0.437996 -0.801161
vn 0.683863 -0.689007 -0.240004
vn 0.181843 0.340926 -0.922335
vn 0.111562 -0.876890 -0.467566
vn 0.111562 -0.876890 -0.467566
vn 0.181843 0.340926 -0.922335
vn -0.296293 -0.837350 -0.459407
vn -0.296293 -0.837350 -0.459407
vn 0.181843 0.340926 -0.922335
vn -0.329963 0.398031 -0.855976
vn 0.027410 -0.911862 -0.409582
vn -0.025702 0.252647 -0.967217
vn -0.526427 -0.598336 -0.604043
vn 0.027410 -0.911862 -0.409582
vn 0.182910 0.404407 -0.896102
vn -0.025702 0.252647 -0.967217
vn -0.526427 -0.598336 -0.604043
vn -0.025702 0.252647 -0.967217
vn -0.156065 -0.090445 -0.983597
vn 0.554896 -0.778913 -0.292207
vn -0.311319 -0.942113 -0.124515
vn 0.030471 0.637991 -0.769440
vn 0.554701 -0.821497 0.132093
vn 0.862214 -0.086490 0.499106
vn 0.779524 0.625742 -0.028091
vn -0.449583 0.469971 -0.759607
vn -0.206410 0.854927 -0.475914
vn -0.407800 0.437996 -0.801161
vn -0.407800 0.437996 -0.801161
vn -0.206410 0.854927 -0.475914
vn -0.012907 0.881213 -0.472544
vn 0.001383 0.662770 -0.748822
vn -0.069473 0.867757 -0.492108
vn 0.181843 0.340926 -0.922335
vn 0.181843 0.340926 -0.922335
vn -0.055001 0.796774 -0.601770
vn -0.329963 0.398031 -0.855976
vn 0.181843 0.340926 -0.922335
vn -0.069473 0.867757 -0.492108
vn -0.055001 0.796774 -0.601770
vn -0.329963 0.398031 -0.855976
vn -0.055001 0.796774 -0.601770
vn 0.182910 0.404407 -0.896102
vn 0.182910 0.404407 -0.896102
vn 0.071582 0.748703 -0.659029
vn -0.025702 0.252647 -0.967217
vn 0.182910 0.404407 -0.896102
vn -0.055001 0.796774 -0.601770
vn 0.071582 0.748703 -0.659029
vn -0.025702 0.252647 -0.967217
vn 0.071582 0.748703 -0.659029
vn 0.030471 0.637991 -0.769440
vn 0.030471 0.637991 -0.769440
vn 0.016495 0.857911 -0.513533
vn -0.219029 0.513055 -0.829940
vn 0.030471 0.637991 -0.769440
vn 0.071582 0.748703 -0.659029
vn 0.016495 0.857911 -0.513533
vn 0.004705 -0.999124 -0.041589
vn -0.649729 -0.758752 -0.046331
vn 0.347766 -0.763474 -0.544212
vn -0.426847 -0.893633 -0.138643
vn -0.649729 -0.758752 -0.046331
vn -0.389768 -0.738737 0.549862
vn -0.426847 -0.893633 -0.138643
vn -0.389768 -0.738737 0.549862
vn -0.322587 -0.891650 0.317643
vn 0.347766 -0.763474 -0.544212
vn 0.325781 -0.691572 -0.644667
vn 0.004290 -0.903982 -0.427548
vn 0.004290 -0.903982 -0.427548
vn 0.325781 -0.691572 -0.644667
vn -0.311319 -0.942113 -0.124515
vn 0.004290 -0.903982 -0.427548
vn 0.199471 -0.977377 -0.070317
vn 0.254875 -0.947182 0.194642
vn 0.004290 -0.903982 -0.427548
vn -0.311319 -0.942113 -0.124515
vn 0.199471 -0.977377 -0.070317
vn -0.067120 -0.990228 0.122244
vn -0.322587 -0.891650 0.317643
vn -0.389768 -0.738737 0.549862
vn -0.618325 0.517210 -0.591750
vn -0.206410 0.854927 -0.475914
vn -0.449583 0.469971 -0.759607
vn -0.618325 0.517210 -0.591750
vn -0.465570 0.762709 -0.448910
vn -0.206410 0.854927 -0.475914
vn -0.947459 -0.015478 0.319502
vn -0.983970 0.137353 -0.113741
vn -0.389768 -0.738737 0.549862
vn -0.948586 0.060689 -0.310648
vn -0.762430 0.576092 -0.294649
vn -0.465570 0.762709 -0.448910
vn 0.756046 -0.544739 -0.362841
vn 0.479930 0.783546 -0.394617
vn 0.461767 0.451672 -0.763390
vn -0.733688 -0.475836 0.485058
vn 0.212169 -0.903673 0.371967
vn -0.546895 -0.832487 0.088722
vn -0.258608 -0.917014 -0.303658
vn -0.983970 0.137353 -0.113741
vn -0.546895 -0.832487 0.088722
vn 0.290163 -0.952190 0.095605
vn -0.243706 -0.841587 -0.482014
vn 0.372251 -0.915201 0.154389
vn 0.093351 -0.960595 -0.261807
vn 0.327800 -0.402255 -0.854832
vn 0.105136 -0.748598 -0.654635
vn 0.105136 -0.748598 -0.654635
vn 0.622107 0.003155 -0.782926
vn 0.554136 -0.493253 -0.670549
vn 0.105136 -0.748598 -0.654635
vn 0.327800 -0.402255 -0.854832
vn 0.622107 0.003155 -0.782926
vn 0.327800 -0.402255 -0.854832
vn 0.461767 0.451672 -0.763390
vn 0.622107 0.003155 -0.782926
vn -0.043504 0.942788 -0.330541
vn -0.116349 0.934497 -0.336418
vn -0.111903 0.908767 -0.402020
vn 0.116679 0.944616 -0.306734
vn 0.101940 0.925865 -0.363845
vn 0.126628 0.893317 -0.431220
vn 0.116679 0.944616 -0.306734
vn 0.126628 0.893317 -0.431220
vn 0.202381 0.897054 -0.392857
vn -0.486856 -0.714907 -0.501876
vn 0.531414 -0.756960 -0.380276
vn -0.391978 0.164228 -0.905197
vn -0.486856 -0.714907 -0.501876
vn -0.243706 -0.841587 -0.482014
vn -0.085594 -0.882038 -0.463339
vn -0.486856 -0.714907 -0.501876
vn -0.391978 0.164228 -0.905197
vn -0.243706 -0.841587 -0.482014
vn -0.085594 -0.882038 -0.463339
vn 0.105136 -0.748598 -0.654635
vn 0.432028 -0.851407 -0.297418
vn -0.085594 -0.882038 -0.463339
vn -0.243706 -0.841587 -0.482014
vn 0.105136 -0.748598 -0.654635
vn 0.432028 -0.851407 -0.297418
vn 0.105136 -0.748598 -0.654635
vn 0.588033 -0.683282 -0.432832
vn -0.391978 0.164228 -0.905197
vn 0.211197 -0.735582 -0.643673
vn -0.243706 -0.841587 -0.482014
vn 0.588033 -0.683282 -0.432832
vn 0.790576 0.039704 -0.611075
vn 0.676964 -0.691145 -0.253056
vn 0.588033 -0.683282 -0.432832
vn 0.622107 0.003155 -0.782926
vn 0.790576 0.039704 -0.611075
vn 0.622107 0.003155 -0.782926
vn 0.367435 0.747505 -0.553379
vn 0.790576 0.039704 -0.611075
vn 0.126628 0.893317 -0.431220
vn 0.367435 0.747505 -0.553379
vn 0.202381 0.897054 -0.392857
vn 0.094278 0.849976 -0.518318
vn 0.012956 0.852035 -0.523324
vn 0.168356 0.665253 -0.727389
vn 0.094278 0.849976 -0.518318
vn 0.168356 0.665253 -0.727389
vn 0.133843 0.763788 -0.631438
vn -0.486856 -0.714907 -0.501876
vn -0.233122 -0.951014 0.203044
vn -0.301407 -0.952015 -0.053116
vn 0.567416 -0.781857 -0.258340
vn 0.252434 -0.944813 -0.208821
vn 0.328871 -0.933690 0.141658
vn 0.545986 -0.836431 -0.047779
vn 0.676964 -0.691145 -0.253056
vn 0.824527 -0.415853 -0.383695
vn 0.824527 -0.415853 -0.383695
vn 0.787565 0.477933 -0.389002
vn 0.654331 0.592271 -0.470177
vn -0.243981 0.842698 -0.479930
vn -0.116093 0.947353 -0.298403
vn -0.183260 0.869537 -0.458607
vn 0.133843 0.763788 -0.631438
vn 0.285698 0.702069 -0.652285
vn 0.149993 0.780776 -0.606540
vn -0.151343 0.984993 0.082975
vn -0.416591 0.705043 0.573905
vn -0.018089 0.912240 -0.409256
vn 0.168356 0.665253 -0.727389
vn -0.018089 0.912240 -0.409256
vn 0.314864 0.863552 -0.393876
vn -0.351930 -0.729297 -0.586746
vn -0.817228 -0.286880 -0.499839
vn -0.519357 -0.820445 -0.239035
vn -0.351930 -0.729297 -0.586746
vn -0.724297 0.007295 -0.689450
vn -0.817228 -0.286880 -0.499839
vn 0.769193 -0.636657 0.054865
vn 0.328871 -0.933690 0.141658
vn 0.658238 -0.476297 0.582978
vn 0.769193 -0.636657 0.054865
vn 0.658238 -0.476297 0.582978
vn 0.680478 -0.197009 0.705789
vn -0.372293 -0.436111 0.819271
vn -0.390569 -0.795280 0.463665
vn -0.505265 -0.044391 0.861821
vn -0.724297 0.007295 -0.689450
vn -0.609062 0.729843 -0.310438
vn -0.817228 -0.286880 -0.499839
vn 0.658238 -0.476297 0.582978
vn 0.227031 -0.399528 0.888164
vn 0.412351 0.396847 0.820048
vn -0.372293 -0.436111 0.819271
vn -0.505265 -0.044391 0.861821
vn -0.328115 0.014930 0.944520
vn 0.791362 -0.408434 -0.454893
vn 0.654331 0.592271 -0.470177
vn 0.788882 0.438997 -0.430054
vn -0.081507 -0.113811 0.990153
vn -0.372293 -0.436111 0.819271
vn -0.160888 0.042679 0.986049
vn -0.081507 -0.113811 0.990153
vn -0.160888 0.042679 0.986049
vn -0.130400 0.118379 0.984369
vn -0.372293 -0.436111 0.819271
vn -0.328115 0.014930 0.944520
vn -0.160888 0.042679 0.986049
vn -0.328115 0.014930 0.944520
vn -0.505265 -0.044391 0.861821
vn -0.445030 0.372560 0.814338
vn -0.277457 0.896628 -0.345073
vn -0.197544 0.949790 -0.242643
vn -0.243981 0.842698 -0.479930
vn 0.412351 0.396847 0.820048
vn 0.227031 -0.399528 0.888164
vn 0.174911 0.709989 0.682145
vn 0.412351 0.396847 0.820048
vn 0.174911 0.709989 0.682145
vn 0.202558 0.941198 0.270400
vn 0.227031 -0.399528 0.888164
vn 0.105210 -0.325105 0.939807
vn 0.102358 0.318575 0.942355
vn 0.227031 -0.399528 0.888164
vn 0.102358 0.318575 0.942355
vn 0.174911 0.709989 0.682145
vn -0.130400 0.118379 0.984369
vn -0.160888 0.042679 0.986049
vn -0.416591 0.705043 0.573905
vn -0.328115 0.014930 0.944520
vn -0.445030 0.372560 0.814338
vn -0.160888 0.042679 0.986049
vn -0.160888 0.042679 0.986049
vn -0.064654 0.867596 0.493049
vn -0.416591 0.705043 0.573905
vn -0.160888 0.042679 0.986049
vn -0.445030 0.372560 0.814338
vn -0.064654 0.867596 0.493049
vn -0.445030 0.372560 0.814338
vn 0.099171 0.990878 0.091245
vn -0.064654 0.867596 0.493049
vn 0.178643 -0.978757 0.100607
vn 0.635728 -0.680613 0.364164
vn 0.293993 -0.590479 0.751600
vn -0.562900 -0.778386 0.277955
vn -0.337229 -0.895748 0.289678
vn 0.275113 -0.959543 -0.059917
vn -0.351930 -0.729297 -0.586746
vn -0.713944 0.263084 -0.648899
vn -0.673083 0.371840 -0.639292
vn 0.293993 -0.590479 0.751600
vn 0.635728 -0.680613 0.364164
vn 0.680478 -0.197009 0.705789
vn 0.293993 -0.590479 0.751600
vn 0.680478 -0.197009 0.705789
vn 0.475820 -0.229367 0.849109
vn -0.448597 -0.561320 0.695471
vn -0.641407 -0.116275 0.758339
vn -0.505265 -0.044391 0.861821
vn -0.448597 -0.561320 0.695471
vn -0.337229 -0.895748 0.289678
vn -0.641407 -0.116275 0.758339
vn 0.475820 -0.229367 0.849109
vn 0.680478 -0.197009 0.705789
vn 0.412351 0.396847 0.820048
vn 0.475820 -0.229367 0.849109
vn 0.412351 0.396847 0.820048
vn 0.612362 0.077825 0.786737
vn -0.505265 -0.044391 0.861821
vn -0.641407 -0.116275 0.758339
vn -0.445030 0.372560 0.814338
vn -0.641407 -0.116275 0.758339
vn -0.708126 0.284540 0.646216
vn -0.445030 0.372560 0.814338
vn 0.612362 0.077825 0.786737
vn 0.412351 0.396847 0.820048
vn 0.407437 0.803163 0.434655
vn -0.445030 0.372560 0.814338
vn -0.708126 0.284540 0.646216
vn -0.402295 0.875786 0.266752
vn -0.445030 0.372560 0.814338
vn -0.402295 0.875786 0.266752
vn 0.099171 0.990878 0.091245
vn -0.785971 -0.557312 -0.267682
vn -0.713944 0.263084 -0.648899
vn 0.023363 -0.907575 -0.419240
vn -0.785971 -0.557312 -0.267682
vn -0.793753 0.531253 -0.296187
vn -0.713944 0.263084 -0.648899
vn -0.234213 -0.731573 0.640270
vn 0.475820 -0.229367 0.849109
vn -0.030934 -0.758872 0.650505
vn -0.234213 -0.731573 0.640270
vn 0.293993 -0.590479 0.751600
vn 0.475820 -0.229367 0.849109
vn -0.030934 -0.758872 0.650505
vn 0.475820 -0.229367 0.849109
vn 0.638066 -0.499795 0.585728
vn -0.030934 -0.758872 0.650505
vn 0.638066 -0.499795 0.585728
vn 0.243908 -0.908271 0.339929
vn -0.562900 -0.778386 0.277955
vn -0.611334 -0.336678 0.716184
vn -0.641407 -0.116275 0.758339
vn 0.275113 -0.959543 -0.059917
vn 0.583402 -0.757276 0.293555
vn 0.057310 -0.932064 0.357731
vn 0.638066 -0.499795 0.585728
vn 0.475820 -0.229367 0.849109
vn 0.815152 -0.021330 0.578855
vn -0.641407 -0.116275 0.758339
vn -0.611334 -0.336678 0.716184
vn -0.731549 0.105034 0.673650
vn 0.770685 -0.450538 -0.450623
vn 0.620064 0.720198 -0.311184
vn 0.907198 0.136298 -0.398014
vn 0.815152 -0.021330 0.578855
vn 0.612362 0.077825 0.786737
vn 0.407437 0.803163 0.434655
vn 0.815152 -0.021330 0.578855
vn 0.407437 0.803163 0.434655
vn 0.548301 0.831412 0.090117
vn -0.731549 0.105034 0.673650
vn -0.304760 0.757407 0.577456
vn -0.408382 0.770736 0.489071
vn -0.304760 0.757407 0.577456
vn 0.434208 0.896966 0.083164
vn 0.390278 0.883359 0.259537
vn -0.304760 0.757407 0.577456
vn 0.390278 0.883359 0.259537
vn -0.408382 0.770736 0.489071
vn 0.314348 -0.943215 0.107381
vn 0.243908 -0.908271 0.339929
vn 0.240430 -0.960760 0.138327
vn 0.062430 -0.817242 0.572904
vn 0.057310 -0.932064 0.357731
vn -0.611334 -0.336678 0.716184
vn -0.418139 0.891064 -0.176535
vn -0.541805 0.829405 -0.136142
vn -0.407050 0.906238 -0.114205
vn 0.673459 -0.573350 0.466608
vn 0.774867 -0.328700 0.539942
vn 0.855277 0.014181 0.517978
vn -0.611334 -0.336678 0.716184
vn -0.602983 -0.660853 0.446862
vn -0.845533 -0.049786 0.531598
vn 0.855277 0.014181 0.517978
vn 0.774867 -0.328700 0.539942
vn 0.691048 0.486158 0.534886
vn 0.855277 0.014181 0.517978
vn 0.691048 0.486158 0.534886
vn 0.096408 0.768370 0.632703
vn -0.731549 0.105034 0.673650
vn -0.845533 -0.049786 0.531598
vn -0.616903 0.704052 0.351768
vn 0.096408 0.768370 0.632703
vn 0.691048 0.486158 0.534886
vn -0.303334 0.909957 0.282785
vn 0.518185 -0.834871 -0.185675
vn 0.921021 -0.382120 -0.075532
vn 0.902529 -0.428554 0.042233
vn -0.728487 -0.620599 -0.290109
vn -0.801122 0.447289 -0.397664
vn -0.891894 -0.448935 -0.054621
vn 0.588152 -0.773360 0.236623
vn 0.902529 -0.428554 0.042233
vn 0.983332 -0.095745 0.154567
vn -0.169976 0.919438 -0.354601
vn 0.219274 0.894591 -0.389392
vn 0.768377 0.623561 -0.144112
vn 0.706378 0.575323 -0.412352
vn 0.363910 0.695118 -0.619985
vn 0.760158 0.581605 -0.289646
vn -0.890852 0.179489 -0.417333
vn -0.425547 0.772959 -0.470579
vn 0.363910 0.695118 -0.619985
vn -0.818459 -0.480293 0.315345
vn -0.487154 -0.846455 0.214931
vn -0.978016 0.059964 0.199725
vn 0.862923 -0.287723 -0.415428
vn 0.738756 0.499418 -0.452572
vn 0.818625 0.403315 -0.408889
vn 0.431573 0.870422 -0.236878
vn 0.536006 0.819415 -0.203117
vn 0.738756 0.499418 -0.452572
vn -0.741157 0.489614 0.459308
vn 0.509725 0.762725 0.398034
vn -0.427139 0.815823 0.389853
vn 0.177231 -0.915410 0.361404
vn 0.539175 -0.800654 0.261233
vn -0.195214 -0.954474 0.225546
vn 0.875357 -0.283658 -0.391521
vn 0.267619 -0.945203 -0.187004
vn 0.957726 -0.271051 -0.096395
vn -0.838191 0.435868 0.327803
vn -0.790115 -0.177896 0.586575
vn -0.656442 0.537143 0.529680
vn -0.871801 0.246076 0.423567
vn 0.154886 0.934823 0.319557
vn -0.499192 0.617114 0.608258
vn -0.618027 0.775899 -0.126583
vn 0.125798 0.828938 -0.545010
vn 0.892178 0.428702 -0.142245
vn -0.650980 -0.466240 -0.599036
vn -0.986245 0.159712 0.042588
vn -0.544023 -0.829578 -0.125858
vn -0.986245 0.159712 0.042588
vn -0.584902 0.774112 0.242159
vn -0.656442 0.537143 0.529680
vn -0.373370 0.893657 0.248943
vn 0.969717 0.240985 0.039682
vn 0.188587 0.768360 0.611603
vn -0.596839 -0.725877 -0.341886
vn -0.089219 -0.751833 -0.653289
vn -0.075678 -0.839110 -0.538672
vn 0.228626 -0.899915 -0.371327
vn 0.787188 -0.415676 -0.455575
vn 0.737696 -0.592453 -0.323733
vn -0.596839 -0.725877 -0.341886
vn -0.714217 0.667124 -0.211755
vn -0.089219 -0.751833 -0.653289
vn 0.787188 -0.415676 -0.455575
vn 0.895889 -0.059119 -0.440327
vn 0.737696 -0.592453 -0.323733
vn 0.313934 0.755872 -0.574546
vn 0.492108 0.540329 -0.682550
vn 0.858330 0.114218 -0.500224
vn -0.824668 -0.229662 -0.516892
vn -0.776632 0.055087 -0.627542
vn -0.529495 0.375012 -0.760922
vn 0.313934 0.755872 -0.574546
vn -0.264751 0.943727 -0.198208
vn 0.492108 0.540329 -0.682550
vn -0.776632 0.055087 -0.627542
vn -0.370194 0.752264 -0.545027
vn -0.529495 0.375012 -0.760922
vn -0.529495 0.375012 -0.760922
vn -0.370194 0.752264 -0.545027
vn 0.164499 0.969321 -0.182640
vn -0.246231 -0.598264 -0.762529
vn 0.168172 0.469140 -0.866964
vn 0.392574 -0.131958 0.910205
vn -0.246231 -0.598264 -0.762529
vn -0.227299 0.577608 0.784031
vn 0.168172 0.469140 -0.866964
vn -0.485242 -0.873549 -0.038098
vn -0.075678 -0.839110 -0.538672
vn 0.608873 -0.439656 -0.660285
vn 0.168172 0.469140 -0.866964
vn -0.472947 -0.667576 0.575033
vn -0.508853 0.032802 0.860228
vn -0.075678 -0.839110 -0.538672
vn 0.897990 -0.257110 -0.357082
vn 0.608873 -0.439656 -0.660285
vn 0.608873 -0.439656 -0.660285
vn 0.897990 -0.257110 -0.357082
vn 0.535696 -0.789866 0.298565
vn 0.897990 -0.257110 -0.357082
vn -0.670226 0.171750 0.722010
vn 0.047411 0.898500 0.436406
vn 0.897990 -0.257110 -0.357082
vn 0.535696 -0.789866 0.298565
vn -0.265216 -0.804577 0.531335
vn 0.897990 -0.257110 -0.357082
vn -0.265216 -0.804577 0.531335
vn -0.670226 0.171750 0.722010
vn 0.535696 -0.789866 0.298565
vn 0.217022 -0.959831 0.177838
vn -0.265216 -0.804577 0.531335
vn -0.368400 -0.829513 -0.419749
vn -0.478281 -0.813805 -0.330103
vn -0.259638 -0.943933 -0.203907
vn -0.435841 0.850989 0.293019
vn -0.390965 0.870329 0.299456
vn -0.319244 0.936346 0.146079
vn -0.246231 -0.598264 -0.762529
vn 0.392574 -0.131958 0.910205
vn -0.227299 0.577608 0.784031
vn -0.485242 -0.873549 -0.038098
vn -0.368902 -0.807815 0.459723
vn -0.766728 -0.548644 0.333344
vn -0.227299 0.577608 0.784031
vn 0.392574 -0.131958 0.910205
vn 0.342213 0.528385 0.776981
vn -0.645146 0.367828 0.669693
vn -0.766728 -0.548644 0.333344
vn -0.549947 0.825889 0.124363
vn -0.191310 0.932140 -0.307434
vn -0.863803 -0.370340 0.341603
vn 0.810976 0.213696 -0.544658
vn 0.706059 -0.661619 -0.252472
vn 0.877022 -0.102555 -0.469377
vn 0.599048 -0.245715 -0.762080
vn 0.691764 -0.642849 0.328950
vn 0.791324 -0.450917 0.412892
vn 0.756516 0.096725 0.646783
vn -0.191310 0.932140 -0.307434
vn -0.863803 -0.370340 0.341603
vn -0.581483 0.715677 0.386889
vn 0.877022 -0.102555 -0.469377
vn 0.689071 0.089479 -0.719149
vn 0.599048 -0.245715 -0.762080
vn -0.741204 -0.463762 -0.485326
vn -0.707363 0.119673 -0.696646
vn -0.860744 -0.144525 -0.488090
vn 0.689071 0.089479 -0.719149
vn 0.195027 0.974003 -0.115247
vn 0.622614 0.468943 -0.626453
vn -0.707363 0.119673 -0.696646
vn -0.863203 0.097310 -0.495389
vn -0.860744 -0.144525 -0.488090
vn 0.594985 0.742418 0.307909
vn 0.358624 0.902031 0.240269
vn 0.367483 0.914409 0.169744
vn -0.510938 0.747259 0.424908
vn 0.195027 0.974003 -0.115247
vn -0.383161 0.897862 0.216868
vn -0.707363 0.119673 -0.696646
vn -0.544518 0.835623 -0.072341
vn -0.863203 0.097310 -0.495389
vn 0.599048 -0.245715 -0.762080
vn 0.424280 -0.116245 -0.898039
vn 0.412855 -0.423414 -0.806394
vn 0.599048 -0.245715 -0.762080
vn 0.689071 0.089479 -0.719149
vn 0.424280 -0.116245 -0.898039
vn -0.494870 -0.518680 -0.697191
vn -0.707363 0.119673 -0.696646
vn -0.500152 -0.675033 -0.542383
vn 0.689071 0.089479 -0.719149
vn 0.524971 0.374757 -0.764175
vn 0.424280 -0.116245 -0.898039
vn 0.689071 0.089479 -0.719149
vn 0.189694 0.344666 -0.919359
vn 0.524971 0.374757 -0.764175
vn -0.494870 -0.518680 -0.697191
vn -0.599802 0.109667 -0.792597
vn -0.707363 0.119673 -0.696646
vn -0.333301 0.881791 0.333699
vn -0.394794 0.818805 0.416768
vn -0.506031 0.747099 0.431016
vn 0.189694 0.344666 -0.919359
vn 0.230457 0.170542 -0.958021
vn 0.524971 0.374757 -0.764175
vn 0.189694 0.344666 -0.919359
vn 0.001676 0.941671 -0.336530
vn 0.230457 0.170542 -0.958021
vn -0.599802 0.109667 -0.792597
vn -0.567922 0.589419 -0.574500
vn -0.707363 0.119673 -0.696646
vn 0.001676 0.941671 -0.336530
vn 0.378269 0.682395 -0.625499
vn 0.230457 0.170542 -0.958021
vn 0.230457 0.170542 -0.958021
vn 0.378269 0.682395 -0.625499
vn 0.524971 0.374757 -0.764175
vn -0.567922 0.589419 -0.574500
vn -0.282158 0.955673 0.084119
vn -0.434226 0.867465 -0.242800
vn -0.453102 -0.665518 0.593115
vn 0.119637 0.210556 0.970234
vn -0.746729 0.157593 0.646189
vn -0.453102 -0.665518 0.593115
vn 0.437315 -0.610932 0.659937
vn 0.119637 0.210556 0.970234
vn 0.119637 0.210556 0.970234
vn 0.437315 -0.610932 0.659937
vn -0.125124 0.443766 0.887365
vn 0.657979 -0.488268 0.573288
vn 0.839039 -0.159587 0.520140
vn 0.648085 0.585418 0.487106
vn -0.125124 0.443766 0.887365
vn -0.542647 -0.608997 0.578496
vn -0.514192 0.689202 0.510498
vn -0.125124 0.443766 0.887365
vn -0.514192 0.689202 0.510498
vn -0.828072 0.449071 0.335606
vn 0.412855 -0.423414 -0.806394
vn 0.339770 0.221489 -0.914056
vn 0.177414 -0.456828 -0.871684
vn 0.412855 -0.423414 -0.806394
vn 0.424280 -0.116245 -0.898039
vn 0.339770 0.221489 -0.914056
vn -0.040381 -0.659724 -0.750422
vn -0.146704 0.437580 -0.887131
vn -0.150177 0.483229 -0.862517
vn -0.040381 -0.659724 -0.750422
vn -0.150177 0.483229 -0.862517
vn -0.151487 -0.475617 -0.866510
vn 0.424280 -0.116245 -0.898039
vn 0.524971 0.374757 -0.764175
vn 0.339770 0.221489 -0.914056
vn 0.177414 -0.456828 -0.871684
vn 0.007042 0.227103 -0.973845
vn -0.021477 -0.314607 -0.948979
vn 0.177414 -0.456828 -0.871684
vn 0.339770 0.221489 -0.914056
vn 0.007042 0.227103 -0.973845
vn -0.150177 0.483229 -0.862517
vn -0.447952 0.020758 -0.893816
vn -0.151487 -0.475617 -0.866510
vn -0.151487 -0.475617 -0.866510
vn -0.447952 0.020758 -0.893816
vn -0.494870 -0.518680 -0.697191
vn -0.383211 0.799073 0.463284
vn -0.534432 0.742289 0.404215
vn -0.394794 0.818805 0.416768
vn 0.524971 0.374757 -0.764175
vn 0.281040 0.608426 -0.742182
vn 0.339770 0.221489 -0.914056
vn -0.447952 0.020758 -0.893816
vn -0.150177 0.483229 -0.862517
vn -0.465025 0.742278 -0.482467
vn 0.281040 0.608426 -0.742182
vn 0.280780 0.890234 -0.358672
vn 0.339770 0.221489 -0.914056
vn 0.281040 0.608426 -0.742182
vn 0.485864 0.701614 -0.521224
vn 0.280780 0.890234 -0.358672
vn 0.189857 -0.881969 0.431375
vn 0.353107 -0.879820 0.318169
vn 0.615178 -0.511151 0.600234
vn 0.615178 -0.511151 0.600234
vn 0.747108 0.040810 0.663449
vn 0.690614 0.320702 0.648230
vn -0.040642 -0.795580 -0.604484
vn -0.021477 -0.314607 -0.948979
vn -0.040381 -0.659724 -0.750422
vn -0.383211 0.799073 0.463284
vn -0.180004 0.794335 0.580199
vn -0.453840 0.762569 0.460997
vn 0.007042 0.227103 -0.973845
vn 0.278771 0.743037 -0.608426
vn -0.130063 0.958288 -0.254494
vn -0.180004 0.794335 0.580199
vn -0.093755 0.825887 0.555986
vn -0.066407 0.971559 0.227295
vn -0.180004 0.794335 0.580199
vn -0.066407 0.971559 0.227295
vn -0.453840 0.762569 0.460997
vn -0.093755 0.825887 0.555986
vn 0.280780 0.890234 -0.358672
vn -0.066407 0.971559 0.227295
vn 0.086707 -0.974233 -0.208209
vn 0.139612 -0.848368 -0.510666
vn 0.140251 -0.921937 -0.361057
vn 0.140251 -0.921937 -0.361057
vn 0.139612 -0.848368 -0.510666
vn -0.062763 -0.875226 -0.479625
vn 0.134499 -0.966120 -0.220279
vn 0.145133 -0.961584 -0.233009
vn -0.027045 -0.990675 -0.133536
vn 0.261703 -0.803101 0.535294
vn 0.473940 -0.436797 0.764584
vn 0.649200 -0.095555 0.754592
vn 0.261703 -0.803101 0.535294
vn 0.649200 -0.095555 0.754592
vn 0.820018 -0.404425 0.404982
vn -0.180004 0.794335 0.580199
vn 0.055048 0.905237 0.421327
vn -0.093755 0.825887 0.555986
vn -0.720252 -0.428410 0.545622
vn -0.352698 -0.704818 0.615496
vn -0.562815 -0.036899 0.825759
vn -0.720252 -0.428410 0.545622
vn -0.562815 -0.036899 0.825759
vn -0.640182 0.282364 0.714449
vn -0.040350 -0.947150 0.318244
vn 0.009935 -0.994100 0.108013
vn -0.102932 -0.872803 0.477096
vn -0.352698 -0.704818 0.615496
vn -0.360084 -0.799084 0.481460
vn -0.562815 -0.036899 0.825759
vn -0.562815 -0.036899 0.825759
vn -0.461048 0.599387 0.654346
vn -0.614328 0.436741 0.657159
vn -0.656597 -0.009105 0.754187
vn -0.559213 -0.312677 0.767798
vn -0.560049 0.300386 0.772084
vn -0.063794 -0.781398 0.620763
vn -0.040350 -0.947150 0.318244
vn -0.171679 -0.337846 0.925411
vn -0.040350 -0.947150 0.318244
vn -0.102932 -0.872803 0.477096
vn -0.171679 -0.337846 0.925411
vn -0.656597 -0.009105 0.754187
vn -0.560049 0.300386 0.772084
vn -0.461048 0.599387 0.654346
vn -0.559213 -0.312677 0.767798
vn -0.340587 -0.839939 0.422496
vn -0.512644 0.304877 0.802649
vn -0.559213 -0.312677 0.767798
vn -0.512644 0.304877 0.802649
vn -0.560049 0.300386 0.772084
vn 0.201766 -0.886167 0.417131
vn 0.127040 -0.869047 0.478140
vn 0.422154 -0.331067 0.843908
vn 0.201766 -0.886167 0.417131
vn 0.422154 -0.331067 0.843908
vn 0.191828 -0.092627 0.977048
vn -0.171679 -0.337846 0.925411
vn -0.375280 -0.791770 0.481940
vn -0.503359 0.473523 0.722776
vn 0.278481 -0.924566 0.260050
vn 0.829509 -0.131435 0.542807
vn 0.553097 0.078024 0.829455
vn -0.560049 0.300386 0.772084
vn -0.512644 0.304877 0.802649
vn -0.461048 0.599387 0.654346
vn -0.512644 0.304877 0.802649
vn 0.191828 -0.092627 0.977048
vn 0.023885 0.574430 0.818205
vn -0.512644 0.304877 0.802649
vn 0.023885 0.574430 0.818205
vn -0.461048 0.599387 0.654346
vn 0.422154 -0.331067 0.843908
vn 0.104552 -0.478019 0.872105
vn 0.113270 0.404316 0.907578
vn 0.422154 -0.331067 0.843908
vn 0.113270 0.404316 0.907578
vn 0.199815 0.714560 0.670432
vn 0.104552 -0.478019 0.872105
vn -0.171679 -0.337846 0.925411
vn 0.113270 0.404316 0.907578
vn -0.171679 -0.337846 0.925411
vn -0.069536 0.754227 0.652921
vn 0.113270 0.404316 0.907578
vn -0.171679 -0.337846 0.925411
vn -0.503359 0.473523 0.722776
vn -0.069536 0.754227 0.652921
vn -0.503359 0.473523 0.722776
vn -0.047188 0.877255 0.477700
vn -0.069536 0.754227 0.652921
vn -0.047188 0.877255 0.477700
vn 0.152568 0.889455 0.430805
vn -0.069536 0.754227 0.652921
vn -0.134718 -0.913129 0.384768
vn 0.219973 -0.924734 0.310609
vn -0.014646 -0.782339 0.622680
vn 0.029531 -0.291341 0.956163
vn -0.014646 -0.782339 0.622680
vn 0.281316 0.217912 0.934546
f 1/1/1 2/2/2 3/3/3
f 4/4/4 5/5/5 6/6/6
f 7/7/7 8/8/8 9/9/9
f 10/10/10 11/11/11 12/12/12
f 13/13/13 14/14/14 15/15/15
f 16/16/16 17/17/17 18/18/18
f 19/19/19 20/20/20 21/21/21
f 22/22/22 23/23/23 24/24/24
f 25/25/25 26/26/26 27/27/27
f 28/28/28 29/29/29 30/30/30
f 31/31/31 32/32/32 33/33/33
f 34/34/34 35/35/35 36/36/36
f 37/37/37 38/38/38 39/39/39
f 40/40/40 41/41/41 42/42/42
f 43/43/43 44/44/44 45/45/45
f 46/46/46 47/47/47 48/48/48
f 49/49/49 50/50/50 51/51/51
f 52/52/52 53/53/53 54/54/54
f 55/55/55 56/56/56 57/57/57
f 58/58/58 59/59/59 60/60/60
f 61/61/61 62/62/62 63/63/63
f 64/64/64 65/65/65 66/66/66
f 67/67/67 68/68/68 69/69/69
f 70/70/70 71/71/71 72/72/72
f 73/73/73 74/74/74 75/75/75
f 76/76/76 77/77/77 78/78/78
f 79/79/79 80/80/80 81/81/81
f 82/82/82 83/83/83 84/84/84
f 85/85/85 86/86/86 87/87/87
f 88/88/88 89/89/89 90/90/90
f 91/91/91 92/92/92 93/93/93
f 94/94/94 95/95/95 96/96/96
f 97/97/97 98/98/98 99/99/99
f 100/100/100 101/101/101 102/102/102
f 103/103/103 104/104/104 105/105/105
f 106/106/106 107/107/107 108/108/108
f 109/109/109 110/110/110 111/111/111
f 112/112/112 113/113/113 114/114/114
f 115/115/115 116/116/116 117/117/117
f 118/118/118 119/119/119 120/120/120
f 121/121/121 122/122/122 123/123/123
f 124/124/124 125/125/125 126/126/126
f 127/127/127 128/128/128 129/129/129
f 130/130/130 131/131/131 132/132/132
f 133/133/133 134/134/134 135/135/135
f 136/136/136 137/137/137 138/138/138
f 139/139/139 140/140/140 141/141/141
f 142/142/142 143/143/143 144/144/144
f 145/145/145 146/146/146 147/147/147
f 148/148/148 149/149/149 150/150/150
f 151/151/151 152/152/152 153/153/153
f 154/154/154 155/155/155 156/156/156
f 157/157/157 158/158/158 159/159/159
f 160/160/160 161/161/161 162/162/162
f 163/163/163 164/164/164 165/165/165
f 166/166/166 167/167/167 168/168/168
f 169/169/169 170/170/170 171/171/171
f 172/172/172 173/173/173 174/174/174
f 175/175/175 176/176/176 177/177/177
f 178/178/178 179/179/179 180/180/180
f 181/181/181 182/182/182 183/183/183
f 184/184/184 185/185/185 186/186/186
f 187/187/187 188/188/188 189/189/189
f 190/190/190 191/191/191 192/192/192
f 193/193/193 194/194/194 195/195/195
f 196/196/196 197/197/197 198/198/198
f 199/199/199 200/200/200 201/201/201
f 202/202/202 203/203/203 204/204/204
f 205/205/205 206/206/206 207/207/207
f 208/208/208 209/209/209 210/210/210
f 211/211/211 212/212/212 213/213/213
f 214/214/214 215/215/215 216/216/216
f 217/217/217 218/218/218 219/219/219
f 220/220/220 221/221/221 222/222/222
f 223/223/223 224/224/224 225/225/225
f 226/226/226 227/227/227 228/228/228
f 229/229/229 230/230/230 231/231/231
f 232/232/232 233/233/233 234/234/234
f 235/235/235 236/236/236 237/237/237
f 238/238/238 239/239/239 240/240/240
f 241/241/241 242/242/242 243/243/243
f 244/244/244 245/245/245 246/246/246
f 247/247/247 248/248/248 249/249/249
f 250/250/250 251/251/251 252/252/252
f 253/253/253 254/254/254 255/255/255
f 256/256/256 257/257/257 258/258/258
f 259/259/259 260/260/260 261/261/261
f 262/262/262 263/263/263 264/264/264
f 265/265/265 266/266/266 267/267/267
f 268/268/268 269/269/269 270/270/270
f 271/271/271 272/272/272 273/273/273
f 274/274/274 275/275/275 276/276/276
f 277/277/277 278/278/278 279/279/279
f 280/280/280 281/281/281 282/282/282
f 283/283/283 284/284/284 285/285/285
f 286/286/286 287/287/287 288/288/288
f 289/289/289 290/290/290 291/291/291
f 292/292/292 293/293/293 294/294/294
f 295/295/295 296/296/296 297/297/297
f 298/298/298 299/299/299 300/300/300
f 301/301/301 302/302/302 303/303/303
f 304/304/304 305/305/305 306/306/306
f 307/307/307 308/308/308 309/309/309
f 310/310/310 311/311/311 312/312/312
f 313/313/313 314/314/314 315/315/315
f 316/316/316 317/317/317 318/318/318
f 319/319/319 320/320/320 321/321/321
f 322/322/322 323/323/323 324/324/324
f 325/325/325 326/326/326 327/327/327
f 328/328/328 329/329/329 330/330/330
f 331/331/331 332/332/332 333/333/333
f 334/334/334 335/335/335 336/336/336
f 337/337/337 338/338/338 339/339/339
f 340/340/340 341/341/341 342/342/342
f 343/343/343 344/344/344 345/345/345
f 346/346/346 347/347/347 348/348/348
f 349/349/349 350/350/350 351/351/351
f 352/352/352 353/353/353 354/354/354
f 355/355/355 356/356/356 357/357/357
f 358/358/358 359/359/359 360/360/360
f 361/361/361 362/362/362 363/363/363
f 364/364/364 365/365/365 366/366/366
f 367/367/367 368/368/368 369/369/369
f 370/370/370 371/371/371 372/372/372
f 373/373/373 374/374/374 375/375/375
f 376/376/376 377/377/377 378/378/378
f 379/379/379 380/380/380 381/381/381
f 382/382/382 383/383/383 384/384/384
f 385/385/385 386/386/386 387/387/387
f 388/388/388 389/389/389 390/390/390
f 391/391/391 392/392/392 393/393/393
f 394/394/394 395/395/395 396/396/396
f 397/397/397 398/398/398 399/399/399
f 400/400/400 401/401/401 402/402/402
f 403/403/403 404/404/404 405/405/405
f 406/406/406 407/407/407 408/408/408
f 409/409/409 410/410/410 411/411/411
f 412/412/412 413/413/413 414/414/414
f 415/415/415 416/416/416 417/417/417
f 418/418/418 419/419/419 420/420/420
f 421/421/421 422/422/422 423/423/423
f 424/424/424 425/425/425 426/426/426
f 427/427/427 428/428/428 429/429/429
f 430/430/430 431/431/431 432/432/432
f 433/433/433 434/434/434 435/435/435
f 436/436/436 437/437/437 438/438/438
f 439/439/439 440/440/440 441/441/441
f 442/442/442 443/443/443 444/444/444
f 445/445/445 446/446/446 447/447/447
f 448/448/448 449/449/449 450/450/450
f 451/451/451 452/452/452 453/453/453
f 454/454/454 455/455/455 456/456/456
f 457/457/457 458/458/458 459/459/459
f 460/460/460 461/461/461 462/462/462
f 463/463/463 464/464/464 465/465/465
f 466/466/466 467/467/467 468/468/468
f 469/469/469 470/470/470 471/471/471
f 472/472/472 473/473/473 474/474/474
f 475/475/475 476/476/476 477/477/477
f 478/478/478 479/479/479 480/480/480
f 481/481/481 482/482/482 483/483/483
f 484/484/484 485/485/485 486/486/486
f 487/487/487 488/488/488 489/489/489
f 490/490/490 491/491/491 492/492/492
f 493/493/493 494/494/494 495/495/495
f 496/496/496 497/497/497 498/498/498
f 499/499/499 500/500/500 501/501/501
f 502/502/502 503/503/503 504/504/504
f 505/505/505 506/506/506 507/507/507
f 508/508/508 509/509/509 510/510/510
f 511/511/511 512/512/512 513/513/513
f 514/514/514 515/515/515 516/516/516
f 517/517/517 518/518/518 519/519/519
f 520/520/520 521/521/521 522/522/522
f 523/523/523 524/524/524 525/525/525
f 526/526/526 527/527/527 528/528/528
f 529/529/529 530/530/530 531/531/531
f 532/532/532 533/533/533 534/534/534
f 535/535/535 536/536/536 537/537/537
f 538/538/538 539/539/539 540/540/540
f 541/541/541 542/542/542 543/543/543
f 544/544/544 545/545/545 546/546/546
f 547/547/547 548/548/548 549/549/549
f 550/550/550 551/551/551 552/552/552
f 553/553/553 554/554/554 555/555/555
f 556/556/556 557/557/557 558/558/558
f 559/559/559 560/560/560 561/561/561
f 562/562/562 563/563/563 564/564/564
f 565/565/565 566/566/566 567/567/567
f 568/568/568 569/569/569 570/570/570
f 571/571/571 572/572/572 573/573/573
f 574/574/574 575/575/575 576/576/576
f 577/577/577 578/578/578 579/579/579
f 580/580/580 581/581/581 582/582/582
f 583/583/583 584/584/584 585/585/585
f 586/586/586 587/587/587 588/588/588
f 589/589/589 590/590/590 591/591/591
f 592/592/592 593/593/593 594/594/594
f 595/595/595 596/596/596 597/597/597
f 598/598/598 599/599/599 600/600/600
f 601/601/601 602/602/602 603/603/603
f 604/604/604 605/605/605 606/606/606
f 607/607/607 608/608/608 609/609/609
f 610/610/610 611/611/611 612/612/612
f 613/613/613 614/614/614 615/615/615
f 616/616/616 617/617/617 618/618/618
f 619/619/619 620/620/620 621/621/621
f 622/622/622 623/623/623 624/624/624
f 625/625/625 626/626/626 627/627/627
f 628/628/628 629/629/629 630/630/630
f 631/631/631 632/632/632 633/633/633
f 634/634/634 635/635/635 636/636/636
f 637/637/637 638/638/638 639/639/639
f 640/640/640 641/641/641 642/642/642
f 643/643/643 644/644/644 645/645/645
f 646/646/646 647/647/647 648/648/648
f 649/649/649 650/650/650 651/651/651
f 652/652/652 653/653/653 654/654/654
f 655/655/655 656/656/656 657/657/657
f 658/658/658 659/659/659 660/660/660
f 661/661/661 662/662/662 663/663/663
f 664/664/664 665/665/665 666/666/666
f 667/667/667 668/668/668 669/669/669
f 670/670/670 671/671/671 672/672/672
f 673/673/673 674/674/674 675/675/675
f 676/676/676 677/677/677 678/678/678
f 679/679/679 680/680/680 681/681/681
f 682/682/682 683/683/683 684/684/684
f 685/685/685 686/686/686 687/687/687
f 688/688/688 689/689/689 690/690/690
f 691/691/691 692/692/692 693/693/693
f 694/694/694 695/695/695 696/696/696
f 697/697/697 698/698/698 699/699/699
f 700/700/700 701/701/701 702/702/702
f 703/703/703 704/704/704 705/705/705
f 706/706/706 707/707/707 708/708/708
f 709/709/709 710/710/710 711/711/711
f 712/712/712 713/713/713 714/714/714
f 715/715/715 716/716/716 717/717/717
f 718/718/718 719/719/719 720/720/720
f 721/721/721 722/722/722 723/723/723
f 724/724/724 725/725/725 726/726/726
f 727/727/727 728/728/728 729/729/729
f 730/730/730 731/731/731 732/732/732
f 733/733/733 734/734/734 735/735/735
f 736/736/736 737/737/737 738/738/738
f 739/739/739 740/740/740 741/741/741
f 742/742/742 743/743/743 744/744/744
f 745/745/745 746/746/746 747/747/747
f 748/748/748 749/749/749 750/750/750
f 751/751/751 752/752/752 753/753/753
f 754/754/754 755/755/755 756/756/756
f 757/757/757 758/758/758 759/759/759
f 760/760/760 761/761/761 762/762/762
f 763/763/763 764/764/764 765/765/765
f 766/766/766 767/767/767 768/768/768
f 769/769/769 770/770/770 771/771/771
f 772/772/772 773/773/773 774/774/774
f 775/775/775 776/776/776 777/777/777
f 778/778/778 779/779/779 780/780/780
f 781/781/781 782/782/782 783/783/783
f 784/784/784 785/785/785 786/786/786
f 787/787/787 788/788/788 789/789/789
f 790/790/790 791/791/791 792/792/792
f 793/793/793 794/794/794 795/795/795
f 796/796/796 797/797/797 798/798/798
f 799/799/799 800/800/800 801/801/801
f 802/802/802 803/803/803 804/804/804
f 805/805/805 806/806/806 807/807/807
f 808/808/808 809/809/809 810/810/810
f 811/811/811 812/812/812 813/813/813
f 814/814/814 815/815/815 816/816/816
f 817/817/817 818/818/818 819/819/819
f 820/820/820 821/821/821 822/822/822
f 823/823/823 824/824/824 825/825/825
f 826/826/826 827/827/827 828/828/828
f 829/829/829 830/830/830 831/831/831
f 832/832/832 833/833/833 834/834/834
f 835/835/835 836/836/836 837/837/837
f 838/838/838 839/839/839 840/840/840
f 841/841/841 842/842/842 843/843/843
f 844/844/844 845/845/845 846/846/846
f 847/847/847 848/848/848 849/849/849
f 850/850/850 851/851/851 852/852/852
f 853/853/853 854/854/854 855/855/855
f 856/856/856 857/857/857 858/858/858
f 859/859/859 860/860/860 861/861/861
f 862/862/862 863/863/863 864/864/864
f 865/865/865 866/866/866 867/867/867
f 868/868/868 869/869/869 870/870/870
f 871/871/871 872/872/872 873/873/873
f 874/874/874 875/875/875 876/876/876
f 877/877/877 878/878/878 879/879/879
f 880/880/880 881/881/881 882/882/882
f 883/883/883 884/884/884 885/885/885
f 886/886/886 887/887/887 888/888/888
f 889/889/889 890/890/890 891/891/891
f 892/892/892 893/893/893 894/894/894
f 895/895/895 896/896/896 897/897/897
f 898/898/898 899/899/899 900/900/900
f 901/901/901 902/902/902 903/903/903
f 904/904/904 905/905/905 906/906/906
f 907/907/907 908/908/908 909/909/909
f 910/910/910 911/911/911 912/912/912
f 913/913/913 914/914/914 915/915/915
f 916/916/916 917/917/917 918/918/918
f 919/919/919 920/920/920 921/921/921
f 922/922/922 923/923/923 924/924/924
f 925/925/925 926/926/926 927/927/927
f 928/928/928 929/929/929 930/930/930
f 931/931/931 932/932/932 933/933/933
f 934/934/934 935/935/935 936/936/936
f 937/937/937 938/938/938 939/939/939
f 940/940/940 941/941/941 942/942/942
f 943/943/943 944/944/944 945/945/945
f 946/946/946 947/947/947 948/948/948
f 949/949/949 950/950/950 951/951/951
f 952/952/952 953/953/953 954/954/954
f 955/955/955 956/956/956 957/957/957
f 958/958/958 959/959/959 960/960/960
f 961/961/961 962/962/962 963/963/963
f 964/964/964 965/965/965 966/966/966
f 967/967/967 968/968/968 969/969/969
f 970/970/970 971/971/971 972/972/972
f 973/973/973 974/974/974 975/975/975
f 976/976/976 977/977/977 978/978/978
f 979/979/979 980/980/980 981/981/981
f 982/982/982 983/983/983 984/984/984
f 985/985/985 986/986/986 987/987/987
f 988/988/988 989/989/989 990/990/990
f 991/991/991 992/992/992 993/993/993
f 994/994/994 995/995/995 996/996/996
f 997/997/997 998/998/998 999/999/999
f 1000/1000/1000 1001/1001/1001 1002/1002/1002
f 1003/1003/1003 1004/1004/1004 1005/1005/1005
f 1006/1006/1006 1007/1007/1007 1008/1008/1008
f 1009/1009/1009 1010/1010/1010 1011/1011/1011
f 1012/1012/1012 1013/1013/1013 1014/1014/1014
f 1015/1015/1015 1016/1016/1016 1017/1017/1017
f 1018/1018/1018 1019/1019/1019 1020/1020/1020
f 1021/1021/1021 1022/1022/1022 1023/1023/1023
f 1024/1024/1024 1025/1025/1025 1026/1026/1026
f 1027/1027/1027 1028/1028/1028 1029/1029/1029
f 1030/1030/1030 1031/1031/1031 1032/1032/1032
f 1033/1033/1033 1034/1034/1034 1035/1035/1035
f 1036/1036/1036 1037/1037/1037 1038/1038/1038
f 1039/1039/1039 1040/1040/1040 1041/1041/1041
f 1042/1042/1042 1043/1043/1043 1044/1044/1044
f 1045/1045/1045 1046/1046/1046 1047/1047/1047
f 1048/1048/1048 1049/1049/1049 1050/1050/1050
f 1051/1051/1051 1052/1052/1052 1053/1053/1053
f 1054/1054/1054 1055/1055/1055 1056/1056/1056
f 1057/1057/1057 1058/1058/1058 1059/1059/1059
f 1060/1060/1060 1061/1061/1061 1062/1062/1062
f 1063/1063/1063 1064/1064/1064 1065/1065/1065
f 1066/1066/1066 1067/1067/1067 1068/1068/1068
f 1069/1069/1069 1070/1070/1070 1071/1071/1071
f 1072/1072/1072 1073/1073/1073 1074/1074/1074
f 1075/1075/1075 1076/1076/1076 1077/1077/1077
f 1078/1078/1078 1079/1079/1079 1080/1080/1080
f 1081/1081/1081 1082/1082/1082 1083/1083/1083
f 1084/1084/1084 1085/1085/1085 1086/1086/1086
f 1087/1087/1087 1088/1088/1088 1089/1089/1089
f 1090/1090/1090 1091/1091/1091 1092/1092/1092
f 1093/1093/1093 1094/1094/1094 1095/1095/1095
f 1096/1096/1096 1097/1097/1097 1098/1098/1098
f 1099/1099/1099 1100/1100/1100 1101/1101/1101
f 1102/1102/1102 1103/1103/1103 1104/1104/1104
f 1105/1105/1105 1106/1106/1106 1107/1107/1107
f 1108/1108/1108 1109/1109/1109 1110/1110/1110
f 1111/1111/1111 1112/1112/1112 1113/1113/1113
f 1114/1114/1114 1115/1115/1115 1116/1116/1116
f 1117/1117/1117 1118/1118/1118 1119/1119/1119
f 1120/1120/1120 1121/1121/1121 1122/1122/1122
f 1123/1123/1123 1124/1124/1124 1125/1125/1125
f 1126/1126/1126 1127/1127/1127 1128/1128/1128
f 1129/1129/1129 1130/1130/1130 1131/1131/1131
f 1132/1132/1132 1133/1133/1133 1134/1134/1134
f 1135/1135/1135 1136/1136/1136 1137/1137/1137
f 1138/1138/1138 1139/1139/1139 1140/1140/1140
f 1141/1141/1141 1142/1142/1142 1143/1143/1143
f 1144/1144/1144 1145/1145/1145 1146/1146/1146
f 1147/1147/1147 1148/1148/1148 1149/1149/1149
f 1150/1150/1150 1151/1151/1151 1152/1152/1152
f 1153/1153/1153 1154/1154/1154 1155/1155/1155
f 1156/1156/1156 1157/1157/1157 1158/1158/1158
f 1159/1159/1159 1160/1160/1160 1161/1161/1161
f 1162/1162/1162 1163/1163/1163 1164/1164/1164
f 1165/1165/1165 1166/1166/1166 1167/1167/1167
f 1168/1168/1168 1169/1169/1169 1170/1170/1170
f 1171/1171/1171 1172/1172/1172 1173/1173/1173
f 1174/1174/1174 1175/1175/1175 1176/1176/1176
f 1177/1177/1177 1178/1178/1178 1179/1179/1179
f 1180/1180/1180 1181/1181/1181 1182/1182/1182
f 1183/1183/1183 1184/1184/1184 1185/1185/1185
f 1186/1186/1186 1187/1187/1187 1188/1188/1188
f 1189/1189/1189 1190/1190/1190 1191/1191/1191
f 1192/1192/1192 1193/1193/1193 1194/1194/1194
f 1195/1195/1195 1196/1196/1196 1197/1197/1197
f 1198/1198/1198 1199/1199/1199 1200/1200/1200
f 1201/1201/1201 1202/1202/1202 1203/1203/1203
f 1204/1204/1204 1205/1205/1205 1206/1206/1206
f 1207/1207/1207 1208/1208/1208 1209/1209/1209
f 1210/1210/1210 1211/1211/1211 1212/1212/1212
f 1213/1213/1213 1214/1214/1214 1215/1215/1215
f 1216/1216/1216 1217/1217/1217 1218/1218/1218
f 1219/1219/1219 1220/1220/1220 1221/1221/1221
f 1222/1222/1222 1223/1223/1223 1224/1224/1224
f 1225/1225/1225 1226/1226/1226 1227/1227/1227
f 1228/1228/1228 1229/1229/1229 1230/1230/1230
f 1231/1231/1231 1232/1232/1232 1233/1233/1233
f 1234/1234/1234 1235/1235/1235 1236/1236/1236
f 1237/1237/1237 1238/1238/1238 1239/1239/1239
f 1240/1240/1240 1241/1241/1241 1242/1242/1242
f 1243/1243/1243 1244/1244/1244 1245/1245/1245
f 1246/1246/1246 1247/1247/1247 1248/1248/1248
f 1249/1249/1249 1250/1250/1250 1251/1251/1251
f 1252/1252/1252 1253/1253/1253 1254/1254/1254
f 1255/1255/1255 1256/1256/1256 1257/1257/1257
f 1258/1258/1258 1259/1259/1259 1260/1260/1260
f 1261/1261/1261 1262/1262/1262 1263/1263/1263
f 1264/1264/1264 1265/1265/1265 1266/1266/1266
f 1267/1267/1267 1268/1268/1268 1269/1269/1269
f 1270/1270/1270 1271/1271/1271 1272/1272/1272
f 1273/1273/1273 1274/1274/1274 1275/1275/1275
f 1276/1276/1276 1277/1277/1277 1278/1278/1278
f 1279/1279/1279 1280/1280/1280 1281/1281/1281
f 1282/1282/1282 1283/1283/1283 1284/1284/1284
f 1285/1285/1285 1286/1286/1286 1287/1287/1287
f 1288/1288/1288 1289/1289/1289 1290/1290/1290
f 1291/1291/1291 1292/1292/1292 1293/1293/1293
f 1294/1294/1294 1295/1295/1295 1296/1296/1296
f 1297/1297/1297 1298/1298/1298 1299/1299/1299
f 1300/1300/1300 1301/1301/1301 1302/1302/1302
f 1303/1303/1303 1304/1304/1304 1305/1305/1305
f 1306/1306/1306 1307/1307/1307 1308/1308/1308
f 1309/1309/1309 1310/1310/1310 1311/1311/1311
f 1312/1312/1312 1313/1313/1313 1314/1314/1314
f 1315/1315/1315 1316/1316/1316 1317/1317/1317
f 1318/1318/1318 1319/1319/1319 1320/1320/1320
f 1321/1321/1321 1322/1322/1322 1323/1323/1323
f 1324/1324/1324 1325/1325/1325 1326/1326/1326
f 1327/1327/1327 1328/1328/1328 1329/1329/1329
f 1330/1330/1330 1331/1331/1331 1332/1332/1332
f 1333/1333/1333 1334/1334/1334 1335/1335/1335
f 1336/1336/1336 1337/1337/1337 1338/1338/1338
f 1339/1339/1339 1340/1340/1340 1341/1341/1341
f 1342/1342/1342 1343/1343/1343 1344/1344/1344
f 1345/1345/1345 1346/1346/1346 1347/1347/1347
f 1348/1348/1348 1349/1349/1349 1350/1350/1350
f 1351/1351/1351 1352/1352/1352 1353/1353/1353
f 1354/1354/1354 1355/1355/1355 1356/1356/1356
f 1357/1357/1357 1358/1358/1358 1359/1359/1359
f 1360/1360/1360 1361/1361/1361 1362/1362/1362
f 1363/1363/1363 1364/1364/1364 1365/1365/1365
f 1366/1366/1366 1367/1367/1367 1368/1368/1368
f 1369/1369/1369 1370/1370/1370 1371/1371/1371
f 1372/1372/1372 1373/1373/1373 1374/1374/1374
f 1375/1375/1375 1376/1376/1376 1377/1377/1377
f 1378/1378/1378 1379/1379/1379 1380/1380/1380
f 1381/1381/1381 1382/1382/1382 1383/1383/1383
f 1384/1384/1384 1385/1385/1385 1386/1386/1386
f 1387/1387/1387 1388/1388/1388 1389/1389/1389
f 1390/1390/1390 1391/1391/1391 1392/1392/1392
f 1393/1393/1393 1394/1394/1394 1395/1395/1395
f 1396/1396/1396 1397/1397/1397 1398/1398/1398
f 1399/1399/1399 1400/1400/1400 1401/1401/1401
f 1402/1402/1402 1403/1403/1403 1404/1404/1404
f 1405/1405/1405 1406/1406/1406 1407/1407/1407
f 1408/1408/1408 1409/1409/1409 1410/1410/1410
f 1411/1411/1411 1412/1412/1412 1413/1413/1413
f 1414/1414/1414 1415/1415/1415 1416/1416/1416
f 1417/1417/1417 1418/1418/1418 1419/1419/1419
f 1420/1420/1420 1421/1421/1421 1422/1422/1422
f 1423/1423/1423 1424/1424/1424 1425/1425/1425
f 1426/1426/1426 1427/1427/1427 1428/1428/1428
f 1429/1429/1429 1430/1430/1430 1431/1431/1431
f 1432/1432/1432 1433/1433/1433 1434/1434/1434
f 1435/1435/1435 1436/1436/1436 1437/1437/1437
f 1438/1438/1438 1439/1439/1439 1440/1440/1440
f 1441/1441/1441 1442/1442/1442 1443/1443/1443
f 1444/1444/1444 1445/1445/1445 1446/1446/1446
f 1447/1447/1447 1448/1448/1448 1449/1449/1449
f 1450/1450/1450 1451/1451/1451 1452/1452/1452
f 1453/1453/1453 1454/1454/1454 1455/1455/1455
f 1456/1456/1456 1457/1457/1457 1458/1458/1458
f 1459/1459/1459 1460/1460/1460 1461/1461/1461
f 1462/1462/1462 1463/1463/1463 1464/1464/1464
f 1465/1465/1465 1466/1466/1466 1467/1467/1467
f 1468/1468/1468 1469/1469/1469 1470/1470/1470
f 1471/1471/1471 1472/1472/1472 1473/1473/1473
f 1474/1474/1474 1475/1475/1475 1476/1476/1476
f 1477/1477/1477 1478/1478/1478 1479/1479/1479
f 1480/1480/1480 1481/1481/1481 1482/1482/1482
f 1483/1483/1483 1484/1484/1484 1485/1485/1485
f 1486/1486/1486 1487/1487/1487 1488/1488/1488
f 1489/1489/1489 1490/1490/1490 1491/1491/1491
f 1492/1492/1492 1493/1493/1493 1494/1494/1494
f 1495/1495/1495 1496/1496/1496 1497/1497/1497
f 1498/1498/1498 1499/1499/1499 1500/1500/1500
f 1501/1501/1501 1502/1502/1502 1503/1503/1503
f 1504/1504/1504 1505/1505/1505 1506/1506/1506
f 1507/1507/1507 1508/1508/1508 1509/1509/1509
f 1510/1510/1510 1511/1511/1511 1512/1512/1512
f 1513/1513/1513 1514/1514/1514 1515/1515/1515
f 1516/1516/1516 1517/1517/1517 1518/1518/1518
f 1519/1519/1519 1520/1520/1520 1521/1521/1521
f 1522/1522/1522 1523/1523/1523 1524/1524/1524
f 1525/1525/1525 1526/1526/1526 1527/1527/1527
f 1528/1528/1528 1529/1529/1529 1530/1530/1530
f 1531/1531/1531 1532/1532/1532 1533/1533/1533
f 1534/1534/1534 1535/1535/1535 1536/1536/1536
f 1537/1537/1537 1538/1538/1538 1539/1539/1539
f 1540/1540/1540 1541/1541/1541 1542/1542/1542
f 1543/1543/1543 1544/1544/1544 1545/1545/1545
f 1546/1546/1546 1547/1547/1547 1548/1548/1548
f 1549/1549/1549 1550/1550/1550 1551/1551/1551
f 1552/1552/1552 1553/1553/1553 1554/1554/1554
f 1555/1555/1555 1556/1556/1556 1557/1557/1557
f 1558/1558/1558 1559/1559/1559 1560/1560/1560
f 1561/1561/1561 1562/1562/1562 1563/1563/1563
f 1564/1564/1564 1565/1565/1565 1566/1566/1566
f 1567/1567/1567 1568/1568/1568 1569/1569/1569
f 1570/1570/1570 1571/1571/1571 1572/1572/1572
f 1573/1573/1573 1574/1574/1574 1575/1575/1575
f 1576/1576/1576 1577/1577/1577 1578/1578/1578
f 1579/1579/1579 1580/1580/1580 1581/1581/1581
f 1582/1582/1582 1583/1583/1583 1584/1584/1584
f 1585/1585/1585 1586/1586/1586 1587/1587/1587
f 1588/1588/1588 1589/1589/1589 1590/1590/1590
f 1591/1591/1591 1592/1592/1592 1593/1593/1593
f 1594/1594/1594 1595/1595/1595 1596/1596/1596
f 1597/1597/1597 1598/1598/1598 1599/1599/1599
f 1600/1600/1600 1601/1601/1601 1602/1602/1602
f 1603/1603/1603 1604/1604/1604 1605/1605/1605
f 1606/1606/1606 1607/1607/1607 1608/1608/1608
f 1609/1609/1609 1610/1610/1610 1611/1611/1611
f 1612/1612/1612 1613/1613/1613 1614/1614/1614
f 1615/1615/1615 1616/1616/1616 1617/1617/1617
f 1618/1618/1618 1619/1619/1619 1620/1620/1620
f 1621/1621/1621 1622/1622/1622 1623/1623/1623
f 1624/1624/1624 1625/1625/1625 1626/1626/1626
f 1627/1627/1627 1628/1628/1628 1629/1629/1629
f 1630/1630/1630 1631/1631/1631 1632/1632/1632
f 1633/1633/1633 1634/1634/1634 1635/1635/1635
f 1636/1636/1636 1637/1637/1637 1638/1638/1638
f 1639/1639/1639 1640/1640/1640 1641/1641/1641
f 1642/1642/1642 1643/1643/1643 1644/1644/1644
f 1645/1645/1645 1646/1646/1646 1647/1647/1647
f 1648/1648/1648 1649/1649/1649 1650/1650/1650
f 1651/1651/1651 1652/1652/1652 1653/1653/1653
f 1654/1654/1654 1655/1655/1655 1656/1656/1656
f 1657/1657/1657 1658/1658/1658 1659/1659/1659
f 1660/1660/1660 1661/1661/1661 1662/1662/1662
f 1663/1663/1663 1664/1664/1664 1665/1665/1665
f 1666/1666/1666 1667/1667/1667 1668/1668/1668
f 1669/1669/1669 1670/1670/1670 1671/1671/1671
f 1672/1672/1672 1673/1673/1673 1674/1674/1674
f 1675/1675/1675 1676/1676/1676 1677/1677/1677
f 1678/1678/1678 1679/1679/1679 1680/1680/1680
f 1681/1681/1681 1682/1682/1682 1683/1683/1683
f 1684/1684/1684 1685/1685/1685 1686/1686/1686
f 1687/1687/1687 1688/1688/1688 1689/1689/1689
f 1690/1690/1690 1691/1691/1691 1692/1692/1692
f 1693/1693/1693 1694/1694/1694 1695/1695/1695
f 1696/1696/1696 1697/1697/1697 1698/1698/1698
f 1699/1699/1699 1700/1700/1700 1701/1701/1701
f 1702/1702/1702 1703/1703/1703 1704/1704/1704
f 1705/1705/1705 1706/1706/1706 1707/1707/1707
f 1708/1708/1708 1709/1709/1709 1710/1710/1710
f 1711/1711/1711 1712/1712/1712 1713/1713/1713
f 1714/1714/1714 1715/1715/1715 1716/1716/1716
f 1717/1717/1717 1718/1718/1718 1719/1719/1719
f 1720/1720/1720 1721/1721/1721 1722/1722/1722
f 1723/1723/1723 1724/1724/1724 1725/1725/1725
f 1726/1726/1726 1727/1727/1727 1728/1728/1728
f 1729/1729/1729 1730/1730/1730 1731/1731/1731
f 1732/1732/1732 1733/1733/1733 1734/1734/1734
f 1735/1735/1735 1736/1736/1736 1737/1737/1737
f 1738/1738/1738 1739/1739/1739 1740/1740/1740
f 1741/1741/1741 1742/1742/1742 1743/1743/1743
f 1744/1744/1744 1745/1745/1745 1746/1746/1746
f 1747/1747/1747 1748/1748/1748 1749/1749/1749
f 1750/1750/1750 1751/1751/1751 1752/1752/1752
f 1753/1753/1753 1754/1754/1754 1755/1755/1755
f 1756/1756/1756 1757/1757/1757 1758/1758/1758
f 1759/1759/1759 1760/1760/1760 1761/1761/1761
f 1762/1762/1762 1763/1763/1763 1764/1764/1764
f 1765/1765/1765 1766/1766/1766 1767/1767/1767
f 1768/1768/1768 1769/1769/1769 1770/1770/1770
f 1771/1771/1771 1772/1772/1772 1773/1773/1773
f 1774/1774/1774 1775/1775/1775 1776/1776/1776
f 1777/1777/1777 1778/1778/1778 1779/1779/1779
f 1780/1780/1780 1781/1781/1781 1782/1782/1782
f 1783/1783/1783 1784/1784/1784 1785/1785/1785
f 1786/1786/1786 1787/1787/1787 1788/1788/1788
f 1789/1789/1789 1790/1790/1790 1791/1791/1791
f 1792/1792/1792 1793/1793/1793 1794/1794/1794
f 1795/1795/1795 1796/1796/1796 1797/1797/1797
f 1798/1798/1798 1799/1799/1799 1800/1800/1800
f 1801/1801/1801 1802/1802/1802 1803/1803/1803
f 1804/1804/1804 1805/1805/1805 1806/1806/1806
f 1807/1807/1807 1808/1808/1808 1809/1809/1809
f 1810/1810/1810 1811/1811/1811 1812/1812/1812
f 1813/1813/1813 1814/1814/1814 1815/1815/1815
f 1816/1816/1816 1817/1817/1817 1818/1818/1818
f 1819/1819/1819 1820/1820/1820 1821/1821/1821
f 1822/1822/1822 1823/1823/1823 1824/1824/1824
f 1825/1825/1825 1826/1826/1826 1827/1827/1827
f 1828/1828/1828 1829/1829/1829 1830/1830/1830
f 1831/1831/1831 1832/1832/1832 1833/1833/1833
f 1834/1834/1834 1835/1835/1835 1836/1836/1836
f 1837/1837/1837 1838/1838/1838 1839/1839/1839
f 1840/1840/1840 1841/1841/1841 1842/1842/1842
f 1843/1843/1843 1844/1844/1844 1845/1845/1845
f 1846/1846/1846 1847/1847/1847 1848/1848/1848
f 1849/1849/1849 1850/1850/1850 1851/1851/1851
f 1852/1852/1852 1853/1853/1853 1854/1854/1854
f 1855/1855/1855 1856/1856/1856 1857/1857/1857
f 1858/1858/1858 1859/1859/1859 1860/1860/1860
f 1861/1861/1861 1862/1862/1862 1863/1863/1863
f 1864/1864/1864 1865/1865/1865 1866/1866/1866
f 1867/1867/1867 1868/1868/1868 1869/1869/1869
f 1870/1870/1870 1871/1871/1871 1872/1872/1872
f 1873/1873/1873 1874/1874/1874 1875/1875/1875
f 1876/1876/1876 1877/1877/1877 1878/1878/1878
f 1879/1879/1879 1880/1880/1880 1881/1881/1881
f 1882/1882/1882 1883/1883/1883 1884/1884/1884
f 1885/1885/1885 1886/1886/1886 1887/1887/1887
f 1888/1888/1888 1889/1889/1889 1890/1890/1890
f 1891/1891/1891 1892/1892/1892 1893/1893/1893
f 1894/1894/1894 1895/1895/1895 1896/1896/1896
f 1897/1897/1897 1898/1898/1898 1899/1899/1899
f 1900/1900/1900 1901/1901/1901 1902/1902/1902
f 1903/1903/1903 1904/1904/1904 1905/1905/1905
f 1906/1906/1906 1907/1907/1907 1908/1908/1908
f 1909/1909/1909 1910/1910/1910 1911/1911/1911
f 1912/1912/1912 1913/1913/1913 1914/1914/1914
f 1915/1915/1915 1916/1916/1916 1917/1917/1917
f 1918/1918/1918 1919/1919/1919 1920/1920/1920
f 1921/1921/1921 1922/1922/1922 1923/1923/1923
f 1924/1924/1924 1925/1925/1925 1926/1926/1926
f 1927/1927/1927 1928/1928/1928 1929/1929/1929
f 1930/1930/1930 1931/1931/1931 1932/1932/1932
f 1933/1933/1933 1934/1934/1934 1935/1935/1935
f 1936/1936/1936 1937/1937/1937 1938/1938/1938
f 1939/1939/1939 1940/1940/1940 1941/1941/1941
f 1942/1942/1942 1943/1943/1943 1944/1944/1944
f 1945/1945/1945 1946/1946/1946 1947/1947/1947
f 1948/1948/1948 1949/1949/1949 1950/1950/1950
f 1951/1951/1951 1952/1952/1952 1953/1953/1953
f 1954/1954/1954 1955/1955/1955 1956/1956/1956
f 1957/1957/1957 1958/1958/1958 1959/1959/1959
f 1960/1960/1960 1961/1961/1961 1962/1962/1962
f 1963/1963/1963 1964/1964/1964 1965/1965/1965
f 1966/1966/1966 1967/1967/1967 1968/1968/1968
f 1969/1969/1969 1970/1970/1970 1971/1971/1971
f 1972/1972/1972 1973/1973/1973 1974/1974/1974
f 1975/1975/1975 1976/1976/1976 1977/1977/1977
f 1978/1978/1978 1979/1979/1979 1980/1980/1980
f 1981/1981/1981 1982/1982/1982 1983/1983/1983
f 1984/1984/1984 1985/1985/1985 1986/1986/1986
f 1987/1987/1987 1988/1988/1988 1989/1989/1989
f 1990/1990/1990 1991/1991/1991 1992/1992/1992
f 1993/1993/1993 1994/1994/1994 1995/1995/1995
f 1996/1996/1996 1997/1997/1997 1998/1998/1998
f 1999/1999/1999 2000/2000/2000 2001/2001/2001
f 2002/2002/2002 2003/2003/2003 2004/2004/2004
f 2005/2005/2005 2006/2006/2006 2007/2007/2007
f 2008/2008/2008 2009/2009/2009 2010/2010/2010
f 2011/2011/2011 2012/2012/2012 2013/2013/2013
f 2014/2014/2014 2015/2015/2015 2016/2016/2016
f 2017/2017/2017 2018/2018/2018 2019/2019/2019
f 2020/2020/2020 2021/2021/2021 2022/2022/2022
f 2023/2023/2023 2024/2024/2024 2025/2025/2025
f 2026/2026/2026 2027/2027/2027 2028/2028/2028
f 2029/2029/2029 2030/2030/2030 2031/2031/2031
f 2032/2032/2032 2033/2033/2033 2034/2034/2034
f 2035/2035/2035 2036/2036/2036 2037/2037/2037
f 2038/2038/2038 2039/2039/2039 2040/2040/2040
f 2041/2041/2041 2042/2042/2042 2043/2043/2043
f 2044/2044/2044 2045/2045/2045 2046/2046/2046
f 2047/2047/2047 2048/2048/2048 2049/2049/2049
f 2050/2050/2050 2051/2051/2051 2052/2052/2052
f 2053/2053/2053 2054/2054/2054 2055/2055/2055
f 2056/2056/2056 2057/2057/2057 2058/2058/2058
f 2059/2059/2059 2060/2060/2060 2061/2061/2061
f 2062/2062/2062 2063/2063/2063 2064/2064/2064
f 2065/2065/2065 2066/2066/2066 2067/2067/2067
f 2068/2068/2068 2069/2069/2069 2070/2070/2070
f 2071/2071/2071 2072/2072/2072 2073/2073/2073
f 2074/2074/2074 2075/2075/2075 2076/2076/2076
f 2077/2077/2077 2078/2078/2078 2079/2079/2079
f 2080/2080/2080 2081/2081/2081 2082/2082/2082
f 2083/2083/2083 2084/2084/2084 2085/2085/2085
f 2086/2086/2086 2087/2087/2087 2088/2088/2088
f 2089/2089/2089 2090/2090/2090 2091/2091/2091
f 2092/2092/2092 2093/2093/2093 2094/2094/2094
f 2095/2095/2095 2096/2096/2096 2097/2097/2097
f 2098/2098/2098 2099/2099/2099 2100/2100/2100
f 2101/2101/2101 2102/2102/2102 2103/2103/2103
f 2104/2104/2104 2105/2105/2105 2106/2106/2106
f 2107/2107/2107 2108/2108/2108 2109/2109/2109
f 2110/2110/2110 2111/2111/2111 2112/2112/2112
f 2113/2113/2113 2114/2114/2114 2115/2115/2115
f 2116/2116/2116 2117/2117/2117 2118/2118/2118
f 2119/2119/2119 2120/2120/2120 2121/2121/2121
f 2122/2122/2122 2123/2123/2123 2124/2124/2124
f 2125/2125/2125 2126/2126/2126 2127/2127/2127
f 2128/2128/2128 2129/2129/2129 2130/2130/2130
f 2131/2131/2131 2132/2132/2132 2133/2133/2133
f 2134/2134/2134 2135/2135/2135 2136/2136/2136
f 2137/2137/2137 2138/2138/2138 2139/2139/2139
f 2140/2140/2140 2141/2141/2141 2142/2142/2142
f 2143/2143/2143 2144/2144/2144 2145/2145/2145
f 2146/2146/2146 2147/2147/2147 2148/2148/2148
f 2149/2149/2149 2150/2150/2150 2151/2151/2151
f 2152/2152/2152 2153/2153/2153 2154/2154/2154
f 2155/2155/2155 2156/2156/2156 2157/2157/2157
f 2158/2158/2158 2159/2159/2159 2160/2160/2160
f 2161/2161/2161 2162/2162/2162 2163/2163/2163
f 2164/2164/2164 2165/2165/2165 2166/2166/2166
f 2167/2167/2167 2168/2168/2168 2169/2169/2169
f 2170/2170/2170 2171/2171/2171 2172/2172/2172
f 2173/2173/2173 2174/2174/2174 2175/2175/2175
f 2176/2176/2176 2177/2177/2177 2178/2178/2178
f 2179/2179/2179 2180/2180/2180 2181/2181/2181
f 2182/2182/2182 2183/2183/2183 2184/2184/2184
f 2185/2185/2185 2186/2186/2186 2187/2187/2187
f 2188/2188/2188 2189/2189/2189 2190/2190/2190
f 2191/2191/2191 2192/2192/2192 2193/2193/2193
f 2194/2194/2194 2195/2195/2195 2196/2196/2196
f 2197/2197/2197 2198/2198/2198 2199/2199/2199
f 2200/2200/2200 2201/2201/2201 2202/2202/2202
f 2203/2203/2203 2204/2204/2204 2205/2205/2205
f 2206/2206/2206 2207/2207/2207 2208/2208/2208
f 2209/2209/2209 2210/2210/2210 2211/2211/2211
f 2212/2212/2212 2213/2213/2213 2214/2214/2214
f 2215/2215/2215 2216/2216/2216 2217/2217/2217
f 2218/2218/2218 2219/2219/2219 2220/2220/2220
f 2221/2221/2221 2222/2222/2222 2223/2223/2223
f 2224/2224/2224 2225/2225/2225 2226/2226/2226
f 2227/2227/2227 2228/2228/2228 2229/2229/2229
f 2230/2230/2230 2231/2231/2231 2232/2232/2232
f 2233/2233/2233 2234/2234/2234 2235/2235/2235
f 2236/2236/2236 2237/2237/2237 2238/2238/2238
f 2239/2239/2239 2240/2240/2240 2241/2241/2241
f 2242/2242/2242 2243/2243/2243 2244/2244/2244
f 2245/2245/2245 2246/2246/2246 2247/2247/2247
f 2248/2248/2248 2249/2249/2249 2250/2250/2250
f 2251/2251/2251 2252/2252/2252 2253/2253/2253
f 2254/2254/2254 2255/2255/2255 2256/2256/2256
f 2257/2257/2257 2258/2258/2258 2259/2259/2259
f 2260/2260/2260 2261/2261/2261 2262/2262/2262
f 2263/2263/2263 2264/2264/2264 2265/2265/2265
f 2266/2266/2266 2267/2267/2267 2268/2268/2268
f 2269/2269/2269 2270/2270/2270 2271/2271/2271
f 2272/2272/2272 2273/2273/2273 2274/2274/2274
f 2275/2275/2275 2276/2276/2276 2277/2277/2277
f 2278/2278/2278 2279/2279/2279 2280/2280/2280
f 2281/2281/2281 2282/2282/2282 2283/2283/2283
f 2284/2284/2284 2285/2285/2285 2286/2286/2286
f 2287/2287/2287 2288/2288/2288 2289/2289/2289
f 2290/2290/2290 2291/2291/2291 2292/2292/2292
f 2293/2293/2293 2294/2294/2294 2295/2295/2295
f 2296/2296/2296 2297/2297/2297 2298/2298/2298
f 2299/2299/2299 2300/2300/2300 2301/2301/2301
f 2302/2302/2302 2303/2303/2303 2304/2304/2304
f 2305/2305/2305 2306/2306/2306 2307/2307/2307
f 2308/2308/2308 2309/2309/2309 2310/2310/2310
f 2311/2311/2311 2312/2312/2312 2313/2313/2313
f 2314/2314/2314 2315/2315/2315 2316/2316/2316
f 2317/2317/2317 2318/2318/2318 2319/2319/2319
f 2320/2320/2320 2321/2321/2321 2322/2322/2322
f 2323/2323/2323 2324/2324/2324 2325/2325/2325
f 2326/2326/2326 2327/2327/2327 2328/2328/2328
f 2329/2329/2329 2330/2330/2330 2331/2331/2331
f 2332/2332/2332 2333/2333/2333 2334/2334/2334
f 2335/2335/2335 2336/2336/2336 2337/2337/2337
f 2338/2338/2338 2339/2339/2339 2340/2340/2340
f 2341/2341/2341 2342/2342/2342 2343/2343/2343
f 2344/2344/2344 2345/2345/2345 2346/2346/2346
f 2347/2347/2347 2348/2348/2348 2349/2349/2349
f 2350/2350/2350 2351/2351/2351 2352/2352/2352
f 2353/2353/2353 2354/2354/2354 2355/2355/2355
f 2356/2356/2356 2357/2357/2357 2358/2358/2358
f 2359/2359/2359 2360/2360/2360 2361/2361/2361
f 2362/2362/2362 2363/2363/2363 2364/2364/2364
f 2365/2365/2365 2366/2366/2366 2367/2367/2367
f 2368/2368/2368 2369/2369/2369 2370/2370/2370
f 2371/2371/2371 2372/2372/2372 2373/2373/2373
f 2374/2374/2374 2375/2375/2375 2376/2376/2376
f 2377/2377/2377 2378/2378/2378 2379/2379/2379
f 2380/2380/2380 2381/2381/2381 2382/2382/2382
f 2383/2383/2383 2384/2384/2384 2385/2385/2385
f 2386/2386/2386 2387/2387/2387 2388/2388/2388
f 2389/2389/2389 2390/2390/2390 2391/2391/2391
f 2392/2392/2392 2393/2393/2393 2394/2394/2394
f 2395/2395/2395 2396/2396/2396 2397/2397/2397
f 2398/2398/2398 2399/2399/2399 2400/2400/2400
f 2401/2401/2401 2402/2402/2402 2403/2403/2403
f 2404/2404/2404 2405/2405/2405 2406/2406/2406
f 2407/2407/2407 2408/2408/2408 2409/2409/2409
f 2410/2410/2410 2411/2411/2411 2412/2412/2412
f 2413/2413/2413 2414/2414/2414 2415/2415/2415
f 2416/2416/2416 2417/2417/2417 2418/2418/2418
f 2419/2419/2419 2420/2420/2420 2421/2421/2421
f 2422/2422/2422 2423/2423/2423 2424/2424/2424
f 2425/2425/2425 2426/2426/2426 2427/2427/2427
f 2428/2428/2428 2429/2429/2429 2430/2430/2430
f 2431/2431/2431 2432/2432/2432 2433/2433/2433
f 2434/2434/2434 2435/2435/2435 2436/2436/2436
f 2437/2437/2437 2438/2438/2438 2439/2439/2439
f 2440/2440/2440 2441/2441/2441 2442/2442/2442
f 2443/2443/2443 2444/2444/2444 2445/2445/2445
f 2446/2446/2446 2447/2447/2447 2448/2448/2448
f 2449/2449/2449 2450/2450/2450 2451/2451/2451
f 2452/2452/2452 2453/2453/2453 2454/2454/2454
f 2455/2455/2455 2456/2456/2456 2457/2457/2457
f 2458/2458/2458 2459/2459/2459 2460/2460/2460
f 2461/2461/2461 2462/2462/2462 2463/2463/2463
f 2464/2464/2464 2465/2465/2465 2466/2466/2466
f 2467/2467/2467 2468/2468/2468 2469/2469/2469
f 2470/2470/2470 2471/2471/2471 2472/2472/2472
f 2473/2473/2473 2474/2474/2474 2475/2475/2475
f 2476/2476/2476 2477/2477/2477 2478/2478/2478
f 2479/2479/2479 2480/2480/2480 2481/2481/2481
f 2482/2482/2482 2483/2483/2483 2484/2484/2484
f 2485/2485/2485 2486/2486/2486 2487/2487/2487
f 2488/2488/2488 2489/2489/2489 2490/2490/2490
f 2491/2491/2491 2492/2492/2492 2493/2493/2493
f 2494/2494/2494 2495/2495/2495 2496/2496/2496
f 2497/2497/2497 2498/2498/2498 2499/2499/2499
f 2500/2500/2500 2501/2501/2501 2502/2502/2502
f 2503/2503/2503 2504/2504/2504 2505/2505/2505
f 2506/2506/2506 2507/2507/2507 2508/2508/2508
f 2509/2509/2509 2510/2510/2510 2511/2511/2511
f 2512/2512/2512 2513/2513/2513 2514/2514/2514
f 2515/2515/2515 2516/2516/2516 2517/2517/2517
f 2518/2518/2518 2519/2519/2519 2520/2520/2520
f 2521/2521/2521 2522/2522/2522 2523/2523/2523
f 2524/2524/2524 2525/2525/2525 2526/2526/2526
f 2527/2527/2527 2528/2528/2528 2529/2529/2529
f 2530/2530/2530 2531/2531/2531 2532/2532/2532
f 2533/2533/2533 2534/2534/2534 2535/2535/2535
f 2536/2536/2536 2537/2537/2537 2538/2538/2538
f 2539/2539/2539 2540/2540/2540 2541/2541/2541
f 2542/2542/2542 2543/2543/2543 2544/2544/2544
f 2545/2545/2545 2546/2546/2546 2547/2547/2547
f 2548/2548/2548 2549/2549/2549 2550/2550/2550
f 2551/2551/2551 2552/2552/2552 2553/2553/2553
f 2554/2554/2554 2555/2555/2555 2556/2556/2556
f 2557/2557/2557 2558/2558/2558 2559/2559/2559
f 2560/2560/2560 2561/2561/2561 2562/2562/2562
f 2563/2563/2563 2564/2564/2564 2565/2565/2565
f 2566/2566/2566 2567/2567/2567 2568/2568/2568
f 2569/2569/2569 2570/2570/2570 2571/2571/2571
f 2572/2572/2572 2573/2573/2573 2574/2574/2574
f 2575/2575/2575 2576/2576/2576 2577/2577/2577
f 2578/2578/2578 2579/2579/2579 2580/2580/2580
f 2581/2581/2581 2582/2582/2582 2583/2583/2583
f 2584/2584/2584 2585/2585/2585 2586/2586/2586
f 2587/2587/2587 2588/2588/2588 2589/2589/2589
f 2590/2590/2590 2591/2591/2591 2592/2592/2592
f 2593/2593/2593 2594/2594/2594 2595/2595/2595
f 2596/2596/2596 2597/2597/2597 2598/2598/2598
f 2599/2599/2599 2600/2600/2600 2601/2601/2601
f 2602/2602/2602 2603/2603/2603 2604/2604/2604
f 2605/2605/2605 2606/2606/2606 2607/2607/2607
f 2608/2608/2608 2609/2609/2609 2610/2610/2610
f 2611/2611/2611 2612/2612/2612 2613/2613/2613
f 2614/2614/2614 2615/2615/2615 2616/2616/2616
f 2617/2617/2617 2618/2618/2618 2619/2619/2619
f 2620/2620/2620 2621/2621/2621 2622/2622/2622
f 2623/2623/2623 2624/2624/2624 2625/2625/2625
f 2626/2626/2626 2627/2627/2627 2628/2628/2628
f 2629/2629/2629 2630/2630/2630 2631/2631/2631
f 2632/2632/2632 2633/2633/2633 2634/2634/2634
f 2635/2635/2635 2636/2636/2636 2637/2637/2637
f 2638/2638/2638 2639/2639/2639 2640/2640/2640
f 2641/2641/2641 2642/2642/2642 2643/2643/2643
f 2644/2644/2644 2645/2645/2645 2646/2646/2646
f 2647/2647/2647 2648/2648/2648 2649/2649/2649
f 2650/2650/2650 2651/2651/2651 2652/2652/2652
f 2653/2653/2653 2654/2654/2654 2655/2655/2655
f 2656/2656/2656 2657/2657/2657 2658/2658/2658
f 2659/2659/2659 2660/2660/2660 2661/2661/2661
f 2662/2662/2662 2663/2663/2663 2664/2664/2664
f 2665/2665/2665 2666/2666/2666 2667/2667/2667
f 2668/2668/2668 2669/2669/2669 2670/2670/2670
f 2671/2671/2671 2672/2672/2672 2673/2673/2673
f 2674/2674/2674 2675/2675/2675 2676/2676/2676
f 2677/2677/2677 2678/2678/2678 2679/2679/2679
f 2680/2680/2680 2681/2681/2681 2682/2682/2682
f 2683/2683/2683 2684/2684/2684 2685/2685/2685
f 2686/2686/2686 2687/2687/2687 2688/2688/2688
f 2689/2689/2689 2690/2690/2690 2691/2691/2691
f 2692/2692/2692 2693/2693/2693 2694/2694/2694
f 2695/2695/2695 2696/2696/2696 2697/2697/2697
f 2698/2698/2698 2699/2699/2699 2700/2700/2700
f 2701/2701/2701 2702/2702/2702 2703/2703/2703
f 2704/2704/2704 2705/2705/2705 2706/2706/2706
f 2707/2707/2707 2708/2708/2708 2709/2709/2709
f 2710/2710/2710 2711/2711/2711 2712/2712/2712
f 2713/2713/2713 2714/2714/2714 2715/2715/2715
f 2716/2716/2716 2717/2717/2717 2718/2718/2718
f 2719/2719/2719 2720/2720/2720 2721/2721/2721
f 2722/2722/2722 2723/2723/2723 2724/2724/2724
f 2725/2725/2725 2726/2726/2726 2727/2727/2727
f 2728/2728/2728 2729/2729/2729 2730/2730/2730
f 2731/2731/2731 2732/2732/2732 2733/2733/2733
f 2734/2734/2734 2735/2735/2735 2736/2736/2736
f 2737/2737/2737 2738/2738/2738 2739/2739/2739
f 2740/2740/2740 2741/2741/2741 2742/2742/2742
f 2743/2743/2743 2744/2744/2744 2745/2745/2745
f 2746/2746/2746 2747/2747/2747 2748/2748/2748
f 2749/2749/2749 2750/2750/2750 2751/2751/2751
f 2752/2752/2752 2753/2753/2753 2754/2754/2754
f 2755/2755/2755 2756/2756/2756 2757/2757/2757
f 2758/2758/2758 2759/2759/2759 2760/2760/2760
f 2761/2761/2761 2762/2762/2762 2763/2763/2763
f 2764/2764/2764 2765/2765/2765 2766/2766/2766
f 2767/2767/2767 2768/2768/2768 2769/2769/2769
f 2770/2770/2770 2771/2771/2771 2772/2772/2772
f 2773/2773/2773 2774/2774/2774 2775/2775/2775
f 2776/2776/2776 2777/2777/2777 2778/2778/2778
f 2779/2779/2779 2780/2780/2780 2781/2781/2781
f 2782/2782/2782 2783/2783/2783 2784/2784/2784
f 2785/2785/2785 2786/2786/2786 2787/2787/2787
f 2788/2788/2788 2789/2789/2789 2790/2790/2790
f 2791/2791/2791 2792/2792/2792 2793/2793/2793
f 2794/2794/2794 2795/2795/2795 2796/2796/2796
f 2797/2797/2797 2798/2798/2798 2799/2799/2799
f 2800/2800/2800 2801/2801/2801 2802/2802/2802
f 2803/2803/2803 2804/2804/2804 2805/2805/2805
f 2806/2806/2806 2807/2807/2807 2808/2808/2808
f 2809/2809/2809 2810/2810/2810 2811/2811/2811
f 2812/2812/2812 2813/2813/2813 2814/2814/2814
f 2815/2815/2815 2816/2816/2816 2817/2817/2817
f 2818/2818/2818 2819/2819/2819 2820/2820/2820
f 2821/2821/2821 2822/2822/2822 2823/2823/2823
f 2824/2824/2824 2825/2825/2825 2826/2826/2826
f 2827/2827/2827 2828/2828/2828 2829/2829/2829
f 2830/2830/2830 2831/2831/2831 2832/2832/2832
f 2833/2833/2833 2834/2834/2834 2835/2835/2835
f 2836/2836/2836 2837/2837/2837 2838/2838/2838
f 2839/2839/2839 2840/2840/2840 2841/2841/2841
f 2842/2842/2842 2843/2843/2843 2844/2844/2844
f 2845/2845/2845 2846/2846/2846 2847/2847/2847
f 2848/2848/2848 2849/2849/2849 2850/2850/2850
f 2851/2851/2851 2852/2852/2852 2853/2853/2853
f 2854/2854/2854 2855/2855/2855 2856/2856/2856
f 2857/2857/2857 2858/2858/2858 2859/2859/2859
f 2860/2860/2860 2861/2861/2861 2862/2862/2862
f 2863/2863/2863 2864/2864/2864 2865/2865/2865
f 2866/2866/2866 2867/2867/2867 2868/2868/2868
f 2869/2869/2869 2870/2870/2870 2871/2871/2871
f 2872/2872/2872 2873/2873/2873 2874/2874/2874
f 2875/2875/2875 2876/2876/2876 2877/2877/2877
f 2878/2878/2878 2879/2879/2879 2880/2880/2880
f 2881/2881/2881 2882/2882/2882 2883/2883/2883
f 2884/2884/2884 2885/2885/2885 2886/2886/2886
f 2887/2887/2887 2888/2888/2888 2889/2889/2889
f 2890/2890/2890 2891/2891/2891 2892/2892/2892
f 2893/2893/2893 2894/2894/2894 2895/2895/2895
f 2896/2896/2896 2897/2897/2897 2898/2898/2898
f 2899/2899/2899 2900/2900/2900 2901/2901/2901
f 2902/2902/2902 2903/2903/2903 2904/2904/2904
f 2905/2905/2905 2906/2906/2906 2907/2907/2907
f 2908/2908/2908 2909/2909/2909 2910/2910/2910
f 2911/2911/2911 2912/2912/2912 2913/2913/2913
f 2914/2914/2914 2915/2915/2915 2916/2916/2916
f 2917/2917/2917 2918/2918/2918 2919/2919/2919
f 2920/2920/2920 2921/2921/2921 2922/2922/2922
f 2923/2923/2923 2924/2924/2924 2925/2925/2925
f 2926/2926/2926 2927/2927/2927 2928/2928/2928
f 2929/2929/2929 2930/2930/2930 2931/2931/2931
f 2932/2932/2932 2933/2933/2933 2934/2934/2934
f 2935/2935/2935 2936/2936/2936 2937/2937/2937
f 2938/2938/2938 2939/2939/2939 2940/2940/2940
f 2941/2941/2941 2942/2942/2942 2943/2943/2943
f 2944/2944/2944 2945/2945/2945 2946/2946/2946
f 2947/2947/2947 2948/2948/2948 2949/2949/2949
f 2950/2950/2950 2951/2951/2951 2952/2952/2952
f 2953/2953/2953 2954/2954/2954 2955/2955/2955
f 2956/2956/2956 2957/2957/2957 2958/2958/2958
f 2959/2959/2959 2960/2960/2960 2961/2961/2961
f 2962/2962/2962 2963/2963/2963 2964/2964/2964
f 2965/2965/2965 2966/2966/2966 2967/2967/2967
f 2968/2968/2968 2969/2969/2969 2970/2970/2970
f 2971/2971/2971 2972/2972/2972 2973/2973/2973
f 2974/2974/2974 2975/2975/2975 2976/2976/2976
f 2977/2977/2977 2978/2978/2978 2979/2979/2979
f 2980/2980/2980 2981/2981/2981 2982/2982/2982
f 2983/2983/2983 2984/2984/2984 2985/2985/2985
f 2986/2986/2986 2987/2987/2987 2988/2988/2988
f 2989/2989/2989 2990/2990/2990 2991/2991/2991
f 2992/2992/2992 2993/2993/2993 2994/2994/2994
f 2995/2995/2995 2996/2996/2996 2997/2997/2997
f 2998/2998/2998 2999/2999/2999 3000/3000/3000
f 3001/3001/3001 3002/3002/3002 3003/3003/3003
f 3004/3004/3004 3005/3005/3005 3006/3006/3006
f 3007/3007/3007 3008/3008/3008 3009/3009/3009
f 3010/3010/3010 3011/3011/3011 3012/3012/3012
f 3013/3013/3013 3014/3014/3014 3015/3015/3015
f 3016/3016/3016 3017/3017/3017 3018/3018/3018
f 3019/3019/3019 3020/3020/3020 3021/3021/3021
f 3022/3022/3022 3023/3023/3023 3024/3024/3024
f 3025/3025/3025 3026/3026/3026 3027/3027/3027
f 3028/3028/3028 3029/3029/3029 3030/3030/3030
f 3031/3031/3031 3032/3032/3032 3033/3033/3033
f 3034/3034/3034 3035/3035/3035 3036/3036/3036
f 3037/3037/3037 3038/3038/3038 3039/3039/3039
f 3040/3040/3040 3041/3041/3041 3042/3042/3042
f 3043/3043/3043 3044/3044/3044 3045/3045/3045
f 3046/3046/3046 3047/3047/3047 3048/3048/3048
f 3049/3049/3049 3050/3050/3050 3051/3051/3051
f 3052/3052/3052 3053/3053/3053 3054/3054/3054
f 3055/3055/3055 3056/3056/3056 3057/3057/3057
f 3058/3058/3058 3059/3059/3059 3060/3060/3060
f 3061/3061/3061 3062/3062/3062 3063/3063/3063
f 3064/3064/3064 3065/3065/3065 3066/3066/3066
f 3067/3067/3067 3068/3068/3068 3069/3069/3069
f 3070/3070/3070 3071/3071/3071 3072/3072/3072
f 3073/3073/3073 3074/3074/3074 3075/3075/3075
f 3076/3076/3076 3077/3077/3077 3078/3078/3078
f 3079/3079/3079 3080/3080/3080 3081/3081/3081
f 3082/3082/3082 3083/3083/3083 3084/3084/3084
f 3085/3085/3085 3086/3086/3086 3087/3087/3087
f 3088/3088/3088 3089/3089/3089 3090/3090/3090
f 3091/3091/3091 3092/3092/3092 3093/3093/3093
f 3094/3094/3094 3095/3095/3095 3096/3096/3096
f 3097/3097/3097 3098/3098/3098 3099/3099/3099
f 3100/3100/3100 3101/3101/3101 3102/3102/3102
f 3103/3103/3103 3104/3104/3104 3105/3105/3105
f 3106/3106/3106 3107/3107/3107 3108/3108/3108
f 3109/3109/3109 3110/3110/3110 3111/3111/3111
f 3112/3112/3112 3113/3113/3113 3114/3114/3114
f 3115/3115/3115 3116/3116/3116 3117/3117/3117
f 3118/3118/3118 3119/3119/3119 3120/3120/3120
f 3121/3121/3121 3122/3122/3122 3123/3123/3123
f 3124/3124/3124 3125/3125/3125 3126/3126/3126
f 3127/3127/3127 3128/3128/3128 3129/3129/3129
f 3130/3130/3130 3131/3131/3131 3132/3132/3132
f 3133/3133/3133 3134/3134/3134 3135/3135/3135
f 3136/3136/3136 3137/3137/3137 3138/3138/3138
f 3139/3139/3139 3140/3140/3140 3141/3141/3141
f 3142/3142/3142 3143/3143/3143 3144/3144/3144
f 3145/3145/3145 3146/3146/3146 3147/3147/3147
f 3148/3148/3148 3149/3149/3149 3150/3150/3150
f 3151/3151/3151 3152/3152/3152 3153/3153/3153
f 3154/3154/3154 3155/3155/3155 3156/3156/3156
f 3157/3157/3157 3158/3158/3158 3159/3159/3159
f 3160/3160/3160 3161/3161/3161 3162/3162/3162
f 3163/3163/3163 3164/3164/3164 3165/3165/3165
f 3166/3166/3166 3167/3167/3167 3168/3168/3168
f 3169/3169/3169 3170/3170/3170 3171/3171/3171
f 3172/3172/3172 3173/3173/3173 3174/3174/3174
f 3175/3175/3175 3176/3176/3176 3177/3177/3177
f 3178/3178/3178 3179/3179/3179 3180/3180/3180
f 3181/3181/3181 3182/3182/3182 3183/3183/3183
f 3184/3184/3184 3185/3185/3185 3186/3186/3186
f 3187/3187/3187 3188/3188/3188 3189/3189/3189
f 3190/3190/3190 3191/3191/3191 3192/3192/3192
f 3193/3193/3193 3194/3194/3194 3195/3195/3195
f 3196/3196/3196 3197/3197/3197 3198/3198/3198
f 3199/3199/3199 3200/3200/3200 3201/3201/3201
f 3202/3202/3202 3203/3203/3203 3204/3204/3204
f 3205/3205/3205 3206/3206/3206 3207/3207/3207
f 3208/3208/3208 3209/3209/3209 3210/3210/3210
f 3211/3211/3211 3212/3212/3212 3213/3213/3213
f 3214/3214/3214 3215/3215/3215 3216/3216/3216
f 3217/3217/3217 3218/3218/3218 3219/3219/3219
f 3220/3220/3220 3221/3221/3221 3222/3222/3222
f 3223/3223/3223 3224/3224/3224 3225/3225/3225
f 3226/3226/3226 3227/3227/3227 3228/3228/3228
f 3229/3229/3229 3230/3230/3230 3231/3231/3231
f 3232/3232/3232 3233/3233/3233 3234/3234/3234
f 3235/3235/3235 3236/3236/3236 3237/3237/3237
f 3238/3238/3238 3239/3239/3239 3240/3240/3240
f 3241/3241/3241 3242/3242/3242 3243/3243/3243
f 3244/3244/3244 3245/3245/3245 3246/3246/3246
f 3247/3247/3247 3248/3248/3248 3249/3249/3249
f 3250/3250/3250 3251/3251/3251 3252/3252/3252
f 3253/3253/3253 3254/3254/3254 3255/3255/3255
f 3256/3256/3256 3257/3257/3257 3258/3258/3258
f 3259/3259/3259 3260/3260/3260 3261/3261/3261
f 3262/3262/3262 3263/3263/3263 3264/3264/3264
f 3265/3265/3265 3266/3266/3266 3267/3267/3267
f 3268/3268/3268 3269/3269/3269 3270/3270/3270
f 3271/3271/3271 3272/3272/3272 3273/3273/3273
f 3274/3274/3274 3275/3275/3275 3276/3276/3276
f 3277/3277/3277 3278/3278/3278 3279/3279/3279
f 3280/3280/3280 3281/3281/3281 3282/3282/3282
f 3283/3283/3283 3284/3284/3284 3285/3285/3285
f 3286/3286/3286 3287/3287/3287 3288/3288/3288
f 3289/3289/3289 3290/3290/3290 3291/3291/3291
f 3292/3292/3292 3293/3293/3293 3294/3294/3294
f 3295/3295/3295 3296/3296/3296 3297/3297/3297
f 3298/3298/3298 3299/3299/3299 3300/3300/3300
f 3301/3301/3301 3302/3302/3302 3303/3303/3303
f 3304/3304/3304 3305/3305/3305 3306/3306/3306
f 3307/3307/3307 3308/3308/3308 3309/3309/3309
f 3310/3310/3310 3311/3311/3311 3312/3312/3312
f 3313/3313/3313 3314/3314/3314 3315/3315/3315
f 3316/3316/3316 3317/3317/3317 3318/3318/3318
f 3319/3319/3319 3320/3320/3320 3321/3321/3321
f 3322/3322/3322 3323/3323/3323 3324/3324/3324
f 3325/3325/3325 3326/3326/3326 3327/3327/3327
f 3328/3328/3328 3329/3329/3329 3330/3330/3330
f 3331/3331/3331 3332/3332/3332 3333/3333/3333
f 3334/3334/3334 3335/3335/3335 3336/3336/3336
f 3337/3337/3337 3338/3338/3338 3339/3339/3339
f 3340/3340/3340 3341/3341/3341 3342/3342/3342
f 3343/3343/3343 3344/3344/3344 3345/3345/3345
f 3346/3346/3346 3347/3347/3347 3348/3348/3348
f 3349/3349/3349 3350/3350/3350 3351/3351/3351
f 3352/3352/3352 3353/3353/3353 3354/3354/3354
f 3355/3355/3355 3356/3356/3356 3357/3357/3357
f 3358/3358/3358 3359/3359/3359 3360/3360/3360
f 3361/3361/3361 3362/3362/3362 3363/3363/3363
f 3364/3364/3364 3365/3365/3365 3366/3366/3366
f 3367/3367/3367 3368/3368/3368 3369/3369/3369
f 3370/3370/3370 3371/3371/3371 3372/3372/3372
f 3373/3373/3373 3374/3374/3374 3375/3375/3375
f 3376/3376/3376 3377/3377/3377 3378/3378/3378
f 3379/3379/3379 3380/3380/3380 3381/3381/3381
f 3382/3382/3382 3383/3383/3383 3384/3384/3384
f 3385/3385/3385 3386/3386/3386 3387/3387/3387
f 3388/3388/3388 3389/3389/3389 3390/3390/3390
f 3391/3391/3391 3392/3392/3392 3393/3393/3393
f 3394/3394/3394 3395/3395/3395 3396/3396/3396
f 3397/3397/3397 3398/3398/3398 3399/3399/3399
f 3400/3400/3400 3401/3401/3401 3402/3402/3402
f 3403/3403/3403 3404/3404/3404 3405/3405/3405
f 3406/3406/3406 3407/3407/3407 3408/3408/3408
f 3409/3409/3409 3410/3410/3410 3411/3411/3411
f 3412/3412/3412 3413/3413/3413 3414/3414/3414
f 3415/3415/3415 3416/3416/3416 3417/3417/3417
f 3418/3418/3418 3419/3419/3419 3420/3420/3420
f 3421/3421/3421 3422/3422/3422 3423/3423/3423
f 3424/3424/3424 3425/3425/3425 3426/3426/3426
f 3427/3427/3427 3428/3428/3428 3429/3429/3429
f 3430/3430/3430 3431/3431/3431 3432/3432/3432
f 3433/3433/3433 3434/3434/3434 3435/3435/3435
f 3436/3436/3436 3437/3437/3437 3438/3438/3438
f 3439/3439/3439 3440/3440/3440 3441/3441/3441
f 3442/3442/3442 3443/3443/3443 3444/3444/3444
f 3445/3445/3445 3446/3446/3446 3447/3447/3447
f 3448/3448/3448 3449/3449/3449 3450/3450/3450
f 3451/3451/3451 3452/3452/3452 3453/3453/3453
f 3454/3454/3454 3455/3455/3455 3456/3456/3456
f 3457/3457/3457 3458/3458/3458 3459/3459/3459
f 3460/3460/3460 3461/3461/3461 3462/3462/3462
f 3463/3463/3463 3464/3464/3464 3465/3465/3465
f 3466/3466/3466 3467/3467/3467 3468/3468/3468
f 3469/3469/3469 3470/3470/3470 3471/3471/3471
f 3472/3472/3472 3473/3473/3473 3474/3474/3474
f 3475/3475/3475 3476/3476/3476 3477/3477/3477
f 3478/3478/3478 3479/3479/3479 3480/3480/3480
f 3481/3481/3481 3482/3482/3482 3483/3483/3483
f 3484/3484/3484 3485/3485/3485 3486/3486/3486
f 3487/3487/3487 3488/3488/3488 3489/3489/3489
f 3490/3490/3490 3491/3491/3491 3492/3492/3492
f 3493/3493/3493 3494/3494/3494 3495/3495/3495
f 3496/3496/3496 3497/3497/3497 3498/3498/3498
f 3499/3499/3499 3500/3500/3500 3501/3501/3501
f 3502/3502/3502 3503/3503/3503 3504/3504/3504
f 3505/3505/3505 3506/3506/3506 3507/3507/3507
f 3508/3508/3508 3509/3509/3509 3510/3510/3510
f 3511/3511/3511 3512/3512/3512 3513/3513/3513
f 3514/3514/3514 3515/3515/3515 3516/3516/3516
f 3517/3517/3517 3518/3518/3518 3519/3519/3519
f 3520/3520/3520 3521/3521/3521 3522/3522/3522
f 3523/3523/3523 3524/3524/3524 3525/3525/3525
f 3526/3526/3526 3527/3527/3527 3528/3528/3528
f 3529/3529/3529 3530/3530/3530 3531/3531/3531
f 3532/3532/3532 3533/3533/3533 3534/3534/3534
f 3535/3535/3535 3536/3536/3536 3537/3537/3537
f 3538/3538/3538 3539/3539/3539 3540/3540/3540
f 3541/3541/3541 3542/3542/3542 3543/3543/3543
f 3544/3544/3544 3545/3545/3545 3546/3546/3546
f 3547/3547/3547 3548/3548/3548 3549/3549/3549
f 3550/3550/3550 3551/3551/3551 3552/3552/3552
f 3553/3553/3553 3554/3554/3554 3555/3555/3555
f 3556/3556/3556 3557/3557/3557 3558/3558/3558
f 3559/3559/3559 3560/3560/3560 3561/3561/3561
f 3562/3562/3562 3563/3563/3563 3564/3564/3564
f 3565/3565/3565 3566/3566/3566 3567/3567/3567
f 3568/3568/3568 3569/3569/3569 3570/3570/3570
f 3571/3571/3571 3572/3572/3572 3573/3573/3573
f 3574/3574/3574 3575/3575/3575 3576/3576/3576
f 3577/3577/3577 3578/3578/3578 3579/3579/3579
f 3580/3580/3580 3581/3581/3581 3582/3582/3582
f 3583/3583/3583 3584/3584/3584 3585/3585/3585
f 3586/3586/3586 3587/3587/3587 3588/3588/3588
f 3589/3589/3589 3590/3590/3590 3591/3591/3591
f 3592/3592/3592 3593/3593/3593 3594/3594/3594
f 3595/3595/3595 3596/3596/3596 3597/3597/3597
f 3598/3598/3598 3599/3599/3599 3600/3600/3600
f 3601/3601/3601 3602/3602/3602 3603/3603/3603
f 3604/3604/3604 3605/3605/3605 3606/3606/3606
f 3607/3607/3607 3608/3608/3608 3609/3609/3609
f 3610/3610/3610 3611/3611/3611 3612/3612/3612
f 3613/3613/3613 3614/3614/3614 3615/3615/3615
f 3616/3616/3616 3617/3617/3617 3618/3618/3618
f 3619/3619/3619 3620/3620/3620 3621/3621/3621
f 3622/3622/3622 3623/3623/3623 3624/3624/3624
f 3625/3625/3625 3626/3626/3626 3627/3627/3627
f 3628/3628/3628 3629/3629/3629 3630/3630/3630
f 3631/3631/3631 3632/3632/3632 3633/3633/3633
f 3634/3634/3634 3635/3635/3635 3636/3636/3636
f 3637/3637/3637 3638/3638/3638 3639/3639/3639
f 3640/3640/3640 3641/3641/3641 3642/3642/3642
f 3643/3643/3643 3644/3644/3644 3645/3645/3645
f 3646/3646/3646 3647/3647/3647 3648/3648/3648
f 3649/3649/3649 3650/3650/3650 3651/3651/3651
f 3652/3652/3652 3653/3653/3653 3654/3654/3654
f 3655/3655/3655 3656/3656/3656 3657/3657/3657
f 3658/3658/3658 3659/3659/3659 3660/3660/3660
f 3661/3661/3661 3662/3662/3662 3663/3663/3663
f 3664/3664/3664 3665/3665/3665 3666/3666/3666
f 3667/3667/3667 3668/3668/3668 3669/3669/3669
f 3670/3670/3670 3671/3671/3671 3672/3672/3672
f 3673/3673/3673 3674/3674/3674 3675/3675/3675
f 3676/3676/3676 3677/3677/3677 3678/3678/3678
f 3679/3679/3679 3680/3680/3680 3681/3681/3681
f 3682/3682/3682 3683/3683/3683 3684/3684/3684
f 3685/3685/3685 3686/3686/3686 3687/3687/3687
f 3688/3688/3688 3689/3689/3689 3690/3690/3690
f 3691/3691/3691 3692/3692/3692 3693/3693/3693
f 3694/3694/3694 3695/3695/3695 3696/3696/3696
f 3697/3697/3697 3698/3698/3698 3699/3699/3699
f 3700/3700/3700 3701/3701/3701 3702/3702/3702
f 3703/3703/3703 3704/3704/3704 3705/3705/3705
f 3706/3706/3706 3707/3707/3707 3708/3708/3708
f 3709/3709/3709 3710/3710/3710 3711/3711/3711
f 3712/3712/3712 3713/3713/3713 3714/3714/3714
f 3715/3715/3715 3716/3716/3716 3717/3717/3717
f 3718/3718/3718 3719/3719/3719 3720/3720/3720
